LATITUDE,LONGITUDE,STATION_ID
39.38333332511905,-123.15833333339273,1
39.38333332511447,-123.15000000008254,2
39.383333325115814,-123.14166666670972,3
39.374999991805524,-123.24166666677438,4
39.374999991818115,-123.23333333335688,5
39.37499999181812,-123.15833333337416,6
39.374999991814924,-123.15000000008817,7
39.3749999918293,-123.14166666673039,8
39.37499999182279,-123.13333333339381,9
39.3666666585632,-123.24166666678987,10
39.366666658569976,-123.2333333333738,11
39.36666665855734,-123.22500000008384,12
39.36666665855187,-123.20000000006969,13
39.366666658548986,-123.19166666677404,14
39.36666665855141,-123.18333333340114,15
39.36666665856297,-123.17500000009697,16
39.366666658554855,-123.16666666672808,17
39.36666665855449,-123.15833333337449,18
39.36666665857033,-123.15000000010897,19
39.36666665855932,-123.14166666671517,20
39.36666665856304,-123.1333333334044,21
39.366666658556944,-123.12500000008099,22
39.36666665854966,-123.11666666674772,23
39.36666665856399,-123.1083333334179,24
39.35833332519296,-123.24166666677323,25
39.35833332518369,-123.23333333338627,26
39.35833332519058,-123.22500000006175,27
39.3583333251846,-123.21666666676906,28
39.358333325193286,-123.208333333378,29
39.35833332520662,-123.20000000006986,30
39.358333325195524,-123.19166666675048,31
39.358333325187516,-123.18333333341535,32
39.358333325181796,-123.17500000009251,33
39.35833332518707,-123.1666666667277,34
39.358333325183715,-123.15833333336865,35
39.35833332517553,-123.15000000012763,36
39.35833332518534,-123.1416666666945,37
39.35833332517935,-123.13333333342126,38
39.358333325185,-123.12500000006335,39
39.358333325182585,-123.11666666674914,40
39.35833332517123,-123.10833333342141,41
39.358333325178315,-123.10000000004962,42
39.35833332518414,-123.09166666680149,43
39.34999999187085,-123.36666666670361,44
39.34999999187232,-123.35833333342384,45
39.34999999187408,-123.25000000006715,46
39.34999999187121,-123.24166666676244,47
39.34999999186884,-123.23333333337759,48
39.34999999186159,-123.22500000006984,49
39.34999999186751,-123.21666666676086,50
39.34999999186708,-123.2083333334,51
39.349999991859534,-123.20000000005753,52
39.34999999187238,-123.19166666676576,53
39.34999999186729,-123.18333333337816,54
39.3499999918576,-123.17500000010394,55
39.349999991861274,-123.16666666673127,56
39.34999999187287,-123.15833333337889,57
39.34999999188228,-123.15000000011943,58
39.349999991874505,-123.14166666670612,59
39.349999991877,-123.13333333340381,60
39.34999999186515,-123.12500000007043,61
39.34999999187134,-123.11666666674836,62
39.349999991875855,-123.10833333341076,63
39.349999991872856,-123.10000000006715,64
39.349999991875876,-123.09166666679876,65
39.34166665860415,-123.37500000008097,66
39.34166665860083,-123.36666666671707,67
39.34166665861386,-123.35833333343466,68
39.34166665860515,-123.35000000007622,69
39.341666658602385,-123.34166666671635,70
39.34166665861205,-123.25833333343789,71
39.34166665860478,-123.2500000000305,72
39.34166665859156,-123.24166666677222,73
39.34166665859536,-123.23333333337018,74
39.341666658606165,-123.2250000000832,75
39.3416666586091,-123.21666666676232,76
39.34166665860804,-123.20833333339607,77
39.34166665860713,-123.20000000004732,78
39.34166665860095,-123.19166666678713,79
39.34166665861211,-123.18333333336696,80
39.34166665861643,-123.17500000010612,81
39.34166665861307,-123.1666666667296,82
39.34166665861072,-123.15833333339604,83
39.34166665860394,-123.15000000010669,84
39.34166665859648,-123.1416666666934,85
39.341666658587485,-123.13333333340562,86
39.34166665860929,-123.1250000000853,87
39.34166665861391,-123.11666666675158,88
39.34166665860506,-123.10833333340027,89
39.34166665860552,-123.10000000007336,90
39.34166665860019,-123.09166666678865,91
39.34166665860228,-123.08333333339307,92
39.33333332522904,-123.36666666671984,93
39.333333325215534,-123.35833333343105,94
39.33333332520627,-123.35000000004977,95
39.333333325200734,-123.34166666672897,96
39.33333332519834,-123.33333333341446,97
39.33333332521268,-123.32500000005152,98
39.33333332521975,-123.31666666673632,99
39.33333332521356,-123.25833333341976,100
39.33333332520677,-123.25000000002515,101
39.3333333252203,-123.24166666677809,102
39.333333325220266,-123.2333333333706,103
39.3333333252201,-123.22500000010055,104
39.3333333252193,-123.21666666674852,105
39.33333332520297,-123.20833333338079,106
39.33333332520791,-123.20000000006931,107
39.3333333252241,-123.19166666678183,108
39.333333325213175,-123.18333333337266,109
39.33333332520726,-123.17500000009778,110
39.33333332520556,-123.16666666672947,111
39.33333332520259,-123.15833333338729,112
39.333333325197536,-123.15000000009562,113
39.3333333252037,-123.14166666670228,114
39.3333333252251,-123.1333333334175,115
39.33333332521378,-123.12500000009096,116
39.33333332521101,-123.11666666674901,117
39.333333325220806,-123.10833333340445,118
39.333333325214234,-123.10000000005898,119
39.333333325213765,-123.09166666679332,120
39.333333325213815,-123.08333333339203,121
39.33333332521344,-123.07500000007272,122
39.33333332522584,-123.0666666667551,123
39.32499999203471,-123.36666666671117,124
39.324999992036545,-123.3583333334202,125
39.32499999204033,-123.35000000005147,126
39.32499999204555,-123.34166666672674,127
39.324999992047005,-123.33333333341514,128
39.32499999203,-123.32500000004637,129
39.324999992026875,-123.31666666674803,130
39.32499999204187,-123.30833333335364,131
39.324999992036815,-123.30000000013742,132
39.324999992032154,-123.25833333338822,133
39.32499999203003,-123.25000000004177,134
39.32499999203642,-123.24166666679479,135
39.32499999204598,-123.23333333336983,136
39.32499999203436,-123.22500000008156,137
39.324999992029056,-123.21666666675733,138
39.324999992048404,-123.20833333337703,139
39.32499999204455,-123.20000000007491,140
39.324999992025965,-123.19166666677224,141
39.324999992029696,-123.18333333337021,142
39.32499999203616,-123.17500000010114,143
39.32499999203528,-123.16666666672178,144
39.32499999204502,-123.15833333340632,145
39.32499999205039,-123.1500000000771,146
39.32499999204124,-123.1416666667158,147
39.32499999203553,-123.13333333343019,148
39.32499999205115,-123.12500000008542,149
39.32499999204039,-123.11666666673194,150
39.324999992030655,-123.10833333342164,151
39.324999992034904,-123.10000000003791,152
39.324999992028786,-123.09166666680339,153
39.32499999204463,-123.08333333340852,154
39.32499999205314,-123.07500000006979,155
39.324999992039146,-123.06666666675532,156
39.324999992030016,-123.05833333338849,157
39.316666658599374,-123.35833333340904,158
39.31666665860156,-123.3500000000726,159
39.31666665860288,-123.3416666667165,160
39.31666665859812,-123.33333333341984,161
39.31666665861037,-123.3250000000337,162
39.31666665861077,-123.31666666675615,163
39.316666658603374,-123.30833333335825,164
39.31666665859708,-123.30000000011385,165
39.31666665859611,-123.29166666674924,166
39.31666665861863,-123.28333333338362,167
39.31666665861692,-123.2750000000615,168
39.31666665859983,-123.26666666674839,169
39.31666665861376,-123.25833333340537,170
39.3166666586251,-123.25000000004005,171
39.31666665861437,-123.24166666678926,172
39.31666665860451,-123.23333333337487,173
39.31666665859946,-123.22500000004864,174
39.31666665859381,-123.21666666677201,175
39.31666665860099,-123.2083333334067,176
39.31666665862023,-123.20000000007096,177
39.316666658622715,-123.19166666674928,178
39.316666658612256,-123.18333333338195,179
39.316666658611766,-123.17500000009936,180
39.316666658610885,-123.16666666672062,181
39.316666658608796,-123.15833333342027,182
39.316666658604916,-123.15000000006565,183
39.316666658603026,-123.14166666670886,184
39.31666665860225,-123.13333333342632,185
39.316666658592474,-123.12500000009905,186
39.31666665860576,-123.1166666667225,187
39.31666665860823,-123.10833333341894,188
39.31666665860851,-123.10000000004817,189
39.31666665861028,-123.09166666678588,190
39.316666658593824,-123.08333333342497,191
39.31666665859143,-123.07500000006357,192
39.3166666585926,-123.06666666674016,193
39.31666665860094,-123.05833333340239,194
39.316666658606216,-123.05000000007504,195
39.31666665861699,-123.04166666675482,196
39.31666665862762,-123.03333333341595,197
39.30833332527364,-123.36666666671172,198
39.308333325281126,-123.35833333341249,199
39.30833332528132,-123.35000000007314,200
39.30833332528301,-123.34166666672098,201
39.30833332529047,-123.3333333334199,202
39.308333325288984,-123.32500000005166,203
39.30833332528751,-123.31666666673638,204
39.308333325294875,-123.30833333337802,205
39.308333325301064,-123.30000000009387,206
39.30833332528662,-123.29166666674345,207
39.30833332527921,-123.28333333341463,208
39.30833332530185,-123.27500000006543,209
39.3083333253068,-123.26666666672418,210
39.30833332529336,-123.25833333343046,211
39.30833332528455,-123.25000000001917,212
39.30833332528429,-123.24166666679176,213
39.30833332529186,-123.23333333336858,214
39.30833332530216,-123.22500000006369,215
39.30833332530957,-123.21666666675989,216
39.30833332529918,-123.20833333341345,217
39.308333325289276,-123.20000000007978,218
39.30833332529323,-123.19166666675117,219
39.30833332529611,-123.18333333336739,220
39.30833332528757,-123.17500000009882,221
39.30833332528586,-123.16666666671682,222
39.30833332528553,-123.15833333341999,223
39.30833332528572,-123.15000000005975,224
39.30833332529975,-123.14166666673505,225
39.308333325307984,-123.13333333341258,226
39.30833332530488,-123.12500000009128,227
39.308333325294164,-123.11666666673456,228
39.30833332528912,-123.10833333340256,229
39.30833332529374,-123.10000000007275,230
39.30833332530246,-123.09166666677883,231
39.308333325304815,-123.08333333340842,232
39.30833332529979,-123.07500000006776,233
39.30833332530556,-123.06666666674752,234
39.30833332530234,-123.05833333340355,235
39.30833332529374,-123.05000000006832,236
39.30833332528336,-123.0416666667622,237
39.30833332527512,-123.03333333341254,238
39.29999999199605,-123.36666666673477,239
39.29999999200801,-123.35833333342191,240
39.299999992005525,-123.35000000005994,241
39.299999991992905,-123.34166666671595,242
39.29999999197909,-123.33333333341433,243
39.29999999198228,-123.32500000006011,244
39.2999999919878,-123.3166666667346,245
39.29999999199037,-123.30833333339645,246
39.299999991998924,-123.30000000010006,247
39.29999999199867,-123.29166666671274,248
39.29999999197505,-123.28333333339354,249
39.29999999196965,-123.2750000001153,250
39.29999999198181,-123.26666666670287,251
39.29999999197814,-123.25833333342324,252
39.299999991981416,-123.25000000001714,253
39.299999991986276,-123.24166666680145,254
39.29999999198738,-123.23333333337337,255
39.29999999198862,-123.22500000007821,256
39.29999999198003,-123.21666666674338,257
39.29999999197498,-123.20833333340418,258
39.29999999197273,-123.20000000006874,259
39.29999999197249,-123.19166666676843,260
39.29999999198299,-123.1833333333725,261
39.29999999198003,-123.17500000007452,262
39.299999991981565,-123.16666666674087,263
39.29999999198215,-123.15833333339637,264
39.29999999198556,-123.1500000000894,265
39.2999999919817,-123.14166666672237,266
39.299999991969685,-123.13333333341892,267
39.29999999198159,-123.12500000009965,268
39.29999999198849,-123.11666666671985,269
39.29999999198949,-123.10833333341053,270
39.299999991988265,-123.10000000007045,271
39.299999991974644,-123.09166666677297,272
39.29999999197604,-123.08333333342053,273
39.29999999198191,-123.0750000000571,274
39.299999991972506,-123.06666666675213,275
39.299999991970566,-123.05833333339035,276
39.29999999198927,-123.05000000009842,277
39.29999999200883,-123.04166666674742,278
39.29999999199059,-123.03333333338313,279
39.29999999198529,-123.02500000008109,280
39.29166665875288,-123.36666666671958,281
39.291666658731025,-123.35833333342053,282
39.29166665873962,-123.35000000007153,283
39.291666658749904,-123.34166666670045,284
39.291666658751815,-123.33333333340993,285
39.29166665874963,-123.32500000006623,286
39.2916666587569,-123.31666666674987,287
39.29166665875892,-123.30833333338883,288
39.29166665874577,-123.30000000009996,289
39.291666658745136,-123.29166666671135,290
39.29166665876568,-123.2833333333898,291
39.29166665876453,-123.27500000010811,292
39.29166665875517,-123.26666666671473,293
39.29166665875572,-123.25833333340617,294
39.29166665875158,-123.25000000003274,295
39.29166665874669,-123.2416666667858,296
39.29166665873571,-123.2333333333725,297
39.291666658732055,-123.22500000007506,298
39.29166665874917,-123.21666666676074,299
39.29166665876287,-123.20833333340126,300
39.29166665876286,-123.20000000006789,301
39.29166665875789,-123.19166666676058,302
39.29166665874716,-123.18333333338,303
39.29166665875822,-123.17500000008053,304
39.291666658762175,-123.16666666674402,305
39.29166665874867,-123.15833333337164,306
39.29166665874519,-123.15000000011403,307
39.29166665875552,-123.14166666670853,308
39.291666658764875,-123.13333333342835,309
39.291666658753634,-123.12500000009129,310
39.291666658744276,-123.1166666667241,311
39.29166665874545,-123.10833333340989,312
39.29166665875162,-123.10000000007933,313
39.291666658761855,-123.0916666667584,314
39.29166665876101,-123.08333333343597,315
39.29166665876263,-123.07500000005417,316
39.29166665877037,-123.06666666675225,317
39.29166665877366,-123.05833333339247,318
39.29166665875765,-123.05000000010081,319
39.29166665874014,-123.04166666674838,320
39.29166665875767,-123.03333333338097,321
39.283333325414475,-123.36666666671249,322
39.28333332543377,-123.35833333342333,323
39.283333325424664,-123.35000000006785,324
39.28333332541488,-123.34166666670492,325
39.28333332542265,-123.3333333334216,326
39.28333332542864,-123.32500000006085,327
39.283333325418305,-123.31666666675012,328
39.28333332540987,-123.30833333337787,329
39.283333325411995,-123.30000000009255,330
39.28333332541015,-123.2916666667146,331
39.28333332541319,-123.2833333334259,332
39.28333332541098,-123.27500000006637,333
39.28333332541237,-123.26666666674315,334
39.283333325412045,-123.25833333337812,335
39.283333325413956,-123.25000000005709,336
39.28333332542692,-123.24166666677496,337
39.28333332542682,-123.23333333336484,338
39.28333332543169,-123.2250000000848,339
39.28333332542666,-123.21666666677118,340
39.28333332540633,-123.20833333337976,341
39.28333332540778,-123.2000000000918,342
39.28333332541609,-123.19166666674222,343
39.2833333254212,-123.18333333338899,344
39.28333332542694,-123.17500000009956,345
39.283333325422944,-123.16666666672492,346
39.28333332542746,-123.15833333337574,347
39.283333325425495,-123.15000000010083,348
39.28333332542108,-123.14166666673161,349
39.28333332541337,-123.13333333340806,350
39.2833333254061,-123.12500000008066,351
39.28333332541254,-123.11666666672986,352
39.28333332542254,-123.10833333342279,353
39.283333325416365,-123.10000000006646,354
39.283333325407284,-123.09166666677321,355
39.283333325408506,-123.08333333342182,356
39.283333325409515,-123.07500000007272,357
39.28333332541427,-123.06666666675456,358
39.28333332540298,-123.05833333337684,359
39.283333325407646,-123.05000000009751,360
39.28333332541801,-123.04166666673973,361
39.28333332541424,-123.03333333341259,362
39.27499999203833,-123.36666666672843,363
39.274999992022956,-123.35833333341392,364
39.27499999202852,-123.35000000007133,365
39.27499999203569,-123.3416666666971,366
39.27499999202532,-123.33333333342512,367
39.27499999202496,-123.32500000006671,368
39.274999992019865,-123.31666666671855,369
39.274999992009654,-123.30833333337833,370
39.27499999202199,-123.30000000011627,371
39.2749999920373,-123.29166666671335,372
39.274999992031496,-123.28333333342255,373
39.27499999202293,-123.27500000005172,374
39.2749999920156,-123.26666666674788,375
39.27499999202298,-123.25833333338517,376
39.27499999202561,-123.2500000000576,377
39.274999992018145,-123.24166666678362,378
39.27499999203282,-123.23333333338047,379
39.27499999203132,-123.2250000000748,380
39.27499999202707,-123.21666666676568,381
39.274999992028846,-123.20833333335429,382
39.274999992021726,-123.20000000010783,383
39.27499999202372,-123.19166666674342,384
39.27499999202479,-123.1833333333981,385
39.27499999202411,-123.17500000009888,386
39.274999992030416,-123.16666666672944,387
39.27499999202871,-123.1583333333759,388
39.274999992027666,-123.15000000009564,389
39.27499999202646,-123.14166666672742,390
39.27499999202883,-123.13333333340333,391
39.27499999203419,-123.12500000008218,392
39.27499999202284,-123.11666666672016,393
39.27499999201732,-123.10833333343994,394
39.27499999201668,-123.10000000003794,395
39.274999992024924,-123.09166666680034,396
39.27499999202693,-123.08333333340006,397
39.27499999201711,-123.07500000007977,398
39.27499999201822,-123.06666666675734,399
39.274999992033926,-123.05833333338141,400
39.2749999920302,-123.0500000000945,401
39.27499999202024,-123.0416666667434,402
39.27499999203138,-123.03333333342121,403
39.27499999202034,-123.0250000000619,404
39.26666665875285,-123.34166666669964,405
39.26666665876602,-123.3333333334273,406
39.26666665876336,-123.3250000000595,407
39.26666665876312,-123.31666666671681,408
39.266666658778824,-123.30833333338919,409
39.26666665876763,-123.30000000010736,410
39.26666665874773,-123.29166666671463,411
39.266666658751426,-123.28333333341777,412
39.26666665876879,-123.27500000007119,413
39.26666665876623,-123.26666666671188,414
39.26666665876186,-123.25833333342621,415
39.26666665877403,-123.25000000004124,416
39.26666665875956,-123.24166666676334,417
39.2666666587507,-123.23333333341047,418
39.26666665875161,-123.22500000004383,419
39.2666666587474,-123.21666666678252,420
39.26666665876563,-123.20833333337083,421
39.26666665877259,-123.20000000009098,422
39.26666665876285,-123.19166666674732,423
39.26666665874981,-123.18333333337418,424
39.26666665874217,-123.17500000010895,425
39.266666658743766,-123.16666666673257,426
39.26666665874915,-123.15833333337889,427
39.26666665875282,-123.1500000000971,428
39.26666665875395,-123.14166666672583,429
39.266666658756556,-123.13333333341322,430
39.26666665875486,-123.12500000007842,431
39.26666665876212,-123.11666666671715,432
39.266666658763555,-123.10833333343615,433
39.266666658767825,-123.10000000004779,434
39.266666658769026,-123.09166666680626,435
39.266666658756996,-123.0833333333774,436
39.266666658759114,-123.07500000008959,437
39.266666658755284,-123.06666666674299,438
39.266666658754396,-123.0583333334205,439
39.26666665876967,-123.05000000007469,440
39.266666658762105,-123.041666666734,441
39.26666665875444,-123.03333333343646,442
39.26666665875986,-123.02500000003728,443
39.26666665875384,-123.01666666676923,444
39.2583333254674,-123.33333333343491,445
39.2583333254619,-123.32500000003829,446
39.258333325465905,-123.31666666674433,447
39.25833332546003,-123.3083333333781,448
39.25833332545298,-123.300000000088,449
39.25833332546313,-123.29166666671767,450
39.25833332547105,-123.2833333334341,451
39.2583333254666,-123.27500000007643,452
39.25833332546813,-123.26666666670494,453
39.25833332547035,-123.25833333342955,454
39.258333325467675,-123.25000000005376,455
39.25833332547845,-123.24166666674468,456
39.25833332546902,-123.23333333339858,457
39.25833332546208,-123.22500000004567,458
39.25833332546667,-123.21666666678132,459
39.25833332545837,-123.20833333338858,460
39.2583333254552,-123.20000000007954,461
39.25833332546127,-123.19166666675267,462
39.25833332548045,-123.18333333337907,463
39.25833332547432,-123.17500000008108,464
39.258333325465756,-123.16666666674884,465
39.25833332547274,-123.1583333333833,466
39.25833332547565,-123.15000000010366,467
39.258333325468975,-123.14166666670998,468
39.258333325461095,-123.1333333334203,469
39.25833332547025,-123.12500000008376,470
39.258333325467454,-123.11666666671927,471
39.25833332546108,-123.10833333342582,472
39.25833332546438,-123.10000000007074,473
39.258333325457606,-123.091666666774,474
39.258333325468165,-123.0833333334072,475
39.2583333254763,-123.0750000000769,476
39.258333325471796,-123.06666666674177,477
39.2583333254629,-123.05833333340541,478
39.25833332544398,-123.05000000008368,479
39.258333325466175,-123.0416666667494,480
39.258333325471696,-123.03333333341747,481
39.25833332546446,-123.02500000005318,482
39.258333325481004,-123.01666666677087,483
39.2583333254731,-123.00833333338592,484
39.24999999213354,-123.325000000057,485
39.24999999213171,-123.31666666672923,486
39.24999999212226,-123.30833333336764,487
39.249999992137745,-123.3000000001125,488
39.24999999213972,-123.29166666671341,489
39.24999999212291,-123.28333333342357,490
39.249999992114994,-123.27500000006636,491
39.249999992119946,-123.26666666672588,492
39.249999992123186,-123.2583333334177,493
39.249999992124,-123.25000000006251,494
39.24999999212638,-123.24166666675784,495
39.24999999213444,-123.23333333338314,496
39.24999999214285,-123.22500000006357,497
39.249999992131826,-123.2166666667527,498
39.24999999212427,-123.2083333333908,499
39.24999999213389,-123.20000000008808,500
39.24999999213619,-123.1916666667581,501
39.24999999213038,-123.18333333339592,502
39.249999992129815,-123.17500000005305,503
39.24999999212906,-123.16666666676133,504
39.24999999213683,-123.15833333339538,505
39.24999999213809,-123.1500000000985,506
39.24999999212738,-123.14166666668612,507
39.24999999213214,-123.133333333439,508
39.24999999213275,-123.1250000000813,509
39.24999999213287,-123.11666666671731,510
39.249999992145824,-123.10833333343872,511
39.249999992142584,-123.10000000005792,512
39.24999999213644,-123.09166666676525,513
39.24999999213102,-123.08333333342455,514
39.24999999212078,-123.07500000005604,515
39.24999999212847,-123.06666666676797,516
39.24999999213432,-123.05833333337412,517
39.24999999214192,-123.05000000009613,518
39.24999999213148,-123.04166666675656,519
39.24999999211611,-123.03333333339391,520
39.2499999921232,-123.02500000007649,521
39.24999999212363,-123.01666666677592,522
39.249999992125574,-123.00833333337091,523
39.249999992137525,-123.00000000009962,524
39.241666658856616,-123.3250000000756,525
39.24166665886272,-123.31666666671775,526
39.24166665887294,-123.30833333338036,527
39.24166665885834,-123.30000000010124,528
39.24166665885152,-123.29166666671658,529
39.24166665886596,-123.28333333341646,530
39.241666658872724,-123.27500000007149,531
39.24166665886652,-123.26666666671862,532
39.241666658865455,-123.25833333342858,533
39.24166665885492,-123.25000000003546,534
39.241666658853035,-123.24166666678569,535
39.241666658859074,-123.23333333337881,536
39.241666658853525,-123.22500000007267,537
39.24166665886397,-123.21666666674263,538
39.24166665886622,-123.20833333339205,539
39.241666658864155,-123.20000000009941,540
39.24166665886651,-123.19166666675453,541
39.24166665885371,-123.18333333336844,542
39.24166665885328,-123.1750000000789,543
39.24166665886442,-123.1666666667528,544
39.241666658857945,-123.15833333340606,545
39.24166665885209,-123.15000000008017,546
39.24166665886483,-123.14166666670779,547
39.24166665886227,-123.13333333342104,548
39.24166665885309,-123.12500000008495,549
39.24166665886479,-123.11666666673337,550
39.24166665885881,-123.10833333343426,551
39.24166665884348,-123.10000000003143,552
39.24166665884162,-123.09166666677838,553
39.24166665885723,-123.08333333342839,554
39.24166665886556,-123.07500000004899,555
39.241666658851464,-123.06666666676433,556
39.241666658847286,-123.05833333338053,557
39.24166665885202,-123.0500000001103,558
39.241666658855074,-123.04166666673004,559
39.24166665885576,-123.03333333339597,560
39.24166665885767,-123.02500000008942,561
39.241666658864325,-123.01666666677482,562
39.241666658856225,-123.00833333336173,563
39.24166665885571,-123.0000000001279,564
39.233333325438494,-123.32500000007727,565
39.233333325447084,-123.31666666674057,566
39.23333332543855,-123.30833333336037,567
39.23333332544062,-123.3000000001004,568
39.23333332545266,-123.2916666667261,569
39.23333332544108,-123.28333333341173,570
39.23333332544306,-123.27500000009086,571
39.23333332545798,-123.26666666671373,572
39.23333332545679,-123.2583333334297,573
39.23333332545301,-123.25000000001044,574
39.23333332545081,-123.24166666680384,575
39.233333325449465,-123.2333333333685,576
39.23333332544826,-123.22500000007172,577
39.23333332544183,-123.21666666675023,578
39.23333332544357,-123.20833333339108,579
39.23333332543855,-123.20000000008856,580
39.23333332543556,-123.1916666667643,581
39.233333325443304,-123.18333333335026,582
39.23333332544683,-123.17500000010229,583
39.23333332544068,-123.16666666673774,584
39.233333325438196,-123.15833333340619,585
39.23333332544317,-123.15000000007859,586
39.23333332544086,-123.14166666672675,587
39.23333332544457,-123.13333333340401,588
39.233333325443866,-123.12500000008549,589
39.23333332544277,-123.11666666675046,590
39.23333332544502,-123.10833333341093,591
39.23333332544966,-123.100000000037,592
39.23333332545609,-123.09166666678041,593
39.233333325453785,-123.0833333334485,594
39.233333325455966,-123.07500000004644,595
39.23333332545243,-123.06666666673752,596
39.23333332544681,-123.05833333339103,597
39.23333332545227,-123.05000000011682,598
39.23333332545395,-123.04166666673143,599
39.23333332545545,-123.03333333339823,600
39.23333332546034,-123.02500000009844,601
39.22499999220366,-123.32500000006907,602
39.22499999220019,-123.31666666675727,603
39.22499999221479,-123.30833333335377,604
39.22499999221872,-123.30000000011698,605
39.224999992211394,-123.29166666671735,606
39.22499999221098,-123.28333333340049,607
39.22499999221218,-123.27500000010741,608
39.224999992205056,-123.26666666671015,609
39.224999992203074,-123.25833333342804,610
39.22499999221022,-123.25000000001772,611
39.22499999220234,-123.24166666677976,612
39.224999992192885,-123.23333333337459,613
39.22499999219529,-123.22500000006765,614
39.224999992204204,-123.21666666675843,615
39.22499999220468,-123.20833333338662,616
39.2249999922055,-123.20000000008605,617
39.22499999220124,-123.19166666675471,618
39.22499999220993,-123.18333333338724,619
39.22499999223077,-123.1750000001059,620
39.224999992225314,-123.16666666671476,621
39.224999992211814,-123.15833333340254,622
39.22499999220825,-123.1500000000846,623
39.224999992208836,-123.14166666671784,624
39.22499999219881,-123.13333333340238,625
39.22499999220566,-123.12500000009737,626
39.224999992214315,-123.1166666667512,627
39.2249999922146,-123.1083333334144,628
39.224999992224404,-123.1000000000576,629
39.224999992228604,-123.09166666677754,630
39.224999992217,-123.08333333342821,631
39.22499999219819,-123.07500000003905,632
39.224999992208836,-123.06666666675675,633
39.224999992229144,-123.0583333333962,634
39.22499999222047,-123.05000000010627,635
39.22499999221479,-123.04166666673535,636
39.22499999222068,-123.03333333340663,637
39.21666665889303,-123.34166666672712,638
39.21666665890499,-123.33333333341524,639
39.21666665891492,-123.32500000005008,640
39.21666665889393,-123.31666666673551,641
39.21666665888877,-123.30833333339125,642
39.21666665889398,-123.30000000009474,643
39.21666665889011,-123.29166666672096,644
39.21666665889556,-123.2833333334053,645
39.21666665889555,-123.27500000010457,646
39.21666665888938,-123.26666666669084,647
39.21666665889058,-123.25833333344606,648
39.216666658889146,-123.25000000000925,649
39.216666658889054,-123.24166666677493,650
39.21666665890374,-123.23333333338813,651
39.21666665890438,-123.22500000005923,652
39.216666658894894,-123.21666666676585,653
39.21666665890288,-123.20833333339324,654
39.21666665890411,-123.20000000008284,655
39.21666665890244,-123.19166666674806,656
39.2166666588971,-123.18333333339947,657
39.216666658878005,-123.17500000009656,658
39.216666658886844,-123.16666666672978,659
39.21666665889911,-123.15833333338546,660
39.21666665889047,-123.15000000008135,661
39.21666665889338,-123.14166666672695,662
39.216666658902035,-123.13333333339104,663
39.21666665889674,-123.12500000011134,664
39.21666665889078,-123.11666666674171,665
39.21666665887862,-123.10833333340409,666
39.21666665887845,-123.100000000084,667
39.21666665888442,-123.09166666676808,668
39.21666665887675,-123.08333333340552,669
39.21666665889241,-123.07500000005652,670
39.216666658897445,-123.06666666676543,671
39.216666658876655,-123.05833333338674,672
39.216666658871624,-123.05000000009288,673
39.21666665887672,-123.04166666674774,674
39.21666665888133,-123.03333333341172,675
39.20833332559755,-123.35000000007223,676
39.20833332560045,-123.34166666673079,677
39.20833332558991,-123.33333333341398,678
39.20833332557956,-123.32500000005068,679
39.20833332559246,-123.31666666672147,680
39.208333325595056,-123.30833333340102,681
39.20833332559626,-123.30000000009561,682
39.208333325595426,-123.29166666671226,683
39.208333325591944,-123.28333333341727,684
39.208333325594694,-123.27500000009711,685
39.208333325603,-123.26666666670188,686
39.20833332559739,-123.25833333342764,687
39.208333325591326,-123.2500000000152,688
39.20833332559366,-123.24166666677272,689
39.20833332558485,-123.23333333340014,690
39.20833332558764,-123.22500000005294,691
39.20833332558736,-123.21666666675588,692
39.20833332558327,-123.2083333334097,693
39.208333325593415,-123.20000000008534,694
39.20833332559355,-123.19166666674306,695
39.20833332559708,-123.18333333340149,696
39.20833332561274,-123.1750000000888,697
39.208333325597174,-123.16666666672634,698
39.208333325587446,-123.15833333339314,699
39.20833332559692,-123.15000000007505,700
39.2083333255868,-123.1416666667212,701
39.208333325589514,-123.13333333341569,702
39.208333325599554,-123.12500000009454,703
39.20833332558764,-123.1166666667287,704
39.20833332560005,-123.10833333341749,705
39.20833332559824,-123.10000000006728,706
39.20833332558619,-123.09166666677466,707
39.20833332560061,-123.08333333341017,708
39.20833332559796,-123.07500000007354,709
39.208333325596385,-123.06666666675416,710
39.208333325609104,-123.05833333338455,711
39.2083333256067,-123.0500000000827,712
39.208333325593145,-123.04166666674382,713
39.208333325595774,-123.03333333342773,714
39.208333325603995,-123.02500000006226,715
39.19999999225383,-123.35833333343672,716
39.19999999226079,-123.35000000007174,717
39.19999999225243,-123.34166666672216,718
39.19999999225183,-123.33333333340404,719
39.19999999225843,-123.32500000005433,720
39.199999992252856,-123.31666666673,721
39.199999992248635,-123.3083333333898,722
39.19999999224519,-123.3000000001031,723
39.19999999225142,-123.2916666667138,724
39.19999999224789,-123.28333333340407,725
39.19999999223392,-123.27500000009164,726
39.19999999224186,-123.2666666667344,727
39.19999999224756,-123.25833333339527,728
39.19999999225522,-123.25000000005026,729
39.199999992254625,-123.24166666674056,730
39.19999999224971,-123.23333333340945,731
39.199999992258796,-123.22500000006343,732
39.19999999226233,-123.21666666675084,733
39.19999999225958,-123.20833333340332,734
39.19999999224975,-123.20000000009223,735
39.19999999224626,-123.19166666673057,736
39.19999999223905,-123.18333333340782,737
39.1999999922273,-123.17500000008897,738
39.199999992238574,-123.16666666671898,739
39.19999999224367,-123.15833333339276,740
39.19999999224173,-123.15000000008799,741
39.19999999225101,-123.1416666667069,742
39.19999999225181,-123.13333333343589,743
39.19999999224327,-123.12500000007684,744
39.19999999225287,-123.11666666674255,745
39.19999999225129,-123.10833333342174,746
39.19999999224721,-123.1000000000532,747
39.19999999225385,-123.09166666677976,748
39.19999999225608,-123.08333333343282,749
39.199999992257894,-123.07500000004947,750
39.19999999224409,-123.06666666675262,751
39.199999992242084,-123.05833333340391,752
39.199999992246276,-123.05000000006629,753
39.19999999225562,-123.04166666675322,754
39.19166665891869,-123.3583333334543,755
39.19166665892119,-123.35000000006991,756
39.19166665892001,-123.34166666670811,757
39.191666658924106,-123.33333333342395,758
39.19166665892828,-123.32500000005236,759
39.19166665892242,-123.31666666671289,760
39.191666658920106,-123.30833333339604,761
39.191666658920944,-123.30000000009252,762
39.191666658928945,-123.29166666674806,763
39.19166665894352,-123.28333333338813,764
39.19166665894051,-123.2750000000793,765
39.191666658933464,-123.2666666667482,766
39.19166665893587,-123.25833333339497,767
39.19166665891869,-123.25000000003472,768
39.19166665892375,-123.2416666667635,769
39.19166665894105,-123.23333333340709,770
39.191666658936875,-123.22500000007396,771
39.191666658929286,-123.21666666673359,772
39.19166665891293,-123.20833333338874,773
39.19166665891073,-123.20000000008679,774
39.19166665892654,-123.19166666675656,775
39.191666658940775,-123.18333333339352,776
39.19166665892918,-123.17500000006437,777
39.1916666589239,-123.16666666675357,778
39.19166665893834,-123.15833333339067,779
39.19166665893396,-123.15000000007956,780
39.191666658924134,-123.14166666671439,781
39.19166665892215,-123.13333333342645,782
39.191666658927154,-123.12500000008038,783
39.19166665891941,-123.11666666674209,784
39.19166665891712,-123.10833333341577,785
39.191666658928625,-123.10000000007153,786
39.19166665892,-123.0916666667581,787
39.19166665890476,-123.08333333343282,788
39.191666658905426,-123.07500000005356,789
39.191666658921015,-123.06666666675149,790
39.19166665893171,-123.05833333341954,791
39.19166665893188,-123.05000000005792,792
39.1916666589205,-123.04166666675818,793
39.18333332565405,-123.34166666671928,794
39.18333332565765,-123.33333333342557,795
39.18333332565395,-123.32500000005153,796
39.18333332565673,-123.31666666670864,797
39.18333332566543,-123.30833333341091,798
39.183333325669906,-123.30000000008647,799
39.18333332566024,-123.29166666675137,800
39.18333332565464,-123.28333333339972,801
39.18333332564778,-123.2750000000513,802
39.18333332564389,-123.26666666675798,803
39.183333325651596,-123.25833333340199,804
39.18333332566557,-123.25000000002235,805
39.183333325656996,-123.24166666677003,806
39.18333332564398,-123.23333333340769,807
39.18333332564462,-123.22500000006745,808
39.18333332565353,-123.21666666674231,809
39.183333325665345,-123.20833333337241,810
39.18333332566044,-123.2000000000913,811
39.18333332566178,-123.1916666667806,812
39.18333332565903,-123.18333333338859,813
39.18333332566555,-123.17500000006086,814
39.18333332567129,-123.16666666675783,815
39.18333332565656,-123.1583333333859,816
39.18333332565353,-123.15000000007205,817
39.18333332566136,-123.14166666671858,818
39.18333332565572,-123.13333333340958,819
39.18333332564988,-123.1250000000959,820
39.1833333256572,-123.11666666672583,821
39.183333325657905,-123.1083333334294,822
39.183333325646444,-123.10000000005802,823
39.183333325654914,-123.09166666677133,824
39.18333332566816,-123.08333333341625,825
39.183333325657124,-123.07500000005288,826
39.183333325653884,-123.06666666677273,827
39.1833333256528,-123.0583333334143,828
39.183333325652896,-123.05000000006356,829
39.174999992307704,-123.33333333341601,830
39.17499999231943,-123.32500000007441,831
39.17499999233028,-123.31666666670844,832
39.17499999231618,-123.30833333340215,833
39.17499999230952,-123.30000000009164,834
39.174999992314554,-123.2916666667385,835
39.17499999231182,-123.2833333333987,836
39.17499999232414,-123.27500000006141,837
39.174999992327386,-123.26666666674681,838
39.174999992316245,-123.25833333340746,839
39.174999992318384,-123.25000000004371,840
39.174999992333106,-123.2416666667589,841
39.17499999233132,-123.23333333339421,842
39.17499999231723,-123.22500000005854,843
39.174999992318426,-123.21666666676806,844
39.17499999231998,-123.20833333336888,845
39.174999992330676,-123.20000000010444,846
39.17499999232138,-123.1916666667542,847
39.17499999230082,-123.18333333337623,848
39.174999992310774,-123.17500000010068,849
39.174999992322036,-123.16666666674631,850
39.17499999232914,-123.15833333338475,851
39.17499999233617,-123.15000000007987,852
39.1749999923327,-123.14166666671802,853
39.174999992336694,-123.13333333340739,854
39.17499999233335,-123.12500000008285,855
39.174999992321794,-123.11666666673179,856
39.17499999231995,-123.10833333342151,857
39.17499999232221,-123.10000000005064,858
39.17499999231843,-123.09166666678652,859
39.17499999232185,-123.0833333334288,860
39.174999992340766,-123.07500000005346,861
39.16666665900603,-123.33333333341791,862
39.166666658994764,-123.32500000007327,863
39.1666666589896,-123.31666666671907,864
39.166666659004136,-123.30833333339221,865
39.166666659004754,-123.30000000009149,866
39.16666665899085,-123.29166666672387,867
39.166666658985456,-123.28333333339982,868
39.16666665899748,-123.2750000001008,869
39.166666658997904,-123.26666666671353,870
39.16666665899558,-123.25833333341832,871
39.166666659004015,-123.25000000005039,872
39.16666665899413,-123.24166666676025,873
39.16666665898894,-123.23333333338128,874
39.16666665899725,-123.22500000006185,875
39.16666665900416,-123.21666666677822,876
39.166666659008904,-123.20833333336923,877
39.166666658996526,-123.20000000010134,878
39.166666659004164,-123.19166666675453,879
39.16666665902176,-123.18333333337092,880
39.16666665900593,-123.17500000009618,881
39.166666658984234,-123.16666666673346,882
39.16666665898423,-123.1583333334094,883
39.166666658995524,-123.15000000008567,884
39.166666659003354,-123.14166666671944,885
39.1666666590022,-123.13333333341065,886
39.166666659000455,-123.12500000007111,887
39.16666665900677,-123.11666666673484,888
39.16666665901099,-123.10833333342238,889
39.16666665901218,-123.10000000005552,890
39.16666665901404,-123.09166666677845,891
39.16666665900635,-123.08333333342979,892
39.15833332566907,-123.31666666673178,893
39.158333325654944,-123.30833333338018,894
39.15833332564805,-123.30000000009312,895
39.15833332566196,-123.29166666672224,896
39.15833332566767,-123.28333333340204,897
39.1583333256599,-123.2750000001057,898
39.15833332565682,-123.26666666670423,899
39.158333325662646,-123.25833333343347,900
39.158333325662475,-123.25000000004903,901
39.158333325655654,-123.24166666673382,902
39.15833332565585,-123.2333333333994,903
39.15833332566214,-123.22500000006801,904
39.158333325650275,-123.21666666676384,905
39.15833332565278,-123.20833333339569,906
39.158333325663996,-123.20000000007298,907
39.158333325645486,-123.19166666676483,908
39.15833332563902,-123.18333333337915,909
39.15833332565799,-123.1750000000932,910
39.158333325668565,-123.16666666671794,911
39.15833332565569,-123.15833333340352,912
39.15833332565185,-123.15000000010394,913
39.158333325656194,-123.1416666667214,914
39.158333325648705,-123.13333333339435,915
39.15833332564764,-123.12500000008275,916
39.15833332565239,-123.11666666674164,917
39.15833332565714,-123.1083333334305,918
39.15833332566094,-123.1000000000557,919
39.15833332565822,-123.09166666677683,920
39.14999999238889,-123.30833333335725,921
39.14999999238805,-123.30000000010314,922
39.14999999239591,-123.2916666667484,923
39.14999999240257,-123.28333333339644,924
39.149999992393184,-123.27500000008278,925
39.14999999239546,-123.26666666672583,926
39.149999992389894,-123.25833333341227,927
39.1499999923758,-123.25000000004653,928
39.14999999239038,-123.24166666674924,929
39.14999999240456,-123.23333333340793,930
39.14999999239877,-123.22500000006029,931
39.149999992400645,-123.21666666675493,932
39.149999992390626,-123.20833333339208,933
39.14999999237745,-123.20000000007335,934
39.149999992393404,-123.1916666667602,935
39.149999992404645,-123.18333333339177,936
39.149999992396204,-123.17500000009808,937
39.14999999239097,-123.16666666672191,938
39.14999999239306,-123.15833333338162,939
39.14999999239206,-123.1500000001178,940
39.149999992391756,-123.14166666671423,941
39.149999992391564,-123.13333333338875,942
39.14999999240015,-123.12500000010087,943
39.14999999240214,-123.11666666673472,944
39.14999999238734,-123.10833333342067,945
39.14999999237397,-123.10000000004962,946
39.1499999923753,-123.0916666667806,947
39.14166665912469,-123.30000000009703,948
39.141666659111934,-123.29166666674638,949
39.141666659100046,-123.28333333338975,950
39.141666659097915,-123.27500000007032,951
39.14166665910022,-123.2666666667459,952
39.14166665911095,-123.25833333340077,953
39.14166665910594,-123.25000000002625,954
39.141666659098675,-123.24166666678163,955
39.14166665908842,-123.23333333338205,956
39.14166665908402,-123.22500000006923,957
39.1416666590989,-123.21666666677386,958
39.1416666590993,-123.2083333333571,959
39.14166665911282,-123.2000000001089,960
39.14166665911988,-123.19166666676287,961
39.14166665910081,-123.1833333333761,962
39.141666659097424,-123.17500000009404,963
39.14166665910888,-123.16666666673632,964
39.14166665910597,-123.15833333336586,965
39.14166665909738,-123.15000000011766,966
39.14166665910141,-123.14166666672057,967
39.14166665910762,-123.13333333339239,968
39.14166665910089,-123.12500000010036,969
39.1416666590995,-123.11666666673624,970
39.14166665910716,-123.10833333340727,971
39.141666659104104,-123.10000000003568,972
39.14166665909895,-123.0916666667882,973
39.14166665910961,-123.08333333344123,974
39.13333332576707,-123.30000000008953,975
39.133333325766074,-123.29166666673102,976
39.133333325758706,-123.28333333337314,977
39.13333332576317,-123.2750000000908,978
39.13333332576949,-123.26666666673977,979
39.13333332575816,-123.25833333340593,980
39.13333332576619,-123.2500000000261,981
39.13333332576937,-123.24166666677499,982
39.13333332577653,-123.23333333338357,983
39.133333325782296,-123.22500000007,984
39.13333332577176,-123.21666666678033,985
39.133333325781834,-123.20833333336805,986
39.13333332576477,-123.2000000000921,987
39.13333332575283,-123.19166666677152,988
39.13333332576406,-123.18333333335444,989
39.133333325755366,-123.1750000000956,990
39.13333332575893,-123.16666666675975,991
39.13333332576928,-123.15833333335482,992
39.13333332576674,-123.15000000011025,993
39.133333325764674,-123.14166666673123,994
39.13333332576218,-123.13333333338791,995
39.1333333257584,-123.12500000008738,996
39.133333325761974,-123.11666666675283,997
39.13333332576275,-123.10833333340467,998
39.133333325778636,-123.1000000000596,999
39.133333325794474,-123.09166666678207,1000
39.13333332576702,-123.08333333341946,1001
39.124999992421564,-123.30000000009545,1002
39.124999992427014,-123.29166666673247,1003
39.12499999242819,-123.28333333336136,1004
39.12499999243393,-123.27500000011955,1005
39.124999992424755,-123.26666666670631,1006
39.124999992428364,-123.25833333342659,1007
39.12499999243477,-123.25000000002943,1008
39.124999992429096,-123.2416666667675,1009
39.124999992419916,-123.23333333338769,1010
39.12499999241141,-123.22500000006131,1011
39.12499999241236,-123.21666666677308,1012
39.124999992407844,-123.20833333338452,1013
39.12499999242547,-123.20000000007659,1014
39.12499999242681,-123.19166666676944,1015
39.124999992425224,-123.18333333337259,1016
39.124999992438774,-123.17500000008549,1017
39.12499999242897,-123.16666666675944,1018
39.12499999243291,-123.15833333337886,1019
39.12499999244021,-123.15000000009412,1020
39.1249999924216,-123.14166666671298,1021
39.124999992423746,-123.13333333340559,1022
39.12499999244112,-123.12500000009229,1023
39.12499999243023,-123.11666666673578,1024
39.1249999924232,-123.10833333341134,1025
39.12499999242867,-123.10000000008841,1026
39.12499999242224,-123.09166666676889,1027
39.11666665911938,-123.291666666742,1028
39.116666659133294,-123.28333333337687,1029
39.116666659130345,-123.27500000010866,1030
39.116666659128725,-123.26666666669924,1031
39.116666659118444,-123.25833333342257,1032
39.116666659117655,-123.25000000004279,1033
39.11666665912567,-123.24166666675804,1034
39.116666659123155,-123.23333333337777,1035
39.11666665913289,-123.2250000000733,1036
39.116666659139945,-123.21666666677443,1037
39.11666665913428,-123.20833333336627,1038
39.116666659115104,-123.2000000000923,1039
39.116666659124256,-123.19166666677113,1040
39.1166666591279,-123.18333333337434,1041
39.11666665912522,-123.1750000001018,1042
39.11666665912496,-123.16666666672639,1043
39.11666665911208,-123.15833333339711,1044
39.11666665911415,-123.15000000009145,1045
39.11666665912104,-123.14166666669617,1046
39.116666659117655,-123.13333333342034,1047
39.11666665910311,-123.12500000008227,1048
39.11666665911916,-123.11666666675436,1049
39.1166666591318,-123.10833333340207,1050
39.11666665911666,-123.10000000008161,1051
39.10833332580839,-123.29166666673495,1052
39.10833332579653,-123.28333333338733,1053
39.108333325793545,-123.27500000008838,1054
39.10833332579414,-123.26666666671784,1055
39.108333325802306,-123.25833333340046,1056
39.10833332580316,-123.250000000065,1057
39.108333325810435,-123.24166666676116,1058
39.10833332581851,-123.23333333338385,1059
39.108333325807834,-123.22500000006563,1060
39.10833332579676,-123.21666666677537,1061
39.10833332580336,-123.20833333336685,1062
39.108333325822244,-123.20000000009124,1063
39.10833332580538,-123.19166666675936,1064
39.10833332579924,-123.1833333333819,1065
39.1083333258079,-123.17500000010419,1066
39.10833332580216,-123.16666666671402,1067
39.10833332581423,-123.15833333340811,1068
39.10833332581514,-123.15000000008538,1069
39.10833332580402,-123.14166666669523,1070
39.10833332581308,-123.13333333343073,1071
39.10833332582256,-123.12500000006348,1072
39.10833332581273,-123.11666666678344,1073
39.10833332580644,-123.10833333338358,1074
39.10833332580744,-123.10000000007659,1075
39.09999999246883,-123.2916666667184,1076
39.09999999247331,-123.28333333339161,1077
39.09999999247451,-123.27500000008114,1078
39.09999999248598,-123.26666666674511,1079
39.09999999250237,-123.258333333414,1080
39.099999992494865,-123.25000000004043,1081
39.0999999924816,-123.24166666677577,1082
39.09999999247604,-123.23333333337347,1083
39.09999999247749,-123.22500000006073,1084
39.09999999248056,-123.21666666676697,1085
39.09999999247983,-123.20833333338503,1086
39.0999999924792,-123.20000000010337,1087
39.09999999248278,-123.19166666672517,1088
39.099999992485145,-123.1833333334098,1089
39.099999992475944,-123.17500000007536,1090
39.09999999247809,-123.1666666667369,1091
39.09999999248613,-123.15833333341867,1092
39.09999999248502,-123.1500000000745,1093
39.0999999924881,-123.14166666669276,1094
39.09999999248984,-123.1333333334511,1095
39.09999999248476,-123.12500000005038,1096
39.09999999247191,-123.11666666675889,1097
39.09999999247884,-123.1083333334092,1098
39.09166665919428,-123.2916666667148,1099
39.09166665919539,-123.28333333340449,1100
39.091666659200115,-123.27500000007814,1101
39.091666659188974,-123.26666666674865,1102
39.09166665917545,-123.25833333341522,1103
39.091666659177726,-123.2500000000305,1104
39.09166665917625,-123.24166666676122,1105
39.09166665917519,-123.23333333337706,1106
39.091666659188036,-123.22500000008088,1107
39.091666659185655,-123.21666666674794,1108
39.09166665917683,-123.20833333338818,1109
39.09166665917036,-123.20000000008841,1110
39.0916666591701,-123.19166666674568,1111
39.09166665917063,-123.18333333339413,1112
39.09166665918068,-123.17500000009244,1113
39.09166665918526,-123.16666666673098,1114
39.09166665916465,-123.15833333340373,1115
39.0916666591653,-123.15000000008862,1116
39.091666659177044,-123.14166666670324,1117
39.09166665917555,-123.13333333344106,1118
39.09166665917383,-123.12500000004911,1119
39.09166665917593,-123.11666666674232,1120
39.09166665917166,-123.10833333343022,1121
39.08333332584197,-123.2916666667308,1122
39.083333325848606,-123.2833333334013,1123
39.08333332583736,-123.27500000007048,1124
39.08333332584059,-123.26666666674315,1125
39.083333325843476,-123.25833333340303,1126
39.08333332584554,-123.25000000004987,1127
39.083333325855385,-123.24166666675572,1128
39.083333325858085,-123.23333333338533,1129
39.08333332584855,-123.22500000007808,1130
39.0833333258495,-123.21666666674835,1131
39.08333332586022,-123.20833333339093,1132
39.083333325856415,-123.20000000006861,1133
39.083333325851534,-123.19166666675692,1134
39.083333325858966,-123.18333333339609,1135
39.08333332585908,-123.17500000010737,1136
39.083333325846375,-123.1666666667026,1137
39.08333332585312,-123.15833333340912,1138
39.08333332585495,-123.15000000008737,1139
39.083333325851015,-123.14166666671748,1140
39.08333332584509,-123.13333333341447,1141
39.083333325850774,-123.12500000008231,1142
39.08333332586721,-123.11666666673987,1143
39.08333332586007,-123.10833333341371,1144
39.07499999262306,-123.27500000006485,1145
39.07499999262585,-123.2666666667588,1146
39.074999992630474,-123.25833333339986,1147
39.07499999262206,-123.25000000004253,1148
39.074999992614124,-123.24166666676621,1149
39.07499999261547,-123.23333333338158,1150
39.074999992615844,-123.22500000006663,1151
39.07499999262406,-123.21666666677504,1152
39.074999992625386,-123.20833333338423,1153
39.0749999926284,-123.20000000007398,1154
39.07499999263229,-123.1916666667499,1155
39.074999992612774,-123.18333333338306,1156
39.07499999259746,-123.17500000009514,1157
39.07499999261858,-123.1666666667288,1158
39.074999992632975,-123.15833333341797,1159
39.074999992620924,-123.15000000006157,1160
39.07499999261929,-123.14166666673405,1161
39.07499999262255,-123.13333333339348,1162
39.07499999262519,-123.12500000011713,1163
39.07499999262166,-123.11666666672647,1164
39.07499999262526,-123.10833333342129,1165
39.07499999262087,-123.10000000003912,1166
39.06666665925339,-123.26666666672418,1167
39.06666665924023,-123.25833333342034,1168
39.06666665924905,-123.25000000002274,1169
39.06666665925567,-123.24166666678379,1170
39.066666659268876,-123.23333333338817,1171
39.066666659269124,-123.22500000006106,1172
39.066666659255674,-123.21666666677191,1173
39.06666665924662,-123.20833333337457,1174
39.066666659246096,-123.20000000008778,1175
39.06666665925332,-123.19166666675456,1176
39.06666665926288,-123.18333333336187,1177
39.06666665927395,-123.17500000010928,1178
39.06666665926685,-123.16666666673794,1179
39.06666665925034,-123.15833333340531,1180
39.066666659256605,-123.15000000006465,1181
39.06666665925639,-123.1416666667279,1182
39.06666665925375,-123.13333333340067,1183
39.066666659257365,-123.12500000012028,1184
39.06666665925676,-123.11666666671643,1185
39.066666659255965,-123.108333333436,1186
39.066666659258715,-123.10000000002165,1187
39.066666659249805,-123.09166666680433,1188
39.06666665924748,-123.08333333341956,1189
39.0583333259242,-123.26666666669296,1190
39.05833332593028,-123.25833333343978,1191
39.05833332593214,-123.25000000002103,1192
39.05833332592443,-123.24166666678363,1193
39.05833332590641,-123.23333333338036,1194
39.05833332591046,-123.225000000076,1195
39.058333325926505,-123.21666666676124,1196
39.05833332592074,-123.20833333336063,1197
39.05833332592547,-123.20000000010869,1198
39.05833332593061,-123.19166666675417,1199
39.05833332592581,-123.18333333337014,1200
39.058333325915164,-123.17500000010172,1201
39.058333325907434,-123.16666666672091,1202
39.05833332591573,-123.15833333340869,1203
39.05833332592527,-123.1500000000875,1204
39.05833332592589,-123.14166666670573,1205
39.05833332592602,-123.13333333341866,1206
39.05833332592014,-123.12500000009852,1207
39.05833332591691,-123.11666666673185,1208
39.058333325915434,-123.10833333341684,1209
39.05833332592436,-123.10000000006018,1210
39.05833332593813,-123.09166666677385,1211
39.058333325931955,-123.08333333343595,1212
39.049999992629516,-123.2666666667189,1213
39.049999992635286,-123.25833333343347,1214
39.049999992629466,-123.25000000002076,1215
39.049999992625565,-123.24166666676466,1216
39.04999999264174,-123.23333333339632,1217
39.04999999263951,-123.22500000006309,1218
39.0499999926182,-123.21666666676539,1219
39.049999992633815,-123.20833333337286,1220
39.049999992633715,-123.20000000010414,1221
39.04999999262176,-123.19166666674741,1222
39.049999992635115,-123.1833333333911,1223
39.04999999264459,-123.1750000000788,1224
39.04999999264934,-123.16666666673889,1225
39.04999999264881,-123.15833333340358,1226
39.049999992632586,-123.15000000008152,1227
39.04999999262825,-123.14166666670558,1228
39.04999999262565,-123.13333333341473,1229
39.04999999263316,-123.12500000010519,1230
39.04999999264527,-123.1166666667399,1231
39.04999999264711,-123.10833333340938,1232
39.049999992637794,-123.10000000006697,1233
39.04999999262564,-123.09166666676973,1234
39.04999999261464,-123.08333333341159,1235
39.049999992618076,-123.07500000005997,1236
39.04999999263032,-123.06666666674329,1237
39.04166665927936,-123.2583333334084,1238
39.0416666592747,-123.25000000002849,1239
39.04166665929279,-123.24166666678043,1240
39.041666659290485,-123.23333333340352,1241
39.04166665928127,-123.22500000003697,1242
39.04166665929285,-123.21666666677537,1243
39.04166665929605,-123.20833333339408,1244
39.041666659285426,-123.20000000006513,1245
39.04166665928398,-123.1916666667642,1246
39.04166665927673,-123.18333333338444,1247
39.04166665926776,-123.1750000000863,1248
39.04166665927514,-123.16666666675148,1249
39.04166665926959,-123.15833333338091,1250
39.041666659278704,-123.15000000009239,1251
39.04166665929232,-123.14166666671011,1252
39.04166665929537,-123.13333333341093,1253
39.0416666592823,-123.12500000009975,1254
39.04166665927603,-123.11666666675497,1255
39.04166665928492,-123.10833333341213,1256
39.04166665928456,-123.10000000004817,1257
39.04166665927893,-123.09166666675904,1258
39.04166665928597,-123.08333333341572,1259
39.04166665929048,-123.07500000006904,1260
39.033333325985765,-123.25833333341052,1261
39.033333325995805,-123.25000000003531,1262
39.0333333259881,-123.24166666679079,1263
39.03333332598079,-123.23333333337723,1264
39.03333332597808,-123.22500000004348,1265
39.033333325974525,-123.21666666678216,1266
39.03333332597406,-123.20833333339179,1267
39.033333325985474,-123.20000000006873,1268
39.033333325984486,-123.19166666675655,1269
39.03333332597493,-123.18333333336422,1270
39.03333332598909,-123.17500000011516,1271
39.03333332598377,-123.16666666672606,1272
39.03333332597234,-123.15833333337821,1273
39.03333332597777,-123.15000000011918,1274
39.03333332597539,-123.14166666670194,1275
39.03333332597393,-123.13333333342167,1276
39.0333333259774,-123.1250000000731,1277
39.03333332597535,-123.11666666676784,1278
39.033333325962225,-123.10833333339222,1279
39.03333332595595,-123.10000000005705,1280
39.03333332597942,-123.09166666677976,1281
39.03333332599395,-123.08333333343076,1282
39.0333333259939,-123.0750000000614,1283
39.02499999269841,-123.25833333339929,1284
39.02499999269867,-123.25000000006361,1285
39.024999992702206,-123.24166666675555,1286
39.02499999269407,-123.23333333338691,1287
39.02499999270664,-123.22500000005014,1288
39.02499999270608,-123.2166666667687,1289
39.024999992696536,-123.20833333338871,1290
39.024999992696145,-123.2000000000901,1291
39.024999992704096,-123.1916666667467,1292
39.024999992710306,-123.18333333336851,1293
39.02499999269973,-123.17500000011681,1294
39.02499999269538,-123.16666666670832,1295
39.024999992715244,-123.15833333340994,1296
39.02499999271122,-123.15000000008976,1297
39.024999992701545,-123.14166666671143,1298
39.024999992699605,-123.13333333340655,1299
39.02499999269493,-123.12500000008626,1300
39.024999992700835,-123.1166666667611,1301
39.02499999270248,-123.10833333337999,1302
39.02499999271319,-123.10000000007666,1303
39.02499999270355,-123.09166666678304,1304
39.02499999268684,-123.08333333342381,1305
39.02499999269056,-123.07500000007445,1306
39.02499999270446,-123.06666666672385,1307
39.01666665935516,-123.25833333338169,1308
39.01666665934519,-123.25000000006513,1309
39.01666665934038,-123.24166666675191,1310
39.01666665934956,-123.2333333333923,1311
39.016666659348274,-123.2250000000634,1312
39.01666665935485,-123.21666666676542,1313
39.01666665935436,-123.20833333337535,1314
39.016666659346,-123.20000000008895,1315
39.01666665934816,-123.19166666676458,1316
39.016666659350456,-123.18333333336471,1317
39.01666665934743,-123.17500000009811,1318
39.016666659347855,-123.16666666672049,1319
39.01666665933664,-123.15833333341214,1320
39.01666665934143,-123.15000000008878,1321
39.01666665935669,-123.14166666672169,1322
39.01666665936268,-123.13333333340302,1323
39.01666665935853,-123.12500000007513,1324
39.01666665935291,-123.11666666677267,1325
39.01666665936378,-123.10833333338915,1326
39.01666665934784,-123.10000000005883,1327
39.01666665935147,-123.09166666679093,1328
39.016666659364134,-123.0833333334092,1329
39.01666665935672,-123.07500000008292,1330
39.01666665935673,-123.06666666673839,1331
39.01666665935353,-123.05833333337812,1332
39.00833332605522,-123.25833333339591,1333
39.00833332606273,-123.25000000004684,1334
39.00833332606307,-123.2416666667628,1335
39.00833332606042,-123.23333333339225,1336
39.00833332606362,-123.2250000000666,1337
39.00833332606239,-123.21666666677106,1338
39.00833332606085,-123.20833333336634,1339
39.0083333260629,-123.20000000008753,1340
39.00833332605354,-123.19166666675407,1341
39.00833332606069,-123.18333333339088,1342
39.008333326073966,-123.17500000008893,1343
39.00833332607833,-123.16666666673758,1344
39.00833332607322,-123.15833333336805,1345
39.00833332605288,-123.1500000001071,1346
39.00833332605445,-123.14166666673125,1347
39.008333326058214,-123.13333333340961,1348
39.00833332606792,-123.12500000007773,1349
39.00833332605914,-123.11666666674621,1350
39.00833332604055,-123.10833333340284,1351
39.00833332605858,-123.10000000004858,1352
39.00833332606495,-123.09166666681772,1353
39.00833332606364,-123.08333333340124,1354
39.008333326058356,-123.07500000006985,1355
39.008333326048074,-123.06666666673446,1356
39.00833332605568,-123.05833333338936,1357
39.008333326061276,-123.05000000010615,1358
38.999999992732185,-123.25833333340145,1359
38.99999999272806,-123.25000000004688,1360
38.99999999273308,-123.24166666677162,1361
38.99999999274166,-123.23333333339323,1362
38.999999992739056,-123.22500000006663,1363
38.99999999272459,-123.21666666674498,1364
38.99999999271633,-123.20833333337622,1365
38.99999999272801,-123.2000000001004,1366
38.999999992749274,-123.19166666676092,1367
38.99999999274625,-123.18333333339085,1368
38.999999992727695,-123.17500000008022,1369
38.99999999272587,-123.16666666675054,1370
38.999999992735304,-123.15833333336231,1371
38.99999999274587,-123.15000000009664,1372
38.99999999273753,-123.14166666673054,1373
38.99999999273322,-123.13333333340942,1374
38.99999999272772,-123.12500000008485,1375
38.999999992729414,-123.11666666672735,1376
38.999999992742026,-123.10833333341182,1377
38.99999999274575,-123.10000000007565,1378
38.99999999273038,-123.09166666677574,1379
38.99999999271876,-123.08333333342185,1380
38.99999999272885,-123.07500000005713,1381
38.999999992731155,-123.06666666673398,1382
38.99999999272968,-123.05833333339997,1383
38.99999999272802,-123.05000000010206,1384
38.9999999927159,-123.04166666674236,1385
38.99999999271614,-123.03333333338873,1386
38.99999999273698,-123.02500000009326,1387
38.991666659476124,-123.27500000007586,1388
38.9916666594593,-123.26666666673694,1389
38.991666659454886,-123.25833333341298,1390
38.99166665946683,-123.25000000004832,1391
38.99166665946137,-123.24166666676946,1392
38.99166665944269,-123.23333333337864,1393
38.99166665944779,-123.22500000008543,1394
38.99166665946663,-123.21666666673343,1395
38.99166665947492,-123.20833333338784,1396
38.99166665946701,-123.20000000009497,1397
38.991666659447006,-123.19166666676843,1398
38.99166665944256,-123.18333333337098,1399
38.99166665945288,-123.17500000008643,1400
38.99166665946292,-123.16666666675789,1401
38.99166665946254,-123.15833333336994,1402
38.99166665946046,-123.15000000010308,1403
38.99166665946051,-123.14166666671034,1404
38.991666659457145,-123.13333333341691,1405
38.9916666594637,-123.12500000007911,1406
38.99166665947464,-123.11666666675403,1407
38.99166665947016,-123.10833333339865,1408
38.99166665945896,-123.10000000007643,1409
38.99166665945431,-123.09166666674176,1410
38.99166665945031,-123.08333333342996,1411
38.99166665945095,-123.0750000000668,1412
38.99166665946021,-123.0666666667435,1413
38.99166665946287,-123.05833333339238,1414
38.99166665946752,-123.05000000011458,1415
38.99166665948243,-123.04166666673439,1416
38.991666659487656,-123.03333333340572,1417
38.99166665946825,-123.0250000000786,1418
38.991666659456314,-123.01666666677959,1419
38.99166665946036,-123.00833333337123,1420
38.99166665946507,-123.00000000008252,1421
38.9833333260605,-123.25833333342163,1422
38.98333332605475,-123.25000000004994,1423
38.9833333260572,-123.24166666676287,1424
38.98333332607671,-123.23333333338657,1425
38.98333332607479,-123.22500000008274,1426
38.98333332606957,-123.21666666675867,1427
38.983333326074536,-123.20833333338456,1428
38.98333332607003,-123.20000000007771,1429
38.98333332606949,-123.19166666675169,1430
38.98333332606749,-123.18333333337704,1431
38.983333326072774,-123.17500000010621,1432
38.98333332606101,-123.16666666673527,1433
38.98333332605954,-123.15833333338954,1434
38.98333332606286,-123.15000000008557,1435
38.983333326065754,-123.1416666667327,1436
38.983333326076654,-123.13333333340701,1437
38.98333332607085,-123.12500000009025,1438
38.9833333260666,-123.11666666675396,1439
38.98333332606796,-123.10833333339356,1440
38.983333326064404,-123.1000000000571,1441
38.98333332606922,-123.09166666676141,1442
38.98333332607219,-123.08333333340862,1443
38.98333332607234,-123.07500000008945,1444
38.98333332607333,-123.0666666667378,1445
38.98333332606489,-123.05833333338849,1446
38.98333332606024,-123.0500000001185,1447
38.98333332605374,-123.04166666674442,1448
38.98333332605399,-123.03333333340478,1449
38.98333332606455,-123.02500000006496,1450
38.983333326065484,-123.01666666677502,1451
38.98333332606534,-123.00833333338227,1452
38.98333332607728,-123.00000000009906,1453
38.98333332606708,-122.99166666672193,1454
38.974999992842434,-123.25000000006641,1455
38.97499999284277,-123.24166666675104,1456
38.974999992824245,-123.23333333340001,1457
38.974999992823875,-123.22500000006549,1458
38.9749999928316,-123.21666666678007,1459
38.9749999928278,-123.20833333336508,1460
38.97499999282593,-123.20000000008663,1461
38.97499999283477,-123.19166666675652,1462
38.97499999283466,-123.18333333336871,1463
38.97499999282944,-123.17500000011465,1464
38.97499999283252,-123.16666666671244,1465
38.97499999282447,-123.15833333339658,1466
38.974999992827954,-123.15000000008982,1467
38.97499999283255,-123.14166666674087,1468
38.97499999282343,-123.1333333334018,1469
38.974999992823534,-123.12500000008603,1470
38.97499999281772,-123.11666666674154,1471
38.97499999282399,-123.10833333341857,1472
38.974999992841376,-123.10000000005496,1473
38.97499999284543,-123.09166666677822,1474
38.97499999284479,-123.08333333339567,1475
38.974999992838505,-123.07500000009225,1476
38.97499999283518,-123.06666666673115,1477
38.97499999283848,-123.05833333338664,1478
38.97499999283811,-123.05000000011206,1479
38.974999992833055,-123.04166666673171,1480
38.97499999282692,-123.03333333340768,1481
38.97499999282361,-123.02500000007404,1482
38.97499999283173,-123.01666666678088,1483
38.974999992835926,-123.0083333333831,1484
38.97499999282087,-123.00000000009305,1485
38.97499999282357,-122.99166666671552,1486
38.97499999282407,-122.98333333345046,1487
38.966666659504185,-123.2416666667563,1488
38.96666665951774,-123.23333333338653,1489
38.966666659508874,-123.22500000006369,1490
38.96666665949104,-123.21666666676516,1491
38.96666665949192,-123.20833333337518,1492
38.96666665951104,-123.20000000010505,1493
38.966666659509585,-123.19166666675031,1494
38.96666665950564,-123.18333333336822,1495
38.96666665949868,-123.17500000009498,1496
38.96666665950676,-123.16666666675056,1497
38.9666666595148,-123.15833333335844,1498
38.96666665949843,-123.15000000010666,1499
38.966666659499495,-123.14166666673339,1500
38.96666665951246,-123.13333333341564,1501
38.966666659508,-123.12500000006496,1502
38.966666659499424,-123.11666666673881,1503
38.96666665950005,-123.10833333343268,1504
38.966666659495026,-123.10000000006133,1505
38.966666659488084,-123.09166666676708,1506
38.96666665949713,-123.08333333342073,1507
38.96666665950727,-123.07500000007354,1508
38.966666659503275,-123.06666666673777,1509
38.966666659512676,-123.05833333340101,1510
38.96666665951057,-123.05000000009359,1511
38.966666659510565,-123.04166666674179,1512
38.96666665952121,-123.03333333340508,1513
38.96666665952225,-123.02500000007294,1514
38.96666665950795,-123.0166666667718,1515
38.96666665950115,-123.00833333338788,1516
38.966666659515006,-123.00000000008626,1517
38.96666665951527,-122.99166666672721,1518
38.966666659510445,-122.9833333334316,1519
38.958333326179464,-123.24166666676936,1520
38.958333326162844,-123.23333333336844,1521
38.95833332615894,-123.22500000006066,1522
38.95833332616702,-123.21666666675203,1523
38.95833332617675,-123.20833333340589,1524
38.95833332616384,-123.20000000008463,1525
38.958333326155945,-123.1916666667553,1526
38.958333326166525,-123.18333333337424,1527
38.95833332617586,-123.17500000009292,1528
38.95833332616427,-123.16666666674679,1529
38.958333326159384,-123.15833333336742,1530
38.958333326174575,-123.15000000009572,1531
38.95833332617124,-123.14166666674053,1532
38.958333326167356,-123.13333333342355,1533
38.95833332617165,-123.12500000005677,1534
38.958333326178575,-123.11666666674425,1535
38.95833332617297,-123.108333333419,1536
38.95833332616813,-123.10000000005873,1537
38.95833332616811,-123.0916666667581,1538
38.95833332617194,-123.08333333345095,1539
38.95833332616904,-123.0750000000553,1540
38.9583333261634,-123.0666666667401,1541
38.958333326168265,-123.05833333342228,1542
38.95833332617338,-123.05000000007733,1543
38.95833332616811,-123.0416666667493,1544
38.95833332615601,-123.03333333339519,1545
38.95833332615067,-123.0250000000757,1546
38.958333326165295,-123.01666666676955,1547
38.95833332617028,-123.0083333333871,1548
38.95833332615992,-123.0000000000928,1549
38.95833332617586,-122.99166666674749,1550
38.95833332618387,-122.98333333341658,1551
38.949999992893034,-123.20833333339347,1552
38.949999992889985,-123.20000000007066,1553
38.9499999928891,-123.19166666675473,1554
38.94999999288026,-123.18333333337765,1555
38.94999999288621,-123.1750000001148,1556
38.949999992896835,-123.16666666672332,1557
38.94999999289705,-123.15833333338317,1558
38.949999992890945,-123.150000000095,1559
38.94999999288232,-123.14166666672146,1560
38.94999999287029,-123.13333333341633,1561
38.94999999287781,-123.12500000008349,1562
38.94999999288506,-123.11666666674097,1563
38.949999992886525,-123.10833333341542,1564
38.94999999288125,-123.10000000004563,1565
38.94999999288256,-123.09166666677334,1566
38.94999999287524,-123.08333333342993,1567
38.94999999286329,-123.07500000005173,1568
38.94999999287422,-123.0666666667524,1569
38.94999999287854,-123.05833333342521,1570
38.94999999287525,-123.0500000000774,1571
38.94999999287294,-123.04166666673663,1572
38.949999992875554,-123.03333333339216,1573
38.949999992882034,-123.02500000008061,1574
38.94999999287708,-123.01666666678065,1575
38.9499999928739,-123.00833333337899,1576
38.949999992885616,-123.00000000010316,1577
38.94999999287337,-122.99166666674327,1578
38.949999992869195,-122.98333333342717,1579
38.94166665955596,-123.20833333336785,1580
38.94166665954803,-123.2000000000781,1581
38.94166665955361,-123.19166666675504,1582
38.94166665956234,-123.18333333337716,1583
38.94166665955477,-123.17500000011262,1584
38.94166665954899,-123.16666666673349,1585
38.9416666595584,-123.15833333338892,1586
38.94166665956791,-123.1500000000949,1587
38.941666659572014,-123.14166666671406,1588
38.94166665957478,-123.13333333340839,1589
38.94166665956107,-123.12500000008119,1590
38.94166665954888,-123.11666666673514,1591
38.94166665954688,-123.10833333342038,1592
38.941666659563765,-123.10000000005988,1593
38.941666659570096,-123.09166666677172,1594
38.941666659565215,-123.08333333341139,1595
38.94166665957174,-123.07500000006128,1596
38.94166665957901,-123.06666666677302,1597
38.94166665956753,-123.05833333339277,1598
38.94166665955051,-123.05000000007628,1599
38.94166665956474,-123.04166666675744,1600
38.94166665957139,-123.03333333338666,1601
38.94166665956476,-123.02500000008594,1602
38.94166665957232,-123.01666666677968,1603
38.94166665957874,-123.0083333333853,1604
38.94166665955941,-123.00000000008428,1605
38.94166665956063,-122.99166666674394,1606
38.94166665957667,-122.98333333344613,1607
38.933333326214786,-123.20833333335902,1608
38.93333332621518,-123.20000000007447,1609
38.93333332621685,-123.19166666677069,1610
38.93333332622371,-123.18333333338727,1611
38.93333332622536,-123.17500000009274,1612
38.93333332622124,-123.166666666737,1613
38.93333332621517,-123.1583333333909,1614
38.933333326201655,-123.15000000008628,1615
38.93333332619902,-123.1416666667251,1616
38.93333332620143,-123.13333333340589,1617
38.933333326208036,-123.1250000000719,1618
38.9333333262182,-123.11666666674108,1619
38.933333326226396,-123.10833333342467,1620
38.933333326212455,-123.10000000006046,1621
38.93333332620891,-123.09166666677574,1622
38.933333326214814,-123.08333333340907,1623
38.93333332621494,-123.07500000007455,1624
38.93333332621328,-123.06666666676901,1625
38.933333326213486,-123.05833333337809,1626
38.93333332622415,-123.05000000008046,1627
38.93333332622073,-123.04166666677114,1628
38.93333332622108,-123.03333333338455,1629
38.9333333262288,-123.02500000008985,1630
38.93333332621928,-123.01666666677254,1631
38.93333332620607,-123.00833333338122,1632
38.93333332621624,-123.00000000007321,1633
38.93333332621556,-122.99166666675589,1634
38.933333326203254,-122.98333333344036,1635
38.93333332620174,-122.97500000006886,1636
38.92499999290407,-123.21666666675682,1637
38.92499999291332,-123.2083333333661,1638
38.924999992916824,-123.20000000007383,1639
38.92499999291847,-123.19166666677684,1640
38.92499999291774,-123.18333333339123,1641
38.9249999929138,-123.17500000008498,1642
38.9249999929105,-123.1666666667325,1643
38.92499999290728,-123.15833333338009,1644
38.92499999290795,-123.1500000000759,1645
38.924999992911644,-123.14166666673725,1646
38.92499999291285,-123.13333333339976,1647
38.92499999291563,-123.12500000009354,1648
38.9249999929237,-123.1166666667496,1649
38.92499999291233,-123.10833333341088,1650
38.92499999290474,-123.10000000003868,1651
38.92499999290928,-123.09166666679917,1652
38.92499999291073,-123.0833333333978,1653
38.924999992908475,-123.07500000008228,1654
38.924999992901505,-123.06666666674704,1655
38.9249999929031,-123.05833333340304,1656
38.924999992912255,-123.05000000008827,1657
38.92499999291369,-123.04166666676004,1658
38.924999992915986,-123.0333333334,1659
38.92499999290881,-123.02500000007527,1660
38.924999992905384,-123.01666666676569,1661
38.92499999291388,-123.00833333338028,1662
38.92499999291932,-123.00000000009997,1663
38.924999992915986,-122.99166666672245,1664
38.924999992912,-122.98333333344684,1665
38.91666665963008,-123.21666666674273,1666
38.91666665962545,-123.2083333333878,1667
38.91666665964062,-123.200000000083,1668
38.916666659637045,-123.19166666676448,1669
38.916666659618585,-123.18333333337185,1670
38.91666665962714,-123.17500000011198,1671
38.916666659643,-123.16666666672624,1672
38.91666665964644,-123.15833333338671,1673
38.91666665964619,-123.15000000006997,1674
38.916666659631815,-123.14166666672553,1675
38.916666659640505,-123.13333333342783,1676
38.916666659652485,-123.12500000008981,1677
38.916666659633705,-123.11666666673563,1678
38.91666665962601,-123.10833333339332,1679
38.916666659647355,-123.10000000007895,1680
38.91666665965436,-123.09166666677794,1681
38.91666665964145,-123.08333333340009,1682
38.91666665963582,-123.07500000006698,1683
38.91666665964146,-123.06666666676016,1684
38.916666659648094,-123.05833333340352,1685
38.91666665963083,-123.0500000000744,1686
38.9166666596268,-123.0416666667696,1687
38.91666665963033,-123.03333333340005,1688
38.9166666596261,-123.0250000000564,1689
38.91666665962732,-123.0166666667809,1690
38.916666659628284,-123.0083333333807,1691
38.91666665962326,-123.00000000010026,1692
38.91666665963004,-122.99166666672785,1693
38.91666665963826,-122.98333333344844,1694
38.916666659642154,-122.97500000006222,1695
38.91666665964522,-122.96666666675424,1696
38.91666665964167,-122.95833333342405,1697
38.90833332628616,-123.21666666674682,1698
38.90833332628603,-123.20833333337582,1699
38.90833332626964,-123.200000000093,1700
38.908333326269364,-123.19166666674815,1701
38.908333326284406,-123.18333333338255,1702
38.90833332628574,-123.17500000011762,1703
38.90833332626791,-123.16666666671733,1704
38.90833332625825,-123.15833333338539,1705
38.90833332626087,-123.15000000007527,1706
38.908333326279866,-123.14166666672784,1707
38.90833332627625,-123.13333333343391,1708
38.908333326258756,-123.12500000007464,1709
38.9083333262692,-123.11666666673707,1710
38.90833332628315,-123.1083333334022,1711
38.908333326271155,-123.10000000008552,1712
38.90833332626544,-123.09166666677352,1713
38.908333326274644,-123.08333333339839,1714
38.90833332628389,-123.07500000007464,1715
38.908333326282566,-123.06666666675963,1716
38.90833332626471,-123.05833333338552,1717
38.90833332627706,-123.0500000000843,1718
38.9083333262808,-123.04166666675923,1719
38.908333326270245,-123.03333333339884,1720
38.908333326282175,-123.0250000000703,1721
38.9083333262777,-123.01666666676161,1722
38.90833332626539,-123.00833333338124,1723
38.90833332628196,-123.00000000011879,1724
38.908333326279234,-122.99166666671604,1725
38.90833332626536,-122.98333333345094,1726
38.90833332626775,-122.97500000007014,1727
38.90833332627137,-122.96666666675739,1728
38.90833332627971,-122.9583333334288,1729
38.899999993002226,-123.22500000010574,1730
38.899999992991106,-123.21666666673661,1731
38.89999999299471,-123.20833333339174,1732
38.89999999301226,-123.200000000079,1733
38.89999999301448,-123.19166666676534,1734
38.89999999300087,-123.1833333333677,1735
38.899999992989514,-123.17500000011592,1736
38.899999992998474,-123.16666666670439,1737
38.899999993008315,-123.15833333339864,1738
38.899999993013246,-123.15000000007447,1739
38.89999999299815,-123.14166666673509,1740
38.89999999299094,-123.13333333340881,1741
38.89999999299542,-123.12500000007816,1742
38.89999999299639,-123.1166666667524,1743
38.89999999300255,-123.10833333342009,1744
38.899999993008336,-123.10000000005738,1745
38.89999999299854,-123.09166666677606,1746
38.89999999299608,-123.08333333340701,1747
38.89999999299999,-123.07500000008771,1748
38.899999992995014,-123.06666666673614,1749
38.89999999299941,-123.05833333338676,1750
38.89999999299325,-123.0500000000933,1751
38.89999999299446,-123.04166666675836,1752
38.89999999300659,-123.03333333340231,1753
38.8999999929958,-123.02500000006873,1754
38.899999992998836,-123.01666666676083,1755
38.89999999300998,-123.00833333338008,1756
38.89999999299996,-123.00000000013077,1757
38.899999993000506,-122.99166666670045,1758
38.89999999301085,-122.9833333334607,1759
38.89999999300635,-122.97500000005685,1760
38.899999992995106,-122.96666666675809,1761
38.899999992980966,-122.95833333341855,1762
38.89999999298171,-122.95000000010927,1763
38.89999999300578,-122.94166666671771,1764
38.89999999301418,-122.93333333338914,1765
38.899999993010304,-122.92500000008569,1766
38.89166665963388,-123.23333333339471,1767
38.891666659625756,-123.22500000009686,1768
38.89166665963013,-123.2166666667344,1769
38.891666659636705,-123.20833333341075,1770
38.89166665962578,-123.20000000007093,1771
38.89166665962998,-123.19166666678404,1772
38.891666659634296,-123.18333333333365,1773
38.891666659623645,-123.17500000011366,1774
38.89166665962107,-123.16666666671718,1775
38.89166665963502,-123.15833333342513,1776
38.891666659636456,-123.1500000000585,1777
38.89166665964368,-123.1416666667381,1778
38.891666659650916,-123.13333333340584,1779
38.89166665963834,-123.12500000006773,1780
38.891666659643164,-123.1166666667724,1781
38.891666659650205,-123.10833333342192,1782
38.89166665963502,-123.10000000004003,1783
38.8916666596298,-123.09166666676863,1784
38.89166665963361,-123.08333333341666,1785
38.891666659636165,-123.07500000008875,1786
38.891666659636506,-123.06666666672747,1787
38.89166665963363,-123.05833333339795,1788
38.891666659636144,-123.05000000007614,1789
38.891666659638396,-123.04166666678121,1790
38.891666659639355,-123.03333333340106,1791
38.891666659637956,-123.02500000004986,1792
38.89166665964277,-123.01666666679266,1793
38.891666659638474,-123.00833333335954,1794
38.89166665963358,-123.00000000012669,1795
38.89166665964629,-122.99166666672637,1796
38.89166665963729,-122.98333333343699,1797
38.891666659638624,-122.97500000007535,1798
38.89166665964956,-122.96666666673907,1799
38.89166665964036,-122.95833333339904,1800
38.891666659628775,-122.95000000011085,1801
38.89166665961862,-122.9416666667391,1802
38.89166665962302,-122.93333333338883,1803
38.89166665963614,-122.92500000010124,1804
38.89166665964245,-122.91666666676745,1805
38.883333326378796,-123.20000000007562,1806
38.88333332637461,-123.19166666677941,1807
38.88333332638179,-123.18333333335727,1808
38.8833333263853,-123.17500000007827,1809
38.88333332638432,-123.16666666674666,1810
38.88333332638291,-123.15833333341638,1811
38.88333332637562,-123.15000000005757,1812
38.88333332637086,-123.14166666674313,1813
38.88333332637272,-123.13333333341582,1814
38.883333326389916,-123.12500000006537,1815
38.88333332637878,-123.11666666676433,1816
38.88333332636689,-123.108333333422,1817
38.883333326381845,-123.10000000003957,1818
38.883333326380246,-123.09166666675785,1819
38.88333332638007,-123.08333333343337,1820
38.8833333263803,-123.07500000007664,1821
38.88333332637533,-123.06666666673195,1822
38.88333332637381,-123.05833333338617,1823
38.88333332637932,-123.05000000010118,1824
38.883333326381596,-123.04166666676365,1825
38.88333332637497,-123.03333333340926,1826
38.88333332637725,-123.02500000004316,1827
38.88333332636388,-123.01666666678526,1828
38.883333326366945,-123.0083333333649,1829
38.88333332636644,-123.00000000011245,1830
38.883333326356635,-122.99166666674543,1831
38.88333332636497,-122.98333333341684,1832
38.883333326371414,-122.97500000010832,1833
38.883333326374796,-122.96666666672971,1834
38.88333332637399,-122.95833333339188,1835
38.88333332638248,-122.95000000011291,1836
38.88333332638944,-122.94166666673182,1837
38.883333326388644,-122.93333333340209,1838
38.88333332637928,-122.92500000009419,1839
38.88333332636516,-122.91666666676163,1840
38.8833333263686,-122.90833333342586,1841
38.883333326383706,-122.90000000008263,1842
38.87499999302623,-123.19166666676547,1843
38.87499999302124,-123.18333333337479,1844
38.874999993033406,-123.17500000008661,1845
38.87499999304769,-123.16666666676026,1846
38.8749999930301,-123.15833333337144,1847
38.87499999302717,-123.15000000008563,1848
38.87499999304299,-123.14166666673334,1849
38.874999993033946,-123.13333333341376,1850
38.87499999302765,-123.1250000000854,1851
38.874999993028126,-123.11666666672673,1852
38.874999993020246,-123.10833333342698,1853
38.874999993021945,-123.10000000006208,1854
38.874999993041946,-123.09166666676566,1855
38.87499999304142,-123.08333333342439,1856
38.87499999302408,-123.0750000000574,1857
38.87499999303671,-123.06666666676382,1858
38.87499999304976,-123.05833333337333,1859
38.874999993043346,-123.05000000011255,1860
38.87499999303533,-123.04166666674278,1861
38.87499999303431,-123.03333333341745,1862
38.8749999930346,-123.02500000003924,1863
38.87499999303977,-123.01666666677563,1864
38.874999993044476,-123.00833333338736,1865
38.87499999304263,-123.00000000008613,1866
38.87499999303776,-122.99166666674752,1867
38.87499999303877,-122.98333333343018,1868
38.87499999303486,-122.97500000009919,1869
38.87499999302957,-122.96666666673569,1870
38.87499999303636,-122.95833333339577,1871
38.874999993039815,-122.95000000012871,1872
38.87499999304337,-122.94166666673335,1873
38.87499999303656,-122.93333333338802,1874
38.87499999303248,-122.92500000008607,1875
38.8749999930442,-122.91666666676576,1876
38.87499999305155,-122.90833333343949,1877
38.87499999303437,-122.90000000006556,1878
38.87499999301998,-122.89166666675412,1879
38.86666665974914,-123.19166666676489,1880
38.86666665975033,-123.18333333336909,1881
38.86666665974186,-123.17500000009842,1882
38.86666665972785,-123.16666666674888,1883
38.86666665973595,-123.15833333336714,1884
38.86666665975108,-123.15000000011007,1885
38.866666659743856,-123.14166666672311,1886
38.86666665973726,-123.13333333339816,1887
38.86666665974002,-123.12500000009514,1888
38.86666665973698,-123.11666666671273,1889
38.86666665974144,-123.10833333343534,1890
38.866666659743245,-123.10000000005951,1891
38.86666665974138,-123.09166666679815,1892
38.8666666597492,-123.08333333340394,1893
38.866666659742165,-123.07500000003763,1894
38.86666665972394,-123.06666666677434,1895
38.86666665972204,-123.05833333338127,1896
38.86666665973085,-123.05000000010855,1897
38.86666665973042,-123.04166666673284,1898
38.866666659729326,-123.03333333342394,1899
38.86666665974082,-123.02500000005219,1900
38.86666665974493,-123.01666666677798,1901
38.8666666597452,-123.0083333333932,1902
38.86666665974553,-123.00000000007782,1903
38.86666665974022,-122.99166666673905,1904
38.86666665973738,-122.98333333343562,1905
38.866666659736296,-122.97500000008553,1906
38.86666665973117,-122.96666666673218,1907
38.86666665973477,-122.95833333341643,1908
38.86666665973662,-122.9500000001168,1909
38.86666665972631,-122.9416666667341,1910
38.866666659731216,-122.93333333338416,1911
38.86666665973582,-122.92500000009082,1912
38.86666665972462,-122.91666666676187,1913
38.86666665971573,-122.90833333344084,1914
38.8666666597268,-122.90000000005413,1915
38.866666659737625,-122.89166666675972,1916
38.86666665973773,-122.88333333345835,1917
38.866666659735046,-122.87500000004498,1918
38.86666665973794,-122.86666666675694,1919
38.8583333264016,-123.1833333333705,1920
38.85833332640509,-123.17500000008883,1921
38.858333326404676,-123.16666666673466,1922
38.85833332639954,-123.15833333338625,1923
38.858333326393755,-123.15000000010636,1924
38.85833332640072,-123.1416666667264,1925
38.85833332640531,-123.13333333339159,1926
38.85833332640197,-123.12500000010075,1927
38.85833332640872,-123.11666666671321,1928
38.85833332641068,-123.10833333344551,1929
38.858333326402295,-123.10000000003845,1930
38.85833332639191,-123.09166666679901,1931
38.858333326392824,-123.08333333341744,1932
38.85833332640905,-123.07500000003927,1933
38.85833332642068,-123.06666666676185,1934
38.85833332642673,-123.05833333340063,1935
38.858333326416904,-123.05000000008751,1936
38.858333326409095,-123.0416666667403,1937
38.8583333264069,-123.0333333334111,1938
38.85833332639535,-123.02500000006496,1939
38.85833332640193,-123.01666666678284,1940
38.85833332640166,-123.00833333338835,1941
38.85833332639846,-123.00000000007792,1942
38.85833332640084,-122.99166666673409,1943
38.85833332641234,-122.98333333345491,1944
38.858333326412925,-122.9750000000654,1945
38.85833332641572,-122.96666666674847,1946
38.85833332642458,-122.95833333342068,1947
38.858333326405145,-122.95000000008358,1948
38.858333326403724,-122.941666666748,1949
38.858333326404825,-122.93333333338013,1950
38.8583333264026,-122.92500000009879,1951
38.8583333264152,-122.9166666667562,1952
38.85833332642201,-122.90833333344305,1953
38.85833332642683,-122.90000000007812,1954
38.858333326423796,-122.89166666674858,1955
38.85833332641622,-122.88333333345713,1956
38.85833332642219,-122.87500000005159,1957
38.85833332642148,-122.86666666675394,1958
38.85833332640769,-122.85833333342168,1959
38.849999993139,-123.18333333336223,1960
38.84999999314404,-123.17500000011117,1961
38.84999999315642,-123.16666666673204,1962
38.84999999315173,-123.15833333337264,1963
38.84999999314801,-123.1500000001043,1964
38.84999999314442,-123.141666666734,1965
38.84999999314503,-123.13333333339256,1966
38.84999999314431,-123.12500000009308,1967
38.84999999314601,-123.11666666673482,1968
38.84999999314453,-123.10833333342475,1969
38.84999999313898,-123.1000000000362,1970
38.849999993138006,-123.09166666678253,1971
38.84999999313137,-123.08333333342452,1972
38.849999993141665,-123.07500000007593,1973
38.849999993149,-123.06666666675642,1974
38.84999999313841,-123.05833333339856,1975
38.84999999313249,-123.05000000006356,1976
38.849999993144465,-123.04166666677108,1977
38.8499999931451,-123.03333333337773,1978
38.84999999313799,-123.02500000006756,1979
38.84999999313635,-123.01666666678838,1980
38.84999999313946,-123.00833333338748,1981
38.849999993141246,-123.00000000007644,1982
38.84999999314058,-122.99166666673841,1983
38.84999999313207,-122.98333333345555,1984
38.849999993138205,-122.97500000007578,1985
38.8499999931435,-122.9666666667514,1986
38.84999999313754,-122.95833333342257,1987
38.84999999315238,-122.95000000007413,1988
38.849999993148984,-122.94166666674951,1989
38.84999999315011,-122.93333333338232,1990
38.84999999314489,-122.92500000008437,1991
38.849999993132094,-122.91666666677027,1992
38.84999999312519,-122.90833333342883,1993
38.84999999312757,-122.90000000010423,1994
38.849999993142575,-122.89166666674221,1995
38.84999999314077,-122.88333333344806,1996
38.84999999313517,-122.87500000006126,1997
38.84999999312909,-122.86666666673302,1998
38.84999999313088,-122.8583333334228,1999
38.84999999312998,-122.85000000009659,2000
38.84999999312504,-122.84166666675081,2001
38.84999999312903,-122.83333333342856,2002
38.84166665976717,-123.18333333337414,2003
38.84166665976362,-123.17500000010172,2004
38.84166665975012,-123.16666666673962,2005
38.84166665976392,-123.15833333338007,2006
38.84166665976143,-123.15000000008666,2007
38.841666659746714,-123.1416666667215,2008
38.84166665974741,-123.13333333340726,2009
38.84166665975771,-123.12500000009418,2010
38.84166665975807,-123.1166666667371,2011
38.841666659747574,-123.10833333340274,2012
38.84166665976314,-123.10000000007473,2013
38.84166665977562,-123.09166666676296,2014
38.84166665976976,-123.08333333342348,2015
38.841666659758864,-123.07500000007597,2016
38.84166665975159,-123.06666666675648,2017
38.841666659746934,-123.05833333337343,2018
38.84166665975817,-123.05000000009746,2019
38.84166665976069,-123.04166666676107,2020
38.84166665976311,-123.03333333339278,2021
38.84166665978329,-123.0250000000741,2022
38.84166665977271,-123.01666666676172,2023
38.841666659758836,-123.00833333339644,2024
38.84166665976449,-123.00000000007978,2025
38.84166665976968,-122.99166666674256,2026
38.84166665976362,-122.98333333342742,2027
38.84166665975018,-122.97500000009184,2028
38.84166665975219,-122.96666666674737,2029
38.841666659758836,-122.9583333334277,2030
38.84166665975001,-122.95000000007886,2031
38.84166665974848,-122.94166666673664,2032
38.84166665975768,-122.93333333341224,2033
38.84166665976715,-122.92500000006146,2034
38.841666659771036,-122.9166666667785,2035
38.84166665977272,-122.90833333341202,2036
38.841666659766325,-122.90000000011442,2037
38.841666659755646,-122.89166666673918,2038
38.84166665974403,-122.88333333342898,2039
38.84166665974909,-122.87500000007948,2040
38.84166665976999,-122.86666666673923,2041
38.841666659772166,-122.85833333342316,2042
38.841666659758914,-122.8500000000729,2043
38.84166665975749,-122.84166666676404,2044
38.84166665976194,-122.83333333342924,2045
38.84166665977087,-122.82500000005422,2046
38.833333326485025,-123.1833333333891,2047
38.833333326490994,-123.17500000009073,2048
38.83333332649353,-123.16666666673255,2049
38.83333332647757,-123.1583333333836,2050
38.833333326480385,-123.15000000008361,2051
38.83333332648682,-123.14166666671092,2052
38.833333326481785,-123.1333333334107,2053
38.83333332648358,-123.12500000011063,2054
38.83333332649131,-123.11666666673395,2055
38.83333332649445,-123.10833333339376,2056
38.83333332647809,-123.10000000008242,2057
38.833333326474495,-123.09166666676988,2058
38.833333326482716,-123.08333333342043,2059
38.833333326487825,-123.07500000006952,2060
38.833333326479234,-123.06666666673675,2061
38.83333332647486,-123.05833333337822,2062
38.83333332647399,-123.05000000010978,2063
38.83333332647567,-123.04166666675569,2064
38.83333332648347,-123.03333333341499,2065
38.83333332647741,-123.02500000007514,2066
38.83333332647571,-123.01666666674042,2067
38.83333332647732,-123.00833333339747,2068
38.83333332648577,-123.00000000010196,2069
38.83333332648604,-122.99166666672933,2070
38.83333332649131,-122.98333333343933,2071
38.83333332649542,-122.97500000006461,2072
38.83333332648797,-122.96666666676563,2073
38.83333332648711,-122.95833333341895,2074
38.8333333264963,-122.95000000008822,2075
38.833333326500075,-122.94166666673095,2076
38.83333332648795,-122.9333333334131,2077
38.83333332648734,-122.92500000007517,2078
38.8333333264827,-122.9166666667635,2079
38.83333332648247,-122.9083333334294,2080
38.8333333264854,-122.90000000009134,2081
38.83333332648561,-122.89166666674498,2082
38.833333326491484,-122.88333333341369,2083
38.833333326487434,-122.87500000009645,2084
38.83333332649108,-122.86666666676273,2085
38.83333332649187,-122.85833333340456,2086
38.83333332649814,-122.85000000008002,2087
38.83333332649427,-122.8416666667482,2088
38.83333332647425,-122.83333333341942,2089
38.83333332647966,-122.8250000000877,2090
38.8333333264805,-122.81666666674651,2091
38.82499999317604,-123.20000000008083,2092
38.82499999316827,-123.19166666675211,2093
38.82499999316499,-123.18333333339037,2094
38.82499999316563,-123.17500000010035,2095
38.82499999316448,-123.16666666672519,2096
38.82499999317494,-123.15833333338188,2097
38.82499999317258,-123.15000000008608,2098
38.82499999317081,-123.14166666671616,2099
38.82499999317835,-123.13333333340958,2100
38.82499999317538,-123.12500000010985,2101
38.824999993161036,-123.11666666672383,2102
38.824999993162905,-123.10833333341213,2103
38.824999993180064,-123.10000000006539,2104
38.82499999316908,-123.0916666667629,2105
38.82499999315753,-123.08333333342195,2106
38.824999993153774,-123.07500000007026,2107
38.824999993161775,-123.06666666673507,2108
38.824999993175915,-123.05833333339598,2109
38.82499999318089,-123.0500000000988,2110
38.824999993171026,-123.04166666675314,2111
38.82499999315959,-123.03333333341152,2112
38.82499999316942,-123.02500000008486,2113
38.82499999318521,-123.0166666667539,2114
38.82499999317727,-123.00833333337356,2115
38.824999993159196,-123.00000000011003,2116
38.82499999316772,-122.99166666673577,2117
38.824999993173165,-122.98333333345053,2118
38.82499999317012,-122.97500000005518,2119
38.82499999316672,-122.96666666675722,2120
38.824999993161825,-122.95833333341788,2121
38.824999993159274,-122.95000000010023,2122
38.82499999315788,-122.94166666672287,2123
38.82499999316611,-122.93333333341481,2124
38.82499999316848,-122.92500000007635,2125
38.82499999316376,-122.91666666674689,2126
38.824999993164994,-122.90833333344766,2127
38.82499999317598,-122.90000000009599,2128
38.82499999318115,-122.89166666674917,2129
38.82499999317463,-122.8833333334084,2130
38.824999993164774,-122.87500000007881,2131
38.82499999315491,-122.86666666677013,2132
38.824999993153426,-122.85833333339602,2133
38.82499999315896,-122.85000000010805,2134
38.82499999317989,-122.84166666674824,2135
38.8249999931959,-122.83333333341278,2136
38.8249999931724,-122.82500000006452,2137
38.824999993169854,-122.81666666676686,2138
38.824999993182274,-122.80833333342954,2139
38.824999993174984,-122.80000000010384,2140
38.81666665984934,-123.25833333339311,2141
38.816666659863436,-123.20833333339148,2142
38.81666665986281,-123.20000000008088,2143
38.81666665985973,-123.19166666673418,2144
38.81666665985804,-123.18333333340011,2145
38.81666665985696,-123.17500000008992,2146
38.81666665985593,-123.16666666673207,2147
38.81666665985412,-123.15833333338928,2148
38.81666665985068,-123.15000000006913,2149
38.81666665985901,-123.1416666667439,2150
38.816666659859315,-123.13333333339475,2151
38.8166666598507,-123.12500000010562,2152
38.81666665985615,-123.11666666671339,2153
38.816666659855834,-123.10833333342511,2154
38.816666659844145,-123.10000000006143,2155
38.81666665985336,-123.09166666676396,2156
38.81666665986824,-123.08333333342641,2157
38.81666665986424,-123.07500000005301,2158
38.81666665986429,-123.06666666676558,2159
38.81666665986737,-123.05833333339383,2160
38.81666665985822,-123.05000000009407,2161
38.81666665985972,-123.0416666667441,2162
38.81666665985654,-123.03333333339646,2163
38.816666659842994,-123.02500000009383,2164
38.8166666598466,-123.01666666677689,2165
38.81666665985699,-123.00833333335463,2166
38.81666665986342,-123.00000000010975,2167
38.81666665986017,-122.99166666674469,2168
38.81666665985574,-122.98333333344326,2169
38.81666665985366,-122.975000000054,2170
38.81666665985781,-122.96666666675961,2171
38.81666665986702,-122.95833333342257,2172
38.81666665986119,-122.95000000008174,2173
38.81666665985344,-122.94166666672633,2174
38.81666665985688,-122.93333333343058,2175
38.81666665986563,-122.92500000007891,2176
38.81666665987388,-122.91666666675012,2177
38.81666665986143,-122.90833333342596,2178
38.816666659841346,-122.90000000010274,2179
38.816666659840976,-122.89166666675038,2180
38.81666665985905,-122.88333333342621,2181
38.816666659861006,-122.875000000048,2182
38.81666665985064,-122.86666666676759,2183
38.81666665985985,-122.85833333341122,2184
38.8166666598587,-122.85000000010004,2185
38.81666665985089,-122.84166666677788,2186
38.816666659854015,-122.83333333341469,2187
38.816666659862086,-122.82500000003716,2188
38.816666659864474,-122.81666666679396,2189
38.81666665984547,-122.80833333339159,2190
38.816666659836905,-122.80000000011566,2191
38.8166666598517,-122.79166666677443,2192
38.816666659860225,-122.78333333342022,2193
38.8083333265195,-123.25833333339736,2194
38.80833332652552,-123.25000000005087,2195
38.80833332652533,-123.2416666667659,2196
38.80833332651843,-123.23333333339932,2197
38.80833332652771,-123.22500000007393,2198
38.808333326533486,-123.21666666677373,2199
38.80833332652101,-123.20833333337592,2200
38.80833332650843,-123.20000000007472,2201
38.8083333265139,-123.19166666674425,2202
38.808333326522614,-123.18333333340163,2203
38.80833332652419,-123.1750000000892,2204
38.80833332651779,-123.16666666672054,2205
38.808333326521776,-123.15833333340441,2206
38.80833332653532,-123.15000000007063,2207
38.808333326524355,-123.14166666673808,2208
38.80833332651654,-123.13333333338824,2209
38.808333326520604,-123.12500000010463,2210
38.808333326526025,-123.11666666673227,2211
38.808333326536854,-123.10833333342353,2212
38.80833332653322,-123.10000000003781,2213
38.80833332653313,-123.0916666668026,2214
38.80833332652631,-123.08333333340103,2215
38.808333326526075,-123.07500000007137,2216
38.80833332653143,-123.06666666675606,2217
38.80833332652247,-123.05833333339366,2218
38.80833332652673,-123.05000000008619,2219
38.808333326524256,-123.04166666675037,2220
38.808333326523666,-123.033333333384,2221
38.808333326523886,-123.02500000008438,2222
38.80833332651925,-123.01666666678459,2223
38.80833332652291,-123.0083333333701,2224
38.80833332651956,-123.00000000009936,2225
38.808333326517676,-122.99166666674665,2226
38.80833332652584,-122.98333333344745,2227
38.808333326528604,-122.97500000005095,2228
38.8083333265202,-122.96666666675567,2229
38.80833332650912,-122.95833333342345,2230
38.808333326513136,-122.95000000007786,2231
38.80833332652643,-122.94166666673934,2232
38.808333326514564,-122.9333333334037,2233
38.8083333265003,-122.92500000009673,2234
38.808333326515665,-122.91666666677116,2235
38.80833332652615,-122.90833333340171,2236
38.80833332652129,-122.90000000008587,2237
38.80833332651871,-122.89166666676239,2238
38.80833332651716,-122.8833333334414,2239
38.80833332652041,-122.87500000004141,2240
38.80833332652713,-122.86666666676818,2241
38.80833332651708,-122.85833333340926,2242
38.808333326512944,-122.85000000009327,2243
38.808333326522614,-122.84166666678769,2244
38.808333326521186,-122.83333333340764,2245
38.808333326516944,-122.82500000005055,2246
38.808333326508546,-122.81666666677069,2247
38.808333326523226,-122.80833333340775,2248
38.808333326526295,-122.8000000000905,2249
38.80833332651173,-122.79166666679996,2250
38.80833332651134,-122.78333333340808,2251
38.80833332650984,-122.77500000011013,2252
38.808333326520106,-122.76666666674379,2253
38.79999999323204,-123.25833333342204,2254
38.799999993239005,-123.25000000004759,2255
38.799999993227296,-123.24166666674962,2256
38.799999993224716,-123.23333333340004,2257
38.799999993216304,-123.22500000007464,2258
38.799999993210875,-123.21666666677362,2259
38.79999999322195,-123.20833333337373,2260
38.79999999322982,-123.20000000006915,2261
38.79999999323372,-123.19166666676522,2262
38.79999999323284,-123.18333333339358,2263
38.799999993226635,-123.17500000008964,2264
38.799999993228575,-123.16666666671273,2265
38.7999999932186,-123.15833333340233,2266
38.79999999321507,-123.15000000008918,2267
38.799999993226734,-123.14166666672067,2268
38.79999999323845,-123.13333333341205,2269
38.7999999932304,-123.12500000007422,2270
38.799999993211294,-123.11666666674013,2271
38.79999999320876,-123.1083333334293,2272
38.79999999322652,-123.10000000005532,2273
38.79999999322579,-123.09166666678375,2274
38.79999999321522,-123.08333333339127,2275
38.79999999322242,-123.0750000000926,2276
38.79999999321317,-123.06666666672845,2277
38.79999999321504,-123.0583333334096,2278
38.799999993227054,-123.050000000097,2279
38.79999999322456,-123.04166666673142,2280
38.799999993225505,-123.03333333340353,2281
38.79999999323845,-123.02500000008655,2282
38.799999993229115,-123.0166666667594,2283
38.79999999321534,-123.0083333333787,2284
38.799999993225,-123.00000000010112,2285
38.799999993228404,-122.99166666674739,2286
38.79999999321479,-122.98333333343771,2287
38.799999993216616,-122.97500000006828,2288
38.79999999323276,-122.96666666675105,2289
38.79999999323809,-122.95833333341858,2290
38.79999999323647,-122.95000000008667,2291
38.799999993236376,-122.94166666675223,2292
38.79999999323198,-122.93333333336402,2293
38.799999993226706,-122.92500000010426,2294
38.79999999321469,-122.91666666676913,2295
38.79999999321868,-122.90833333342758,2296
38.79999999324207,-122.90000000009047,2297
38.79999999323139,-122.89166666673597,2298
38.79999999321399,-122.8833333334366,2299
38.79999999323151,-122.87500000008039,2300
38.799999993244775,-122.86666666676213,2301
38.79999999324278,-122.8583333333955,2302
38.799999993233875,-122.85000000008559,2303
38.799999993221775,-122.84166666679143,2304
38.7999999932241,-122.83333333340535,2305
38.79999999322512,-122.8250000000476,2306
38.79999999323318,-122.8166666667731,2307
38.799999993227914,-122.80833333342082,2308
38.799999993222265,-122.80000000007315,2309
38.79999999321987,-122.79166666678937,2310
38.799999993219316,-122.7833333334171,2311
38.79999999321405,-122.77500000008995,2312
38.79999999321228,-122.766666666778,2313
38.79999999323203,-122.7583333334137,2314
38.7916666598839,-123.25000000005078,2315
38.79166665989317,-123.24166666674242,2316
38.79166665989419,-123.23333333340469,2317
38.791666659895846,-123.22500000005883,2318
38.79166665988312,-123.21666666675954,2319
38.791666659874195,-123.20833333339131,2320
38.79166665988748,-123.2000000000864,2321
38.791666659884356,-123.19166666674921,2322
38.79166665986866,-123.18333333338231,2323
38.791666659868135,-123.17500000008987,2324
38.791666659881955,-123.16666666673845,2325
38.7916666598953,-123.15833333338215,2326
38.79166665989304,-123.15000000009984,2327
38.79166665989326,-123.14166666672958,2328
38.79166665988577,-123.13333333341009,2329
38.79166665988858,-123.12500000006759,2330
38.79166665991043,-123.1166666667513,2331
38.791666659912536,-123.10833333341742,2332
38.79166665989397,-123.10000000006588,2333
38.79166665988233,-123.0916666667528,2334
38.791666659890964,-123.08333333341898,2335
38.79166665988567,-123.07500000006799,2336
38.79166665989403,-123.06666666675162,2337
38.791666659910405,-123.05833333341651,2338
38.79166665989591,-123.050000000086,2339
38.79166665989703,-123.04166666674018,2340
38.79166665989381,-123.03333333339096,2341
38.791666659885166,-123.02500000010619,2342
38.791666659894,-123.01666666673891,2343
38.791666659900294,-123.00833333338687,2344
38.791666659893295,-123.00000000009733,2345
38.79166665989121,-122.99166666675337,2346
38.791666659907236,-122.98333333343567,2347
38.791666659897324,-122.97500000005701,2348
38.79166665987965,-122.96666666675983,2349
38.79166665988633,-122.95833333342956,2350
38.79166665989721,-122.95000000009095,2351
38.79166665989221,-122.94166666673956,2352
38.791666659889025,-122.93333333336423,2353
38.79166665988688,-122.92500000009181,2354
38.79166665988919,-122.91666666676556,2355
38.79166665989468,-122.90833333344678,2356
38.79166665987856,-122.90000000008324,2357
38.79166665988712,-122.89166666673971,2358
38.79166665989551,-122.88333333341805,2359
38.791666659888136,-122.87500000011566,2360
38.79166665987798,-122.86666666673199,2361
38.79166665987345,-122.85833333341486,2362
38.791666659887504,-122.85000000007467,2363
38.79166665989018,-122.84166666678682,2364
38.79166665988518,-122.83333333340555,2365
38.79166665988084,-122.82500000004195,2366
38.79166665988501,-122.81666666679888,2367
38.79166665988706,-122.80833333338978,2368
38.791666659890666,-122.80000000010084,2369
38.79166665990364,-122.79166666677908,2370
38.79166665989589,-122.78333333341368,2371
38.79166665989507,-122.77500000008338,2372
38.79166665989976,-122.76666666678942,2373
38.791666659879795,-122.7583333334019,2374
38.78333332657671,-123.25000000005927,2375
38.78333332657304,-123.24166666674307,2376
38.78333332657226,-123.23333333340443,2377
38.78333332657367,-123.22500000006411,2378
38.783333326586074,-123.21666666675377,2379
38.78333332658516,-123.2083333333809,2380
38.78333332657482,-123.20000000010167,2381
38.783333326582785,-123.19166666674191,2382
38.783333326589336,-123.18333333337456,2383
38.783333326589,-123.17500000009618,2384
38.783333326590565,-123.16666666675746,2385
38.78333332658358,-123.15833333337363,2386
38.783333326576795,-123.15000000009351,2387
38.78333332657431,-123.14166666673216,2388
38.78333332657991,-123.13333333340434,2389
38.783333326588036,-123.12500000009135,2390
38.78333332657886,-123.1166666667484,2391
38.78333332657039,-123.10833333340986,2392
38.78333332656668,-123.10000000003677,2393
38.7833333265764,-123.09166666677876,2394
38.783333326588966,-123.08333333342793,2395
38.78333332659412,-123.07500000005884,2396
38.783333326590856,-123.06666666676917,2397
38.78333332657819,-123.05833333340506,2398
38.78333332657904,-123.05000000007499,2399
38.78333332657808,-123.04166666675147,2400
38.78333332658392,-123.033333333384,2401
38.78333332658123,-123.02500000009451,2402
38.78333332657857,-123.01666666676076,2403
38.783333326579886,-123.00833333337755,2404
38.78333332657443,-123.00000000008619,2405
38.78333332658004,-122.99166666677034,2406
38.78333332656738,-122.98333333342424,2407
38.7833333265782,-122.97500000006995,2408
38.78333332660172,-122.96666666675651,2409
38.783333326579935,-122.95833333340804,2410
38.7833333265546,-122.95000000008874,2411
38.783333326557766,-122.94166666673874,2412
38.78333332656932,-122.93333333337881,2413
38.78333332657372,-122.92500000008096,2414
38.78333332657477,-122.91666666678195,2415
38.78333332657127,-122.90833333343366,2416
38.783333326576255,-122.90000000007802,2417
38.783333326579196,-122.89166666676387,2418
38.783333326578834,-122.88333333340711,2419
38.78333332657851,-122.8750000001139,2420
38.78333332658658,-122.86666666673035,2421
38.78333332659712,-122.85833333342639,2422
38.78333332659448,-122.85000000008195,2423
38.78333332657774,-122.84166666675641,2424
38.78333332656912,-122.83333333341355,2425
38.783333326581605,-122.82500000004732,2426
38.78333332657125,-122.81666666678333,2427
38.78333332657458,-122.80833333341415,2428
38.78333332658555,-122.80000000010045,2429
38.78333332657917,-122.79166666679033,2430
38.78333332658266,-122.7833333333954,2431
38.78333332658024,-122.77500000009633,2432
38.78333332656584,-122.76666666676043,2433
38.78333332656662,-122.75833333339932,2434
38.774999993291075,-123.24166666675855,2435
38.7749999932968,-123.20000000009017,2436
38.77499999329615,-123.19166666676541,2437
38.774999993299566,-123.17500000009953,2438
38.77499999329736,-123.166666666753,2439
38.77499999330266,-123.15833333337534,2440
38.77499999330971,-123.15000000009223,2441
38.77499999329403,-123.14166666670354,2442
38.77499999329289,-123.13333333344035,2443
38.774999993291154,-123.12500000006585,2444
38.7749999932786,-123.11666666673813,2445
38.774999993287494,-123.1083333334209,2446
38.774999993302664,-123.1000000000446,2447
38.774999993304235,-123.0916666667895,2448
38.774999993300845,-123.08333333343231,2449
38.77499999329154,-123.07500000004761,2450
38.77499999328031,-123.06666666675657,2451
38.774999993280446,-123.05833333339707,2452
38.77499999328132,-123.0500000000858,2453
38.77499999329153,-123.04166666675586,2454
38.7749999933054,-123.033333333412,2455
38.77499999330793,-123.02500000006621,2456
38.774999993293065,-123.01666666676022,2457
38.774999993292965,-123.00833333338008,2458
38.77499999331153,-123.00000000010525,2459
38.774999993300135,-122.99166666674175,2460
38.7749999932959,-122.98333333342501,2461
38.774999993297726,-122.97500000008998,2462
38.774999993290145,-122.9666666667627,2463
38.774999993295964,-122.95833333337558,2464
38.77499999329971,-122.95000000008565,2465
38.774999993295566,-122.94166666674025,2466
38.77499999330632,-122.93333333341403,2467
38.77499999331644,-122.92500000006963,2468
38.7749999933104,-122.91666666678508,2469
38.774999993310956,-122.90833333342565,2470
38.774999993307574,-122.90000000008867,2471
38.77499999329395,-122.89166666673565,2472
38.774999993297435,-122.88333333344043,2473
38.774999993298216,-122.87500000008129,2474
38.7749999932853,-122.86666666675501,2475
38.774999993286016,-122.85833333342026,2476
38.774999993280076,-122.85000000007396,2477
38.77499999328508,-122.84166666674511,2478
38.77499999330477,-122.83333333344308,2479
38.7749999933091,-122.82500000004546,2480
38.774999993306395,-122.81666666676374,2481
38.77499999330034,-122.80833333342927,2482
38.77499999329878,-122.80000000010078,2483
38.77499999330027,-122.79166666678194,2484
38.77499999329413,-122.78333333339945,2485
38.77499999330298,-122.77500000010286,2486
38.774999993311,-122.76666666674342,2487
38.774999993316726,-122.75833333342706,2488
38.7749999932997,-122.75000000009734,2489
38.7749999932825,-122.74166666673293,2490
38.766666659955554,-123.15833333340164,2491
38.766666659956634,-123.15000000007929,2492
38.766666659974646,-123.14166666672031,2493
38.76666665997552,-123.13333333342312,2494
38.76666665996796,-123.12500000006779,2495
38.76666665998897,-123.11666666675006,2496
38.76666665998079,-123.10833333341014,2497
38.76666665996642,-123.10000000005664,2498
38.76666665996382,-123.09166666677575,2499
38.76666665996742,-123.08333333344635,2500
38.76666665997157,-123.07500000002504,2501
38.766666659965665,-123.06666666675092,2502
38.76666665997262,-123.05833333341437,2503
38.76666665998214,-123.05000000008557,2504
38.76666665997425,-123.04166666675991,2505
38.76666665996686,-123.03333333341862,2506
38.76666665996356,-123.02500000005836,2507
38.76666665997793,-123.01666666676729,2508
38.766666659980324,-123.00833333337677,2509
38.76666665996499,-123.00000000011387,2510
38.766666659969076,-122.99166666672112,2511
38.766666659972174,-122.98333333344378,2512
38.766666659968465,-122.97500000006809,2513
38.76666665995722,-122.9666666667536,2514
38.76666665995622,-122.9583333333926,2515
38.766666659983244,-122.95000000011925,2516
38.76666665999456,-122.94166666671846,2517
38.76666665997469,-122.93333333342079,2518
38.766666659965324,-122.92500000006413,2519
38.7666666599703,-122.91666666678883,2520
38.766666659964386,-122.90833333341305,2521
38.76666665996527,-122.90000000009714,2522
38.766666659972095,-122.891666666716,2523
38.7666666599693,-122.8833333334612,2524
38.76666665996989,-122.87500000006276,2525
38.76666665996794,-122.86666666674905,2526
38.76666665996212,-122.85833333341782,2527
38.76666665997512,-122.85000000008803,2528
38.76666665998666,-122.84166666675827,2529
38.76666665996672,-122.8333333334295,2530
38.7666666599569,-122.82500000005001,2531
38.76666665996553,-122.81666666676892,2532
38.76666665997688,-122.80833333343281,2533
38.76666665998492,-122.8000000001079,2534
38.76666665997898,-122.79166666676748,2535
38.766666659976586,-122.78333333339985,2536
38.76666665996655,-122.7750000001005,2537
38.76666665996686,-122.76666666675946,2538
38.7666666599714,-122.7583333334279,2539
38.766666659978696,-122.75000000008053,2540
38.76666665998264,-122.74166666672794,2541
38.758333326696416,-123.12500000008033,2542
38.7583333266886,-123.11666666675922,2543
38.75833332668166,-123.10833333337612,2544
38.75833332668428,-123.10000000007135,2545
38.758333326695535,-123.0916666667753,2546
38.75833332669085,-123.08333333344503,2547
38.758333326683555,-123.07500000002122,2548
38.75833332669161,-123.06666666675828,2549
38.75833332668577,-123.05833333340885,2550
38.75833332667933,-123.05000000009613,2551
38.75833332668053,-123.04166666673838,2552
38.75833332667441,-123.03333333341796,2553
38.75833332668851,-123.0250000000768,2554
38.758333326693176,-123.01666666678017,2555
38.75833332669232,-123.00833333336641,2556
38.75833332668953,-123.00000000009436,2557
38.758333326683655,-122.99166666673767,2558
38.75833332668828,-122.9833333334399,2559
38.75833332668796,-122.9750000000654,2560
38.758333326690845,-122.96666666674255,2561
38.758333326696174,-122.95833333341076,2562
38.7583333266838,-122.9500000001252,2563
38.75833332667614,-122.94166666671855,2564
38.758333326677025,-122.93333333338947,2565
38.75833332668525,-122.92500000009358,2566
38.75833332668528,-122.9166666667676,2567
38.758333326680905,-122.90833333341736,2568
38.75833332668522,-122.90000000010136,2569
38.75833332669693,-122.89166666674231,2570
38.758333326705504,-122.88333333344443,2571
38.75833332669535,-122.8750000000638,2572
38.75833332669841,-122.86666666674985,2573
38.75833332670412,-122.85833333341685,2574
38.75833332669682,-122.85000000009836,2575
38.758333326689495,-122.84166666675483,2576
38.75833332668587,-122.83333333339414,2577
38.75833332668917,-122.82500000007467,2578
38.7583333266934,-122.81666666676544,2579
38.758333326678226,-122.80833333343001,2580
38.758333326670886,-122.80000000011182,2581
38.75833332668425,-122.79166666677582,2582
38.75833332669338,-122.78333333340261,2583
38.75833332669678,-122.77500000008686,2584
38.75833332669299,-122.76666666676738,2585
38.75833332669026,-122.75833333342298,2586
38.758333326687094,-122.75000000009226,2587
38.758333326691705,-122.74166666673028,2588
38.758333326702584,-122.73333333344308,2589
38.74999999331159,-123.12500000006264,2590
38.749999993307256,-123.11666666675693,2591
38.74999999332452,-123.10833333339541,2592
38.749999993324266,-123.10000000005599,2593
38.74999999331051,-123.09166666678655,2594
38.74999999331087,-123.08333333342668,2595
38.74999999331973,-123.07500000004217,2596
38.74999999333146,-123.06666666676988,2597
38.749999993330746,-123.05833333338651,2598
38.7499999933166,-123.05000000008461,2599
38.749999993311924,-123.04166666674418,2600
38.74999999332533,-123.03333333342411,2601
38.74999999331288,-123.02500000007333,2602
38.749999993302104,-123.01666666677355,2603
38.749999993301564,-123.00833333337076,2604
38.74999999330554,-123.00000000009196,2605
38.74999999330828,-122.99166666673496,2606
38.74999999331331,-122.98333333345849,2607
38.749999993329176,-122.97500000007234,2608
38.749999993331116,-122.96666666674355,2609
38.749999993327265,-122.95833333341216,2610
38.74999999332149,-122.95000000009392,2611
38.74999999332227,-122.94166666673848,2612
38.749999993333034,-122.9333333333887,2613
38.749999993324366,-122.92500000009362,2614
38.74999999331398,-122.91666666675053,2615
38.74999999331497,-122.90833333342889,2616
38.749999993316784,-122.90000000009994,2617
38.749999993308506,-122.89166666674939,2618
38.749999993298545,-122.88333333343505,2619
38.74999999331422,-122.87500000008225,2620
38.749999993316344,-122.86666666673992,2621
38.74999999330361,-122.8583333334152,2622
38.74999999330332,-122.85000000008755,2623
38.74999999331411,-122.8416666667714,2624
38.749999993330036,-122.83333333339779,2625
38.74999999332149,-122.8250000000624,2626
38.74999999331532,-122.81666666677451,2627
38.749999993319804,-122.80833333340334,2628
38.74999999330998,-122.80000000011022,2629
38.74999999330845,-122.79166666679691,2630
38.74999999330406,-122.78333333338928,2631
38.74999999330971,-122.77500000011506,2632
38.7499999933193,-122.76666666674873,2633
38.749999993307796,-122.75833333341821,2634
38.749999993316706,-122.75000000010648,2635
38.7499999933251,-122.74166666673743,2636
38.74999999331297,-122.7333333334339,2637
38.7499999933121,-122.7250000000701,2638
38.74166666000131,-123.13333333341232,2639
38.74166666001842,-123.12500000008369,2640
38.7416666600356,-123.116666666757,2641
38.74166666002833,-123.10833333341178,2642
38.74166666003387,-123.10000000004833,2643
38.741666660032365,-123.09166666676911,2644
38.74166666002284,-123.08333333342905,2645
38.74166666002791,-123.07500000006273,2646
38.741666660018375,-123.06666666675288,2647
38.741666660007496,-123.05833333338445,2648
38.741666660022865,-123.05000000008867,2649
38.741666660039854,-123.04166666676036,2650
38.74166666003349,-123.0333333334195,2651
38.74166666003632,-123.02500000006212,2652
38.74166666003297,-123.01666666676154,2653
38.74166666002237,-123.00833333336445,2654
38.74166666002738,-123.00000000011306,2655
38.7416666600326,-122.99166666672694,2656
38.74166666001796,-122.98333333345072,2657
38.741666660010935,-122.97500000009467,2658
38.74166666002007,-122.96666666673943,2659
38.741666660025224,-122.95833333341845,2660
38.74166666002525,-122.95000000007818,2661
38.7416666600143,-122.94166666673755,2662
38.741666660015206,-122.93333333340883,2663
38.74166666002168,-122.92500000006986,2664
38.741666660023235,-122.91666666675977,2665
38.74166666002368,-122.908333333422,2666
38.74166666001671,-122.90000000009839,2667
38.74166666001581,-122.89166666673584,2668
38.74166666002432,-122.88333333344619,2669
38.741666660026645,-122.8750000001007,2670
38.741666660026524,-122.86666666672478,2671
38.741666660022645,-122.85833333340304,2672
38.74166666002801,-122.85000000010805,2673
38.7416666600223,-122.84166666675927,2674
38.74166666001388,-122.83333333342225,2675
38.74166666003465,-122.82500000005808,2676
38.74166666002637,-122.81666666675507,2677
38.74166666002091,-122.8083333334212,2678
38.74166666003122,-122.80000000009315,2679
38.741666660027185,-122.79166666680486,2680
38.741666660031406,-122.78333333338111,2681
38.741666660028606,-122.7750000001279,2682
38.74166666002192,-122.76666666674066,2683
38.74166666002421,-122.75833333341113,2684
38.74166666001964,-122.7500000001207,2685
38.741666660016435,-122.7416666667317,2686
38.74166666002742,-122.73333333343773,2687
38.741666660041844,-122.72500000008854,2688
38.74166666003918,-122.71666666678242,2689
38.733333326720704,-123.15000000010951,2690
38.73333332673659,-123.14166666670046,2691
38.733333326727546,-123.1333333334024,2692
38.733333326711616,-123.1250000000955,2693
38.73333332670217,-123.1166666667579,2694
38.73333332671261,-123.10833333341604,2695
38.73333332672303,-123.10000000007028,2696
38.73333332672784,-123.09166666675257,2697
38.733333326721414,-123.08333333341938,2698
38.733333326712426,-123.07500000006598,2699
38.73333332671884,-123.06666666674448,2700
38.733333326720725,-123.05833333337803,2701
38.73333332671238,-123.05000000010664,2702
38.73333332670712,-123.04166666676167,2703
38.73333332671352,-123.03333333341828,2704
38.73333332671162,-123.02500000006484,2705
38.73333332671462,-123.01666666675825,2706
38.73333332672611,-123.00833333336921,2707
38.73333332672141,-123.00000000010878,2708
38.73333332672335,-122.99166666674299,2709
38.733333326730815,-122.9833333334229,2710
38.733333326719105,-122.97500000009168,2711
38.73333332670602,-122.96666666673589,2712
38.733333326704695,-122.95833333342831,2713
38.733333326709335,-122.95000000007599,2714
38.733333326714124,-122.94166666672962,2715
38.73333332671783,-122.93333333342436,2716
38.73333332671464,-122.92500000005975,2717
38.733333326717634,-122.91666666677735,2718
38.73333332672093,-122.90833333341057,2719
38.733333326718636,-122.90000000009462,2720
38.73333332672846,-122.89166666675429,2721
38.733333326725536,-122.88333333343692,2722
38.73333332670392,-122.87500000007826,2723
38.733333326709925,-122.86666666675691,2724
38.733333326727916,-122.85833333339407,2725
38.73333332671863,-122.85000000011053,2726
38.73333332671909,-122.84166666674817,2727
38.73333332671823,-122.8333333334181,2728
38.73333332671006,-122.82500000008294,2729
38.73333332671723,-122.81666666672837,2730
38.73333332672401,-122.80833333345008,2731
38.73333332672435,-122.80000000008177,2732
38.73333332671223,-122.79166666678964,2733
38.73333332671949,-122.7833333334152,2734
38.73333332672573,-122.77500000009944,2735
38.73333332672485,-122.76666666675669,2736
38.733333326734325,-122.75833333341447,2737
38.7333333267245,-122.7500000000937,2738
38.733333326717904,-122.74166666674263,2739
38.73333332672229,-122.73333333345205,2740
38.73333332672175,-122.72500000009703,2741
38.73333332671524,-122.71666666675888,2742
38.724999993391805,-123.14166666670602,2743
38.724999993404225,-123.1333333334024,2744
38.72499999340653,-123.12500000007313,2745
38.72499999339317,-123.1166666667428,2746
38.72499999337751,-123.10833333342254,2747
38.72499999336824,-123.10000000006568,2748
38.724999993378724,-123.09166666678227,2749
38.724999993393716,-123.0833333334037,2750
38.724999993393276,-123.07500000006615,2751
38.724999993395706,-123.06666666675889,2752
38.72499999340468,-123.0583333333815,2753
38.72499999340488,-123.05000000008982,2754
38.72499999340025,-123.04166666676225,2755
38.72499999338515,-123.0333333334034,2756
38.72499999338208,-123.02500000007156,2757
38.724999993395016,-123.01666666677775,2758
38.724999993399265,-123.00833333337559,2759
38.7249999933984,-123.00000000009321,2760
38.72499999339128,-122.99166666675006,2761
38.7249999933865,-122.98333333342023,2762
38.724999993392544,-122.97500000008505,2763
38.724999993393986,-122.96666666672337,2764
38.72499999338501,-122.95833333342392,2765
38.72499999338846,-122.95000000009367,2766
38.724999993407764,-122.94166666675149,2767
38.72499999340845,-122.93333333340972,2768
38.72499999340868,-122.92500000006953,2769
38.724999993402584,-122.91666666676247,2770
38.7249999933982,-122.90833333342364,2771
38.72499999340397,-122.90000000008723,2772
38.72499999339502,-122.8916666667631,2773
38.72499999338904,-122.88333333341346,2774
38.72499999339442,-122.87500000007505,2775
38.72499999339555,-122.86666666677183,2776
38.724999993396146,-122.85833333340973,2777
38.7249999933949,-122.85000000007757,2778
38.72499999339047,-122.84166666677457,2779
38.72499999340552,-122.833333333415,2780
38.72499999340539,-122.82500000007241,2781
38.72499999340766,-122.8166666667544,2782
38.724999993401674,-122.80833333342532,2783
38.72499999338602,-122.8000000000814,2784
38.72499999339257,-122.79166666678087,2785
38.724999993391684,-122.78333333343444,2786
38.72499999338191,-122.77500000007437,2787
38.724999993376116,-122.76666666677079,2788
38.72499999337283,-122.75833333341058,2789
38.72499999338031,-122.7500000000937,2790
38.72499999339702,-122.74166666675924,2791
38.724999993383506,-122.73333333342045,2792
38.72499999336697,-122.72500000010054,2793
38.72499999337915,-122.71666666676471,2794
38.72499999339494,-122.70833333340434,2795
38.716666660085075,-123.13333333340314,2796
38.71666666008111,-123.12500000006969,2797
38.71666666010111,-123.11666666675715,2798
38.71666666011092,-123.10833333339856,2799
38.716666660095314,-123.10000000004881,2800
38.71666666008659,-123.09166666680204,2801
38.71666666008877,-123.08333333341213,2802
38.71666666009622,-123.0750000000693,2803
38.71666666009833,-123.06666666676324,2804
38.716666660099094,-123.0583333333931,2805
38.71666666009283,-123.05000000006822,2806
38.71666666008317,-123.04166666676036,2807
38.71666666008802,-123.03333333338841,2808
38.71666666008775,-123.02500000008105,2809
38.71666666008129,-123.01666666677885,2810
38.716666660086496,-123.00833333339004,2811
38.716666660093004,-123.00000000008802,2812
38.716666660085394,-122.99166666673108,2813
38.716666660091164,-122.98333333344084,2814
38.716666660094894,-122.97500000008048,2815
38.71666666010042,-122.96666666673943,2816
38.71666666010198,-122.9583333333957,2817
38.71666666009335,-122.95000000011333,2818
38.71666666008807,-122.94166666675486,2819
38.71666666008029,-122.93333333339473,2820
38.716666660082716,-122.92500000008889,2821
38.71666666009917,-122.91666666676015,2822
38.71666666010019,-122.90833333342043,2823
38.71666666009378,-122.90000000008938,2824
38.71666666008837,-122.89166666673738,2825
38.716666660087725,-122.88333333342835,2826
38.716666660099854,-122.87500000008895,2827
38.71666666009521,-122.86666666675214,2828
38.716666660086794,-122.85833333341657,2829
38.716666660092244,-122.85000000007764,2830
38.71666666009125,-122.84166666676559,2831
38.71666666007321,-122.83333333341903,2832
38.716666660070025,-122.82500000006289,2833
38.71666666008032,-122.81666666678456,2834
38.716666660088826,-122.80833333339932,2835
38.71666666009876,-122.80000000009795,2836
38.716666660108686,-122.79166666679134,2837
38.71666666009357,-122.78333333339769,2838
38.71666666008528,-122.77500000008145,2839
38.71666666009208,-122.76666666676537,2840
38.71666666010324,-122.75833333342894,2841
38.71666666011217,-122.75000000010226,2842
38.71666666009376,-122.74166666674789,2843
38.71666666008493,-122.73333333339512,2844
38.716666660103115,-122.72500000012857,2845
38.716666660099115,-122.7166666667501,2846
38.71666666008108,-122.70833333341525,2847
38.70833332678566,-123.12500000009946,2848
38.7083333267763,-123.11666666674482,2849
38.70833332677244,-123.10833333342067,2850
38.70833332678745,-123.10000000002573,2851
38.70833332677783,-123.09166666679499,2852
38.70833332677588,-123.08333333341956,2853
38.7083333267806,-123.07500000008189,2854
38.70833332677208,-123.0666666667401,2855
38.708333326763615,-123.05833333340355,2856
38.708333326773456,-123.05000000006366,2857
38.708333326772035,-123.04166666674674,2858
38.708333326767914,-123.0333333334033,2859
38.70833332677903,-123.02500000008398,2860
38.70833332678999,-123.0166666667833,2861
38.708333326785784,-123.00833333338723,2862
38.70833332676995,-123.00000000007553,2863
38.70833332677968,-122.99166666674704,2864
38.70833332678058,-122.98333333343582,2865
38.70833332677153,-122.97500000007675,2866
38.70833332678001,-122.96666666676617,2867
38.708333326785876,-122.95833333338118,2868
38.708333326778714,-122.95000000010194,2869
38.70833332676195,-122.94166666673004,2870
38.70833332676303,-122.93333333340853,2871
38.70833332677149,-122.92500000009294,2872
38.708333326771744,-122.91666666678356,2873
38.70833332676721,-122.90833333339125,2874
38.70833332677139,-122.90000000011487,2875
38.70833332678761,-122.89166666672963,2876
38.70833332678135,-122.88333333342473,2877
38.708333326770685,-122.87500000009494,2878
38.708333326777904,-122.86666666675035,2879
38.70833332678275,-122.85833333341247,2880
38.70833332677457,-122.85000000007732,2881
38.708333326766414,-122.84166666675088,2882
38.70833332677587,-122.83333333341963,2883
38.70833332677796,-122.82500000006056,2884
38.708333326766684,-122.81666666678532,2885
38.708333326764226,-122.80833333340851,2886
38.70833332676963,-122.80000000011398,2887
38.70833332676253,-122.79166666677995,2888
38.70833332676505,-122.78333333338843,2889
38.70833332677624,-122.77500000009549,2890
38.708333326784896,-122.76666666677671,2891
38.70833332677518,-122.75833333341998,2892
38.708333326760474,-122.75000000010169,2893
38.70833332677717,-122.74166666674566,2894
38.70833332679046,-122.73333333340467,2895
38.708333326775204,-122.72500000012384,2896
38.70833332677753,-122.71666666675209,2897
38.70833332679128,-122.70833333340623,2898
38.70833332678156,-122.70000000007812,2899
38.699999993416405,-123.12500000010641,2900
38.69999999341962,-123.11666666672777,2901
38.69999999342041,-123.10833333343271,2902
38.69999999341789,-123.1000000000342,2903
38.69999999342538,-123.09166666678304,2904
38.69999999342296,-123.08333333342435,2905
38.69999999341932,-123.07500000007889,2906
38.69999999340881,-123.06666666671184,2907
38.69999999340474,-123.05833333341121,2908
38.699999993415396,-123.0500000000897,2909
38.699999993425806,-123.04166666673541,2910
38.699999993425614,-123.03333333340755,2911
38.69999999341842,-123.02500000008617,2912
38.699999993403175,-123.01666666677406,2913
38.699999993402756,-123.00833333338888,2914
38.69999999342574,-123.00000000008563,2915
38.69999999341841,-122.99166666674091,2916
38.699999993413314,-122.98333333343508,2917
38.699999993418984,-122.97500000007192,2918
38.699999993405626,-122.96666666676299,2919
38.69999999340072,-122.95833333338598,2920
38.699999993417435,-122.95000000011281,2921
38.699999993435604,-122.94166666672149,2922
38.69999999343043,-122.93333333341039,2923
38.69999999341502,-122.92500000007965,2924
38.699999993407125,-122.91666666678427,2925
38.69999999341053,-122.90833333338871,2926
38.69999999340968,-122.90000000012286,2927
38.69999999339867,-122.89166666673023,2928
38.699999993404866,-122.88333333342405,2929
38.69999999341267,-122.8750000000909,2930
38.6999999934161,-122.86666666677193,2931
38.69999999342359,-122.85833333341112,2932
38.69999999342915,-122.85000000007439,2933
38.699999993431426,-122.84166666674417,2934
38.699999993414735,-122.83333333341446,2935
38.699999993416085,-122.82500000007137,2936
38.69999999341975,-122.81666666676199,2937
38.699999993419716,-122.80833333342771,2938
38.69999999342428,-122.80000000011114,2939
38.69999999341766,-122.79166666676025,2940
38.699999993422516,-122.78333333342022,2941
38.69999999342764,-122.77500000009047,2942
38.69999999340798,-122.76666666676364,2943
38.69999999340511,-122.75833333341238,2944
38.69999999341752,-122.75000000010552,2945
38.6999999934058,-122.74166666675,2946
38.699999993401725,-122.73333333341546,2947
38.69999999340889,-122.72500000009977,2948
38.699999993411396,-122.71666666678408,2949
38.699999993412284,-122.70833333339829,2950
38.69999999341514,-122.70000000007475,2951
38.69999999341834,-122.69166666677484,2952
38.6999999934157,-122.68333333342441,2953
38.699999993415354,-122.67500000012382,2954
38.69999999341567,-122.666666666768,2955
38.699999993415005,-122.65833333340052,2956
38.69166666015768,-123.14166666673682,2957
38.69166666014822,-123.13333333339754,2958
38.691666660153864,-123.12500000010478,2959
38.69166666014978,-123.11666666672792,2960
38.69166666014002,-123.10833333341785,2961
38.69166666014759,-123.10000000005735,2962
38.69166666014762,-123.0916666667722,2963
38.691666660153416,-123.08333333344073,2964
38.69166666015472,-123.07500000005865,2965
38.69166666016017,-123.0666666667238,2966
38.69166666017346,-123.05833333341437,2967
38.69166666016528,-123.0500000000906,2968
38.69166666015357,-123.04166666673238,2969
38.69166666015626,-123.03333333341467,2970
38.69166666016297,-123.02500000007825,2971
38.69166666016337,-123.01666666675757,2972
38.691666660161,-123.00833333340078,2973
38.69166666015942,-123.00000000010888,2974
38.69166666016758,-122.99166666671904,2975
38.69166666016037,-122.98333333343675,2976
38.69166666015097,-122.9750000000641,2977
38.69166666016221,-122.96666666676734,2978
38.69166666016434,-122.95833333337706,2979
38.69166666014686,-122.95000000012044,2980
38.69166666014187,-122.94166666673549,2981
38.691666660148186,-122.93333333339827,2982
38.6916666601553,-122.92500000007817,2983
38.69166666015738,-122.91666666677615,2984
38.6916666601578,-122.90833333340308,2985
38.691666660160365,-122.9000000001113,2986
38.6916666601638,-122.89166666672936,2987
38.691666660171485,-122.88333333344771,2988
38.6916666601682,-122.87500000007466,2989
38.69166666015729,-122.8666666667759,2990
38.69166666014711,-122.85833333340273,2991
38.69166666014606,-122.85000000009016,2992
38.69166666015743,-122.84166666675078,2993
38.69166666017058,-122.83333333340202,2994
38.69166666016981,-122.82500000008474,2995
38.691666660163435,-122.81666666674417,2996
38.69166666015007,-122.80833333342352,2997
38.69166666014264,-122.80000000011063,2998
38.69166666015915,-122.79166666677702,2999
38.69166666015977,-122.7833333334124,3000
38.69166666015273,-122.77500000009519,3001
38.69166666016066,-122.7666666667397,3002
38.69166666016313,-122.75833333343566,3003
38.69166666015863,-122.75000000009526,3004
38.69166666016002,-122.74166666674326,3005
38.69166666016114,-122.73333333341732,3006
38.691666660165076,-122.72500000011613,3007
38.691666660161054,-122.71666666676522,3008
38.69166666015265,-122.70833333340482,3009
38.69166666015726,-122.70000000008048,3010
38.691666660158944,-122.69166666677715,3011
38.69166666015147,-122.68333333340551,3012
38.6916666601476,-122.67500000013577,3013
38.691666660155455,-122.66666666676944,3014
38.69166666015444,-122.6583333333963,3015
38.69166666015724,-122.65000000008537,3016
38.68333332684178,-123.13333333341149,3017
38.68333332684717,-123.12500000010895,3018
38.68333332683985,-123.11666666670504,3019
38.68333332684719,-123.10833333343676,3020
38.68333332684465,-123.10000000004666,3021
38.683333326836234,-123.09166666676911,3022
38.683333326839964,-123.08333333345948,3023
38.683333326835914,-123.0750000000354,3024
38.6833333268374,-123.06666666675845,3025
38.68333332683874,-123.05833333340374,3026
38.68333332683897,-123.05000000008818,3027
38.68333332684202,-123.0416666667206,3028
38.68333332683256,-123.03333333341534,3029
38.683333326823856,-123.02500000007436,3030
38.68333332682914,-123.0166666667708,3031
38.6833333268427,-123.0083333334059,3032
38.68333332683516,-123.0000000000888,3033
38.68333332682905,-122.99166666674246,3034
38.683333326837555,-122.98333333341542,3035
38.68333332684058,-122.97500000007497,3036
38.683333326832326,-122.96666666676144,3037
38.683333326835644,-122.95833333339188,3038
38.68333332684935,-122.95000000009942,3039
38.68333332684865,-122.9416666667472,3040
38.68333332685133,-122.93333333340132,3041
38.68333332684184,-122.92500000007125,3042
38.683333326838316,-122.91666666678073,3043
38.68333332685386,-122.90833333342471,3044
38.68333332684888,-122.90000000008565,3045
38.68333332684147,-122.89166666674846,3046
38.68333332683543,-122.88333333343128,3047
38.683333326838735,-122.87500000009113,3048
38.683333326840796,-122.8666666667449,3049
38.68333332684032,-122.85833333341624,3050
38.683333326850295,-122.85000000009131,3051
38.683333326845776,-122.84166666676086,3052
38.683333326839744,-122.83333333340364,3053
38.683333326830834,-122.82500000006725,3054
38.683333326831985,-122.81666666675314,3055
38.683333326846906,-122.80833333341711,3056
38.68333332684548,-122.80000000010249,3057
38.68333332684064,-122.79166666680433,3058
38.68333332684066,-122.78333333338612,3059
38.683333326844085,-122.77500000011554,3060
38.68333332685456,-122.7666666667496,3061
38.68333332684652,-122.75833333341666,3062
38.68333332684718,-122.75000000010799,3063
38.68333332684118,-122.74166666672298,3064
38.68333332683161,-122.73333333342377,3065
38.683333326831296,-122.72500000011561,3066
38.68333332683407,-122.7166666667637,3067
38.68333332683376,-122.70833333339208,3068
38.68333332682879,-122.70000000009264,3069
38.68333332683195,-122.6916666667729,3070
38.68333332683701,-122.6833333334058,3071
38.683333326833136,-122.6750000001228,3072
38.683333326823316,-122.66666666677922,3073
38.683333326834635,-122.65833333340345,3074
38.68333332684188,-122.6500000000947,3075
38.683333326847965,-122.64166666678182,3076
38.67499999348475,-123.12500000007816,3077
38.67499999348726,-123.11666666672797,3078
38.67499999348715,-123.10833333342572,3079
38.67499999348815,-123.10000000005519,3080
38.67499999350362,-123.09166666677217,3081
38.674999993490005,-123.0833333334402,3082
38.67499999349392,-123.07500000005443,3083
38.67499999350007,-123.06666666675194,3084
38.674999993488484,-123.05833333339348,3085
38.67499999348211,-123.05000000008835,3086
38.67499999349425,-123.04166666674536,3087
38.67499999350954,-123.03333333340015,3088
38.674999993503306,-123.02500000006502,3089
38.67499999349846,-123.01666666678085,3090
38.67499999348426,-123.0083333333948,3091
38.67499999348826,-123.0000000000941,3092
38.67499999350003,-122.99166666674645,3093
38.674999993499526,-122.98333333342453,3094
38.674999993504535,-122.97500000007904,3095
38.67499999349497,-122.9666666667281,3096
38.674999993493664,-122.9583333334285,3097
38.674999993499455,-122.95000000009479,3098
38.674999993492165,-122.94166666673874,3099
38.6749999934803,-122.93333333339469,3100
38.67499999349129,-122.92500000008035,3101
38.67499999349992,-122.91666666677999,3102
38.674999993491,-122.90833333343632,3103
38.67499999348731,-122.90000000005983,3104
38.67499999348253,-122.89166666675432,3105
38.67499999348509,-122.88333333341967,3106
38.67499999348903,-122.87500000011461,3107
38.67499999348843,-122.86666666672386,3108
38.674999993477336,-122.8583333334183,3109
38.67499999346876,-122.85000000009154,3110
38.67499999347568,-122.84166666676461,3111
38.674999993482416,-122.83333333340107,3112
38.67499999349267,-122.82500000007202,3113
38.674999993505054,-122.81666666677056,3114
38.674999993503796,-122.80833333342213,3115
38.67499999349262,-122.80000000007679,3116
38.6749999934747,-122.79166666679265,3117
38.67499999348703,-122.78333333341806,3118
38.67499999349482,-122.77500000010203,3119
38.67499999348691,-122.76666666676728,3120
38.67499999349096,-122.75833333339243,3121
38.67499999347679,-122.75000000011005,3122
38.67499999348085,-122.74166666671772,3123
38.674999993492385,-122.73333333343223,3124
38.67499999348625,-122.72500000009659,3125
38.674999993494275,-122.7166666668004,3126
38.6749999935005,-122.70833333336503,3127
38.67499999349412,-122.7000000001011,3128
38.67499999348793,-122.69166666675947,3129
38.67499999349006,-122.68333333343104,3130
38.67499999350355,-122.6750000001133,3131
38.674999993507754,-122.66666666677948,3132
38.674999993491824,-122.65833333339565,3133
38.674999993487454,-122.65000000010723,3134
38.67499999348837,-122.64166666678078,3135
38.66666666021135,-123.1166666667559,3136
38.66666666022182,-123.10833333341478,3137
38.66666666022544,-123.10000000007369,3138
38.66666666022124,-123.09166666677214,3139
38.66666666022258,-123.08333333342007,3140
38.66666666020952,-123.07500000005955,3141
38.66666666020503,-123.06666666674953,3142
38.66666666021776,-123.05833333339775,3143
38.666666660218084,-123.05000000007415,3144
38.66666666020498,-123.04166666675795,3145
38.66666666020137,-123.03333333340672,3146
38.66666666022052,-123.02500000007967,3147
38.666666660228096,-123.01666666677067,3148
38.66666666021833,-123.0083333333657,3149
38.666666660204484,-123.00000000010705,3150
38.66666666019512,-122.99166666673744,3151
38.66666666020339,-122.98333333344628,3152
38.66666666020926,-122.97500000007513,3153
38.66666666022586,-122.96666666674358,3154
38.66666666021876,-122.95833333339924,3155
38.66666666020615,-122.95000000011284,3156
38.666666660210446,-122.94166666671579,3157
38.66666666021613,-122.9333333334075,3158
38.666666660222376,-122.9250000000958,3159
38.66666666020901,-122.91666666675671,3160
38.66666666019839,-122.90833333342754,3161
38.66666666021328,-122.900000000087,3162
38.666666660228834,-122.89166666674483,3163
38.666666660229396,-122.88333333343432,3164
38.66666666020909,-122.87500000007309,3165
38.66666666019523,-122.86666666674168,3166
38.66666666021985,-122.8583333334227,3167
38.66666666022931,-122.85000000008861,3168
38.66666666021763,-122.84166666675975,3169
38.66666666021215,-122.83333333340798,3170
38.66666666020685,-122.82500000007325,3171
38.66666666019572,-122.8166666667714,3172
38.66666666019635,-122.8083333334203,3173
38.66666666020731,-122.80000000007828,3174
38.66666666021793,-122.7916666667792,3175
38.66666666020778,-122.7833333334351,3176
38.66666666020413,-122.77500000009175,3177
38.66666666020088,-122.76666666675919,3178
38.666666660201166,-122.75833333340762,3179
38.66666666021788,-122.75000000009898,3180
38.666666660221246,-122.741666666741,3181
38.666666660224145,-122.73333333343264,3182
38.666666660229644,-122.72500000009516,3183
38.66666666021259,-122.71666666678703,3184
38.666666660209934,-122.70833333338426,3185
38.66666666021492,-122.7000000000796,3186
38.666666660212144,-122.69166666676627,3187
38.666666660214375,-122.68333333343143,3188
38.666666660210225,-122.67500000012822,3189
38.66666666020321,-122.66666666675998,3190
38.666666660206104,-122.65833333339373,3191
38.66666666021259,-122.65000000011263,3192
38.66666666020666,-122.64166666676714,3193
38.66666666021075,-122.6333333333873,3194
38.658333326879735,-123.10000000006185,3195
38.658333326888176,-123.09166666679093,3196
38.65833332689419,-123.08333333341332,3197
38.6583333268921,-123.07500000004148,3198
38.658333326899935,-123.06666666677306,3199
38.6583333268977,-123.05833333339145,3200
38.65833332690835,-123.0500000000985,3201
38.65833332691191,-123.04166666671793,3202
38.65833332690265,-123.03333333342565,3203
38.658333326898536,-123.02500000008537,3204
38.65833332689381,-123.01666666676962,3205
38.65833332689707,-123.0083333333561,3206
38.65833332690723,-123.00000000011059,3207
38.658333326923184,-122.99166666674468,3208
38.658333326920186,-122.98333333344773,3209
38.658333326911425,-122.97500000006892,3210
38.65833332690542,-122.96666666676721,3211
38.658333326910714,-122.95833333337268,3212
38.65833332690678,-122.95000000011224,3213
38.65833332691177,-122.94166666673162,3214
38.658333326915205,-122.93333333340664,3215
38.65833332689188,-122.92500000006866,3216
38.65833332689785,-122.91666666677175,3217
38.65833332690829,-122.90833333341219,3218
38.6583333268933,-122.90000000010215,3219
38.65833332689458,-122.89166666675727,3220
38.65833332690622,-122.88333333344194,3221
38.65833332690797,-122.87500000003503,3222
38.65833332691287,-122.86666666676506,3223
38.65833332690059,-122.85833333341957,3224
38.65833332690314,-122.85000000011144,3225
38.658333326909904,-122.84166666672886,3226
38.658333326900554,-122.83333333341452,3227
38.65833332691164,-122.82500000007623,3228
38.65833332692791,-122.81666666677687,3229
38.65833332692898,-122.8083333334176,3230
38.6583333269181,-122.80000000008106,3231
38.658333326917855,-122.79166666679343,3232
38.65833332690786,-122.78333333338784,3233
38.658333326891295,-122.77500000010588,3234
38.658333326905115,-122.76666666676242,3235
38.65833332691451,-122.7583333334203,3236
38.658333326913365,-122.75000000011183,3237
38.65833332691453,-122.7416666667356,3238
38.65833332691187,-122.73333333343844,3239
38.6583333269136,-122.72500000010122,3240
38.65833332690841,-122.71666666674452,3241
38.658333326904504,-122.70833333341596,3242
38.65833332691006,-122.70000000006515,3243
38.658333326913706,-122.69166666678214,3244
38.658333326919006,-122.68333333342791,3245
38.658333326915134,-122.6750000001186,3246
38.65833332690504,-122.66666666674156,3247
38.65833332690609,-122.65833333341857,3248
38.658333326907396,-122.65000000010059,3249
38.65833332690271,-122.64166666676174,3250
38.65833332690929,-122.63333333341025,3251
38.64999999358833,-123.10000000004163,3252
38.649999993570525,-123.09166666679583,3253
38.64999999356591,-123.08333333341068,3254
38.64999999358316,-123.07500000006898,3255
38.64999999358335,-123.0666666667587,3256
38.64999999357978,-123.0583333333963,3257
38.64999999357146,-123.05000000009743,3258
38.64999999357166,-123.04166666672512,3259
38.64999999357471,-123.03333333340827,3260
38.64999999356055,-123.02500000007278,3261
38.64999999355677,-123.01666666676829,3262
38.649999993557635,-123.00833333336422,3263
38.64999999355741,-123.00000000011876,3264
38.64999999355498,-122.99166666675866,3265
38.64999999356355,-122.98333333344284,3266
38.64999999355836,-122.9750000000509,3267
38.649999993557266,-122.96666666677355,3268
38.64999999357339,-122.95833333340147,3269
38.64999999357734,-122.95000000008345,3270
38.649999993567896,-122.94166666675312,3271
38.64999999356284,-122.93333333338249,3272
38.64999999357066,-122.92500000006737,3273
38.6499999935665,-122.91666666677602,3274
38.6499999935681,-122.90833333342766,3275
38.649999993583904,-122.900000000088,3276
38.649999993579335,-122.89166666676603,3277
38.64999999356745,-122.88333333343277,3278
38.64999999357565,-122.87500000006047,3279
38.64999999358361,-122.86666666676068,3280
38.64999999358078,-122.85833333339914,3281
38.6499999935658,-122.85000000011149,3282
38.649999993560954,-122.84166666673195,3283
38.6499999935843,-122.83333333343433,3284
38.64999999357753,-122.82500000006348,3285
38.64999999354853,-122.81666666676873,3286
38.64999999354864,-122.80833333342771,3287
38.649999993562126,-122.80000000007519,3288
38.64999999355422,-122.79166666678593,3289
38.649999993566524,-122.78333333339914,3290
38.649999993588374,-122.7750000001032,3291
38.6499999935752,-122.76666666676613,3292
38.649999993568606,-122.75833333342118,3293
38.649999993562474,-122.75000000009902,3294
38.649999993555284,-122.74166666673855,3295
38.649999993555284,-122.7333333334311,3296
38.64999999354655,-122.72500000009707,3297
38.649999993561416,-122.71666666676454,3298
38.64999999356446,-122.70833333339449,3299
38.6499999935592,-122.70000000008713,3300
38.649999993563604,-122.69166666677339,3301
38.649999993556534,-122.68333333343375,3302
38.649999993565125,-122.67500000012043,3303
38.64999999357391,-122.66666666673761,3304
38.649999993562254,-122.65833333340515,3305
38.649999993566475,-122.65000000012309,3306
38.649999993580316,-122.6416666667542,3307
38.6499999935641,-122.633333333402,3308
38.64166666027566,-123.10000000003485,3309
38.64166666027824,-123.09166666677764,3310
38.641666660285985,-123.08333333343404,3311
38.64166666027898,-123.07500000006242,3312
38.641666660270516,-123.06666666675169,3313
38.64166666027392,-123.05833333340304,3314
38.641666660269216,-123.05000000006935,3315
38.64166666026503,-123.04166666674674,3316
38.64166666027,-123.0333333333998,3317
38.64166666028304,-123.02500000007944,3318
38.641666660288806,-123.01666666676485,3319
38.641666660295854,-123.00833333338063,3320
38.641666660298455,-123.00000000010621,3321
38.64166666028117,-122.99166666673887,3322
38.64166666027153,-122.98333333346092,3323
38.641666660292415,-122.97500000005861,3324
38.641666660285736,-122.96666666675311,3325
38.641666660259645,-122.95833333340558,3326
38.6416666602606,-122.95000000008734,3327
38.641666660273465,-122.94166666675486,3328
38.641666660278084,-122.93333333338008,3329
38.64166666027788,-122.92500000008228,3330
38.64166666028131,-122.91666666675992,3331
38.64166666028252,-122.90833333344835,3332
38.641666660284855,-122.90000000009708,3333
38.64166666027315,-122.89166666673027,3334
38.641666660260476,-122.88333333342825,3335
38.64166666026453,-122.87500000008505,3336
38.641666660264974,-122.86666666674995,3337
38.64166666027023,-122.8583333334139,3338
38.64166666027436,-122.85000000007895,3339
38.64166666027596,-122.84166666675918,3340
38.64166666026908,-122.8333333334341,3341
38.641666660266665,-122.82500000004868,3342
38.6416666602817,-122.81666666676061,3343
38.64166666027944,-122.80833333343233,3344
38.64166666028255,-122.80000000009778,3345
38.64166666028962,-122.79166666676194,3346
38.64166666028021,-122.7833333334279,3347
38.64166666027693,-122.77500000010491,3348
38.64166666027837,-122.76666666674517,3349
38.641666660268655,-122.75833333341538,3350
38.641666660270374,-122.75000000009757,3351
38.641666660282056,-122.74166666674738,3352
38.64166666028779,-122.73333333343169,3353
38.64166666028655,-122.72500000008014,3354
38.64166666028143,-122.71666666679741,3355
38.64166666028521,-122.70833333337279,3356
38.641666660291705,-122.70000000011089,3357
38.641666660294725,-122.69166666676176,3358
38.64166666028803,-122.68333333342281,3359
38.64166666027001,-122.67500000011593,3360
38.641666660272435,-122.66666666676043,3361
38.641666660289,-122.65833333339037,3362
38.6416666602755,-122.65000000012267,3363
38.6416666602636,-122.64166666675783,3364
38.63333332697705,-123.12500000009511,3365
38.6333333269789,-123.11666666671263,3366
38.63333332698041,-123.10833333344945,3367
38.63333332698066,-123.10000000004003,3368
38.63333332698369,-123.09166666678166,3369
38.6333333269792,-123.08333333343533,3370
38.6333333269802,-123.07500000005125,3371
38.63333332698108,-123.06666666675042,3372
38.63333332697647,-123.05833333340239,3373
38.63333332698904,-123.05000000008287,3374
38.63333332698909,-123.0416666667264,3375
38.63333332698059,-123.03333333341432,3376
38.63333332697683,-123.02500000008013,3377
38.63333332697671,-123.01666666677342,3378
38.63333332696989,-123.00833333337243,3379
38.63333332696955,-123.00000000011815,3380
38.63333332697927,-122.99166666671455,3381
38.63333332696965,-122.98333333345366,3382
38.63333332695386,-122.9750000000742,3383
38.63333332696873,-122.96666666675095,3384
38.63333332698483,-122.95833333339138,3385
38.633333326982,-122.95000000009848,3386
38.63333332697803,-122.94166666675828,3387
38.63333332698143,-122.93333333338975,3388
38.6333333269863,-122.92500000008026,3389
38.63333332697712,-122.91666666675252,3390
38.633333326976654,-122.90833333345698,3391
38.633333326979034,-122.90000000009617,3392
38.633333326987604,-122.89166666672608,3393
38.63333332699647,-122.88333333342624,3394
38.63333332699505,-122.87500000009136,3395
38.633333326991746,-122.86666666673895,3396
38.63333332698018,-122.85833333341454,3397
38.63333332698769,-122.85000000009731,3398
38.63333332699439,-122.84166666675442,3399
38.633333326989224,-122.83333333341909,3400
38.63333332698979,-122.82500000006065,3401
38.63333332698544,-122.81666666676612,3402
38.633333326989124,-122.80833333342912,3403
38.6333333269758,-122.8000000000843,3404
38.63333332697278,-122.79166666678206,3405
38.633333326983255,-122.78333333340944,3406
38.6333333269724,-122.77500000010019,3407
38.63333332697721,-122.76666666676013,3408
38.63333332699159,-122.75833333340805,3409
38.6333333269853,-122.75000000009744,3410
38.63333332698097,-122.74166666675951,3411
38.633333326986794,-122.73333333343848,3412
38.63333332699152,-122.72500000007905,3413
38.633333326988954,-122.71666666678588,3414
38.63333332698267,-122.70833333338024,3415
38.633333326975716,-122.70000000010269,3416
38.63333332696652,-122.6916666667598,3417
38.63333332696321,-122.68333333340841,3418
38.63333332697394,-122.67500000011842,3419
38.63333332697811,-122.6666666667687,3420
38.633333326974046,-122.65833333340264,3421
38.63333332698889,-122.65000000011257,3422
38.63333332699736,-122.6416666667623,3423
38.62499999358493,-123.12500000007596,3424
38.62499999358674,-123.11666666673781,3425
38.62499999359451,-123.10833333343946,3426
38.62499999358828,-123.10000000004025,3427
38.624999993581476,-123.09166666677523,3428
38.62499999357776,-123.08333333342834,3429
38.624999993581156,-123.07500000006553,3430
38.62499999358604,-123.06666666674558,3431
38.62499999358173,-123.05833333339264,3432
38.624999993572224,-123.05000000009764,3433
38.62499999358513,-123.0416666667329,3434
38.62499999359077,-123.03333333340318,3435
38.62499999359776,-123.02500000009657,3436
38.62499999359572,-123.01666666675348,3437
38.62499999358823,-123.00833333336891,3438
38.624999993588524,-123.0000000001216,3439
38.62499999359585,-122.99166666673902,3440
38.62499999360407,-122.98333333342687,3441
38.62499999360741,-122.9750000000806,3442
38.62499999359543,-122.96666666674928,3443
38.62499999358128,-122.95833333339624,3444
38.62499999359246,-122.95000000010731,3445
38.62499999358478,-122.9416666667304,3446
38.624999993581085,-122.93333333341712,3447
38.624999993585185,-122.92500000006761,3448
38.62499999359587,-122.91666666676763,3449
38.624999993587856,-122.90833333342799,3450
38.62499999356958,-122.90000000009913,3451
38.62499999357354,-122.89166666674366,3452
38.6249999935841,-122.88333333344046,3453
38.624999993590265,-122.8750000000849,3454
38.62499999358607,-122.86666666673315,3455
38.624999993589654,-122.8583333334072,3456
38.62499999358067,-122.85000000010223,3457
38.62499999357676,-122.84166666675412,3458
38.62499999357657,-122.83333333341062,3459
38.624999993574086,-122.825000000066,3460
38.624999993587366,-122.81666666677545,3461
38.624999993586314,-122.80833333342413,3462
38.62499999358849,-122.80000000007104,3463
38.624999993597555,-122.79166666680524,3464
38.62499999359311,-122.78333333339614,3465
38.624999993592674,-122.775000000095,3466
38.62499999359014,-122.76666666676904,3467
38.62499999358914,-122.7583333334211,3468
38.62499999359283,-122.75000000008018,3469
38.62499999358533,-122.74166666675738,3470
38.624999993570206,-122.73333333342543,3471
38.62499999357933,-122.72500000011478,3472
38.624999993587515,-122.71666666675937,3473
38.62499999357882,-122.70833333338226,3474
38.62499999358045,-122.70000000009196,3475
38.624999993581554,-122.69166666675726,3476
38.62499999359954,-122.68333333343497,3477
38.62499999361379,-122.67500000013277,3478
38.62499999359907,-122.66666666673706,3479
38.62499999358711,-122.65833333340805,3480
38.62499999357625,-122.65000000011369,3481
38.624999993574605,-122.64166666677235,3482
38.61666666029671,-123.13333333339416,3483
38.61666666030874,-123.12500000006692,3484
38.61666666031955,-123.11666666676756,3485
38.61666666030898,-123.1083333334051,3486
38.61666666030468,-123.10000000005743,3487
38.61666666032502,-123.09166666678021,3488
38.616666660321435,-123.08333333341139,3489
38.61666666030727,-123.07500000006483,3490
38.61666666031015,-123.06666666675899,3491
38.61666666032444,-123.05833333339557,3492
38.616666660330154,-123.05000000008845,3493
38.616666660326246,-123.04166666675683,3494
38.616666660321336,-123.03333333338045,3495
38.61666666030973,-123.02500000011173,3496
38.61666666032366,-123.0166666667578,3497
38.616666660328754,-123.00833333336064,3498
38.61666666031459,-123.00000000010715,3499
38.616666660313385,-122.99166666676352,3500
38.61666666031937,-122.98333333342568,3501
38.616666660312404,-122.97500000007591,3502
38.6166666603057,-122.96666666672337,3503
38.61666666031242,-122.95833333341,3504
38.616666660322096,-122.95000000012772,3505
38.6166666603289,-122.94166666670854,3506
38.61666666032195,-122.9333333334215,3507
38.61666666031434,-122.9250000000575,3508
38.61666666031456,-122.91666666679559,3509
38.61666666032642,-122.90833333340629,3510
38.616666660329685,-122.90000000009621,3511
38.61666666032774,-122.89166666674984,3512
38.61666666031928,-122.88333333343772,3513
38.61666666031273,-122.87500000008701,3514
38.616666660316504,-122.86666666673038,3515
38.616666660310266,-122.85833333340568,3516
38.616666660321414,-122.85000000010731,3517
38.61666666033424,-122.84166666676363,3518
38.6166666603284,-122.83333333339121,3519
38.61666666032193,-122.82500000007077,3520
38.61666666031812,-122.81666666678618,3521
38.616666660315545,-122.80833333340742,3522
38.61666666032254,-122.80000000010271,3523
38.61666666032326,-122.79166666678962,3524
38.61666666032143,-122.78333333340143,3525
38.61666666032531,-122.77500000009532,3526
38.61666666032369,-122.76666666676194,3527
38.61666666031508,-122.75833333341251,3528
38.6166666603175,-122.75000000009875,3529
38.61666666032479,-122.74166666673845,3530
38.61666666033031,-122.73333333342866,3531
38.61666666031867,-122.72500000010743,3532
38.61666666030268,-122.71666666675395,3533
38.61666666031416,-122.70833333339223,3534
38.616666660327894,-122.70000000010717,3535
38.616666660327965,-122.69166666674396,3536
38.61666666031787,-122.6833333334612,3537
38.61666666031039,-122.67500000011766,3538
38.61666666031313,-122.66666666673258,3539
38.61666666032961,-122.65833333341995,3540
38.616666660334545,-122.65000000009209,3541
38.61666666031649,-122.64166666676167,3542
38.60833332705596,-123.1416666666924,3543
38.60833332705952,-123.13333333341353,3544
38.60833332707338,-123.12500000008993,3545
38.60833332706337,-123.11666666674586,3546
38.60833332706681,-123.1083333334151,3547
38.60833332707812,-123.10000000005891,3548
38.60833332705808,-123.09166666677922,3549
38.60833332705832,-123.08333333340688,3550
38.60833332706853,-123.07500000006286,3551
38.60833332705444,-123.06666666674263,3552
38.608333327053025,-123.05833333343303,3553
38.60833332705859,-123.05000000006947,3554
38.60833332704647,-123.04166666674952,3555
38.608333327048946,-123.03333333338377,3556
38.60833332705564,-123.02500000010039,3557
38.608333327046495,-123.01666666677701,3558
38.60833332705377,-123.00833333336168,3559
38.608333327062006,-123.00000000009642,3560
38.60833332704649,-122.99166666674684,3561
38.60833332704442,-122.98333333344873,3562
38.60833332705469,-122.97500000005823,3563
38.60833332706179,-122.9666666667417,3564
38.60833332707427,-122.9583333334231,3565
38.60833332706227,-122.95000000011082,3566
38.608333327048626,-122.94166666671427,3567
38.60833332705618,-122.93333333341677,3568
38.60833332706473,-122.9250000000638,3569
38.608333327058716,-122.91666666677979,3570
38.608333327051234,-122.90833333342927,3571
38.60833332705536,-122.90000000008538,3572
38.60833332705087,-122.89166666675013,3573
38.608333327046154,-122.88333333341588,3574
38.60833332704966,-122.87500000010385,3575
38.60833332705541,-122.86666666672913,3576
38.60833332706675,-122.8583333334153,3577
38.60833332706798,-122.85000000011797,3578
38.60833332704848,-122.84166666674203,3579
38.60833332704531,-122.83333333339804,3580
38.60833332705711,-122.82500000007269,3581
38.60833332705377,-122.81666666677255,3582
38.60833332704364,-122.80833333340024,3583
38.608333327035005,-122.80000000010719,3584
38.60833332704542,-122.79166666680344,3585
38.60833332704987,-122.7833333333919,3586
38.60833332704686,-122.77500000010627,3587
38.60833332704929,-122.76666666675229,3588
38.608333327051064,-122.75833333341096,3589
38.60833332706043,-122.75000000011961,3590
38.608333327061494,-122.7416666667313,3591
38.608333327057885,-122.73333333343895,3592
38.608333327052684,-122.72500000006954,3593
38.608333327063306,-122.71666666678306,3594
38.608333327069765,-122.70833333339246,3595
38.60833332705605,-122.70000000010702,3596
38.608333327054,-122.69166666674082,3597
38.60833332704758,-122.68333333343732,3598
38.60833332704498,-122.67500000012501,3599
38.60833332705431,-122.66666666674497,3600
38.60833332705495,-122.65833333343556,3601
38.60833332705962,-122.65000000009219,3602
38.59999999369771,-123.15000000009387,3603
38.5999999937025,-123.14166666670202,3604
38.59999999370075,-123.13333333340691,3605
38.59999999368227,-123.125000000089,3606
38.59999999369373,-123.11666666674914,3607
38.599999993705595,-123.10833333343689,3608
38.59999999369328,-123.10000000003546,3609
38.59999999369881,-123.09166666677883,3610
38.59999999370221,-123.08333333341322,3611
38.599999993702546,-123.07500000007377,3612
38.59999999371778,-123.0666666667336,3613
38.59999999370429,-123.05833333341762,3614
38.59999999369938,-123.05000000008593,3615
38.59999999370201,-123.04166666671757,3616
38.599999993701495,-123.03333333341892,3617
38.59999999370643,-123.02500000008423,3618
38.59999999369213,-123.01666666675472,3619
38.59999999369081,-123.00833333339367,3620
38.5999999937064,-123.00000000010347,3621
38.59999999370914,-122.99166666671887,3622
38.599999993697885,-122.98333333345494,3623
38.59999999369556,-122.97500000006502,3624
38.599999993700976,-122.96666666675543,3625
38.599999993689366,-122.95833333341076,3626
38.599999993688215,-122.95000000010161,3627
38.599999993701005,-122.94166666672209,3628
38.59999999370287,-122.93333333342437,3629
38.59999999370232,-122.92500000006928,3630
38.59999999370277,-122.91666666676518,3631
38.5999999936983,-122.90833333342431,3632
38.59999999369275,-122.900000000088,3633
38.59999999370383,-122.89166666675827,3634
38.59999999370665,-122.88333333340461,3635
38.599999993699875,-122.87500000010974,3636
38.599999993701246,-122.86666666673489,3637
38.5999999937001,-122.85833333342626,3638
38.59999999369051,-122.8500000000933,3639
38.59999999369983,-122.84166666675003,3640
38.59999999371234,-122.83333333340535,3641
38.59999999369794,-122.82500000006114,3642
38.59999999369368,-122.81666666677171,3643
38.59999999370328,-122.80833333340018,3644
38.59999999369116,-122.78333333339621,3645
38.599999993694155,-122.77500000010193,3646
38.59999999368992,-122.76666666675366,3647
38.59999999369131,-122.75833333341477,3648
38.599999993687135,-122.75000000012425,3649
38.599999993695356,-122.74166666674186,3650
38.59999999369031,-122.73333333341421,3651
38.5999999936946,-122.72500000009275,3652
38.59999999369746,-122.71666666678192,3653
38.599999993682914,-122.70833333338035,3654
38.59999999368277,-122.70000000009648,3655
38.59999999369083,-122.69166666676121,3656
38.599999993706014,-122.68333333343134,3657
38.59999999370719,-122.67500000012868,3658
38.599999993697864,-122.66666666674136,3659
38.59999999369079,-122.65833333342864,3660
38.591666660325274,-123.15833333337983,3661
38.5916666603127,-123.15000000007858,3662
38.59166666031968,-123.1416666667366,3663
38.59166666032637,-123.13333333338042,3664
38.591666660326894,-123.12500000008608,3665
38.591666660320655,-123.11666666676064,3666
38.59166666031636,-123.10833333343783,3667
38.591666660332095,-123.10000000004015,3668
38.59166666033358,-123.09166666678566,3669
38.591666660334205,-123.083333333413,3670
38.59166666032364,-123.07500000005723,3671
38.59166666031058,-123.06666666675368,3672
38.591666660313,-123.05833333337944,3673
38.59166666031556,-123.05000000012028,3674
38.59166666032691,-123.04166666670609,3675
38.59166666032234,-123.03333333342208,3676
38.59166666031515,-123.02500000007741,3677
38.59166666033759,-123.01666666677487,3678
38.591666660345936,-123.00833333338504,3679
38.59166666032477,-123.00000000010296,3680
38.59166666032063,-122.99166666671707,3681
38.59166666032775,-122.98333333344998,3682
38.591666660326005,-122.97500000006329,3683
38.591666660319284,-122.96666666675506,3684
38.59166666032541,-122.9583333334022,3685
38.59166666032425,-122.9500000001064,3686
38.59166666032891,-122.94166666674587,3687
38.591666660333594,-122.9333333334113,3688
38.5916666603227,-122.9250000000636,3689
38.591666660319056,-122.91666666676562,3690
38.591666660326496,-122.90833333342876,3691
38.59166666033869,-122.90000000009444,3692
38.59166666033074,-122.89166666675696,3693
38.59166666033008,-122.88333333340942,3694
38.591666660330745,-122.875000000095,3695
38.591666660331455,-122.866666666753,3696
38.59166666033086,-122.85833333340533,3697
38.59166666032809,-122.85000000009401,3698
38.59166666032643,-122.84166666676185,3699
38.59166666032451,-122.83333333341088,3700
38.59166666033068,-122.82500000004215,3701
38.59166666033431,-122.81666666678964,3702
38.591666660338625,-122.808333333405,3703
38.59166666033085,-122.7750000001118,3704
38.591666660337445,-122.76666666674764,3705
38.59166666033187,-122.75833333341399,3706
38.59166666032237,-122.75000000010265,3707
38.59166666031207,-122.74166666676003,3708
38.591666660323575,-122.73333333340663,3709
38.59166666032198,-122.72500000010476,3710
38.59166666032007,-122.71666666677149,3711
38.59166666033074,-122.70833333338442,3712
38.59166666032872,-122.70000000008888,3713
38.591666660326844,-122.69166666677891,3714
38.59166666032809,-122.68333333344057,3715
38.5916666603268,-122.67500000011921,3716
38.59166666033055,-122.66666666674166,3717
38.59166666032333,-122.6583333334049,3718
38.591666660323014,-122.65000000012384,3719
38.58333332709898,-123.15000000009239,3720
38.58333332709766,-123.14166666673206,3721
38.5833333270926,-123.13333333338765,3722
38.583333327092554,-123.12500000007961,3723
38.58333332709164,-123.11666666675532,3724
38.58333332708924,-123.10833333343217,3725
38.58333332707013,-123.10000000004025,3726
38.583333327076296,-123.0916666667981,3727
38.5833333270878,-123.0833333334204,3728
38.583333327094024,-123.07500000004272,3729
38.583333327098956,-123.06666666675487,3730
38.58333332709694,-123.0583333333789,3731
38.58333332708229,-123.05000000010105,3732
38.58333332708268,-123.04166666674452,3733
38.58333332710168,-123.03333333340733,3734
38.58333332710026,-123.02500000007812,3735
38.583333327087075,-123.01666666678928,3736
38.58333332707533,-123.00833333336509,3737
38.58333332707827,-123.00000000009311,3738
38.583333327090166,-122.9916666667396,3739
38.583333327086216,-122.98333333343264,3740
38.583333327084304,-122.97500000007464,3741
38.58333332709762,-122.96666666675446,3742
38.58333332709165,-122.95833333340303,3743
38.58333332709391,-122.95000000010734,3744
38.583333327084624,-122.94166666673738,3745
38.58333332707188,-122.9333333334066,3746
38.583333327087814,-122.92500000007658,3747
38.583333327088575,-122.91666666674793,3748
38.58333332707754,-122.90833333344057,3749
38.58333332707286,-122.90000000009498,3750
38.583333327073305,-122.89166666674417,3751
38.5833333270822,-122.8833333334357,3752
38.58333332708435,-122.87500000007333,3753
38.583333327073795,-122.86666666675855,3754
38.58333332707287,-122.85833333339725,3755
38.583333327075565,-122.85000000010194,3756
38.583333327071294,-122.84166666674417,3757
38.58333332707766,-122.83333333343586,3758
38.58333332708405,-122.82500000003778,3759
38.583333327079316,-122.81666666679224,3760
38.58333332708622,-122.76666666673181,3761
38.583333327091665,-122.7583333334296,3762
38.583333327094344,-122.75000000007587,3763
38.58333332709276,-122.74166666676736,3764
38.58333332709052,-122.73333333341446,3765
38.5833333270794,-122.69166666678372,3766
38.58333332708002,-122.68333333343882,3767
38.583333327083864,-122.67500000012514,3768
38.58333332708467,-122.66666666674324,3769
38.58333332709519,-122.65833333340875,3770
38.58333332709476,-122.65000000011878,3771
38.5833333270961,-122.64166666675398,3772
38.574999993739915,-123.15000000010282,3773
38.57499999374402,-123.14166666672617,3774
38.5749999937456,-123.13333333338785,3775
38.57499999375344,-123.12500000009213,3776
38.574999993761914,-123.11666666675522,3777
38.574999993746154,-123.10833333340261,3778
38.57499999375319,-123.10000000005003,3779
38.57499999374874,-123.09166666679113,3780
38.57499999373186,-123.08333333341857,3781
38.57499999373987,-123.07500000006786,3782
38.57499999374781,-123.06666666675082,3783
38.57499999374535,-123.05833333337561,3784
38.574999993745806,-123.0500000000811,3785
38.57499999374814,-123.04166666676889,3786
38.57499999374702,-123.0333333334122,3787
38.574999993755355,-123.02500000008459,3788
38.57499999375309,-123.01666666675749,3789
38.57499999374883,-123.00833333337066,3790
38.5749999937558,-123.00000000010377,3791
38.57499999375896,-122.99166666675353,3792
38.57499999376646,-122.98333333342453,3793
38.57499999375819,-122.97500000006609,3794
38.574999993742686,-122.96666666675944,3795
38.57499999375717,-122.95833333341201,3796
38.57499999375277,-122.95000000009487,3797
38.57499999375197,-122.94166666673333,3798
38.574999993758595,-122.93333333340067,3799
38.57499999374779,-122.9250000000909,3800
38.57499999375168,-122.91666666674116,3801
38.574999993754695,-122.90833333343414,3802
38.57499999376059,-122.90000000010339,3803
38.5749999937635,-122.89166666674119,3804
38.57499999374775,-122.88333333342752,3805
38.57499999374543,-122.87500000008123,3806
38.57499999375523,-122.86666666674938,3807
38.57499999375725,-122.85833333340823,3808
38.57499999375481,-122.85000000009144,3809
38.57499999376555,-122.84166666676526,3810
38.5749999937552,-122.83333333340825,3811
38.57499999374603,-122.82500000006081,3812
38.57499999375768,-122.75000000008093,3813
38.57499999374942,-122.74166666674621,3814
38.574999993759526,-122.68333333342434,3815
38.57499999374326,-122.67500000011925,3816
38.57499999374924,-122.66666666676021,3817
38.574999993752236,-122.65833333341389,3818
38.574999993745415,-122.65000000010178,3819
38.57499999373687,-122.64166666675919,3820
38.56666666041886,-123.15833333339144,3821
38.566666660413325,-123.15000000009269,3822
38.566666660398006,-123.14166666671794,3823
38.56666666040534,-123.13333333341068,3824
38.56666666041545,-123.12500000009865,3825
38.566666660408444,-123.11666666675107,3826
38.566666660412025,-123.10833333338684,3827
38.566666660401616,-123.10000000006028,3828
38.566666660409574,-123.09166666678662,3829
38.56666666042062,-123.08333333341353,3830
38.56666666041013,-123.07500000006883,3831
38.56666666040108,-123.06666666674805,3832
38.5666666604115,-123.05833333339145,3833
38.56666666041671,-123.05000000007456,3834
38.56666666041099,-123.04166666676993,3835
38.56666666040266,-123.03333333339567,3836
38.56666666039566,-123.0250000001033,3837
38.56666666039861,-123.01666666673991,3838
38.56666666041041,-123.00833333340059,3839
38.566666660411,-123.00000000008622,3840
38.56666666039925,-122.99166666675701,3841
38.56666666039808,-122.98333333343137,3842
38.56666666040168,-122.97500000005158,3843
38.56666666040427,-122.96666666675279,3844
38.566666660394986,-122.95833333342715,3845
38.56666666040135,-122.95000000008297,3846
38.56666666041288,-122.94166666676277,3847
38.56666666040937,-122.93333333337631,3848
38.566666660403946,-122.92500000008874,3849
38.56666666040509,-122.91666666675157,3850
38.56666666040694,-122.90833333343163,3851
38.56666666040314,-122.90000000010937,3852
38.56666666040215,-122.89166666673835,3853
38.56666666040312,-122.88333333340616,3854
38.56666666040938,-122.87500000010904,3855
38.56666666041036,-122.8666666667392,3856
38.566666660409375,-122.85833333342008,3857
38.566666660419436,-122.85000000009205,3858
38.56666666041092,-122.84166666676832,3859
38.56666666040611,-122.83333333338041,3860
38.56666666041642,-122.66666666677392,3861
38.56666666040968,-122.65833333339404,3862
38.5666666604138,-122.6500000001172,3863
38.56666666041788,-122.6416666667365,3864
38.5583333271314,-123.15833333340133,3865
38.558333327142655,-123.1500000000921,3866
38.55833332714998,-123.14166666670548,3867
38.55833332714321,-123.13333333342403,3868
38.55833332713571,-123.12500000008957,3869
38.558333327136246,-123.1166666667496,3870
38.55833332713924,-123.1083333333991,3871
38.5583333271531,-123.10000000005367,3872
38.55833332714386,-123.09166666679116,3873
38.55833332712489,-123.08333333339604,3874
38.55833332712855,-123.07500000007514,3875
38.558333327130185,-123.06666666672963,3876
38.5583333271288,-123.05833333342463,3877
38.55833332714238,-123.05000000007209,3878
38.5583333271319,-123.04166666674591,3879
38.55833332713466,-123.03333333341055,3880
38.55833332714493,-123.0250000000938,3881
38.55833332713301,-123.01666666673472,3882
38.55833332712646,-123.0083333334144,3883
38.55833332713388,-123.0000000000855,3884
38.55833332713983,-122.9916666667482,3885
38.55833332713388,-122.98333333342849,3886
38.55833332713387,-122.97500000006036,3887
38.558333327134,-122.9666666667485,3888
38.55833332714283,-122.95833333343072,3889
38.55833332714017,-122.95000000008545,3890
38.55833332712483,-122.94166666675403,3891
38.55833332712896,-122.93333333338606,3892
38.5583333271374,-122.92500000008393,3893
38.55833332713458,-122.91666666675366,3894
38.558333327138236,-122.90833333343855,3895
38.55833332713319,-122.90000000008797,3896
38.558333327122824,-122.89166666674116,3897
38.55833332713454,-122.88333333342415,3898
38.5583333271388,-122.87500000010829,3899
38.5583333271292,-122.86666666672588,3900
38.558333327123854,-122.85833333342306,3901
38.55833332712143,-122.85000000010156,3902
38.54999999384454,-123.15833333340164,3903
38.54999999381911,-123.1500000000686,3904
38.549999993810225,-123.1416666667265,3905
38.54999999381706,-123.13333333340309,3906
38.549999993815014,-123.12500000009493,3907
38.5499999938222,-123.11666666675687,3908
38.54999999382834,-123.10833333340676,3909
38.549999993827846,-123.10000000006784,3910
38.5499999938291,-123.0916666667639,3911
38.549999993831456,-123.0833333333961,3912
38.54999999382929,-123.07500000007751,3913
38.54999999382627,-123.06666666672503,3914
38.549999993821395,-123.058333333419,3915
38.549999993818666,-123.05000000009542,3916
38.54999999382674,-123.04166666671861,3917
38.54999999381587,-123.03333333342462,3918
38.549999993818346,-123.02500000010062,3919
38.54999999383814,-123.01666666674075,3920
38.54999999383616,-123.0083333333944,3921
38.54999999383498,-123.00000000011568,3922
38.54999999382416,-122.99166666671009,3923
38.549999993816925,-122.98333333344506,3924
38.5499999938362,-122.97500000007527,3925
38.54999999383778,-122.9666666667364,3926
38.549999993815845,-122.95833333342138,3927
38.54999999382195,-122.95000000010045,3928
38.54999999382625,-122.94166666672099,3929
38.54999999382285,-122.93333333342034,3930
38.54999999382957,-122.92500000007446,3931
38.54999999382617,-122.91666666675295,3932
38.549999993826155,-122.90833333344521,3933
38.54999999383295,-122.90000000008413,3934
38.54999999384527,-122.89166666674816,3935
38.549999993842825,-122.88333333343232,3936
38.549999993824336,-122.87500000007681,3937
38.54999999381763,-122.86666666673067,3938
38.54999999383068,-122.85833333343085,3939
38.54999999382879,-122.85000000008668,3940
38.54166666045025,-123.1583333333833,3941
38.54166666047316,-123.15000000008284,3942
38.54166666048053,-123.14166666670978,3943
38.54166666048107,-123.13333333343185,3944
38.54166666048827,-123.12500000007455,3945
38.54166666047282,-123.11666666676375,3946
38.54166666047184,-123.10833333340834,3947
38.54166666047005,-123.10000000006255,3948
38.541666660466824,-123.09166666676596,3949
38.5416666604802,-123.08333333341979,3950
38.54166666048055,-123.07500000005086,3951
38.54166666048623,-123.06666666675599,3952
38.54166666048687,-123.05833333338114,3953
38.54166666047648,-123.05000000011184,3954
38.54166666048269,-123.0416666667255,3955
38.54166666049514,-123.0333333334203,3956
38.54166666048912,-123.02500000009917,3957
38.54166666046822,-123.01666666674042,3958
38.54166666046469,-123.00833333338578,3959
38.541666660463484,-123.00000000012038,3960
38.541666660477816,-122.99166666671111,3961
38.54166666049222,-122.98333333345578,3962
38.541666660472224,-122.97500000006336,3963
38.5416666604694,-122.96666666674628,3964
38.541666660482626,-122.95833333339722,3965
38.541666660467634,-122.95000000011008,3966
38.541666660476004,-122.94166666673203,3967
38.541666660487536,-122.93333333342257,3968
38.541666660482015,-122.92500000007416,3969
38.541666660482264,-122.91666666674809,3970
38.54166666048198,-122.90833333344962,3971
38.54166666047527,-122.90000000007988,3972
38.54166666046127,-122.89166666674971,3973
38.541666660467435,-122.88333333343688,3974
38.54166666048277,-122.87500000006706,3975
38.54166666049156,-122.86666666674384,3976
38.54166666048322,-122.8583333334254,3977
38.54166666047587,-122.85000000007703,3978
38.533333327200765,-123.1500000000947,3979
38.5333333271998,-123.14166666670837,3980
38.53333332720285,-123.13333333343915,3981
38.53333332719,-123.12500000005801,3982
38.53333332719369,-123.11666666676108,3983
38.53333332720365,-123.10833333342563,3984
38.533333327195265,-123.10000000002857,3985
38.53333332719128,-123.09166666678814,3986
38.533333327200374,-123.08333333343434,3987
38.533333327197916,-123.07500000003286,3988
38.53333332718759,-123.06666666676637,3989
38.533333327197056,-123.05833333338727,3990
38.53333332721132,-123.05000000011204,3991
38.533333327215004,-123.0416666667415,3992
38.53333332720705,-123.0333333334117,3993
38.53333332718643,-123.02500000006422,3994
38.533333327190434,-123.01666666674772,3995
38.53333332719432,-123.00833333337906,3996
38.53333332718731,-123.00000000011367,3997
38.53333332719697,-122.99166666675706,3998
38.53333332719854,-122.98333333343592,3999
38.53333332720522,-122.97500000006143,4000
38.53333332721588,-122.96666666676101,4001
38.53333332720565,-122.9583333333874,4002
38.53333332720678,-122.95000000009723,4003
38.53333332720873,-122.94166666676178,4004
38.53333332719131,-122.9333333333832,4005
38.53333332718665,-122.92500000009687,4006
38.53333332719355,-122.91666666673702,4007
38.533333327187094,-122.90833333344968,4008
38.53333332719011,-122.90000000007377,4009
38.533333327205966,-122.89166666675885,4010
38.533333327200005,-122.88333333342807,4011
38.533333327195024,-122.87500000009275,4012
38.533333327199436,-122.86666666673975,4013
38.53333332719291,-122.8583333334052,4014
38.53333332719776,-122.85000000009312,4015
38.524999993864505,-123.14166666674423,4016
38.524999993869145,-123.13333333341583,4017
38.524999993868676,-123.12500000005959,4018
38.52499999386224,-123.116666666755,4019
38.52499999385852,-123.10833333344195,4020
38.524999993870956,-123.10000000001891,4021
38.52499999387957,-123.09166666680538,4022
38.524999993859744,-123.08333333339958,4023
38.524999993862835,-123.07500000006868,4024
38.5249999938832,-123.06666666674695,4025
38.52499999387247,-123.05833333340465,4026
38.524999993858,-123.05000000009427,4027
38.52499999385309,-123.04166666675724,4028
38.52499999385704,-123.03333333338946,4029
38.52499999386881,-123.02500000007198,4030
38.52499999387298,-123.0166666667533,4031
38.52499999387815,-123.00833333338826,4032
38.52499999387857,-123.00000000009366,4033
38.524999993858785,-122.99166666676052,4034
38.52499999386073,-122.9833333334382,4035
38.52499999386424,-122.97500000007587,4036
38.524999993849164,-122.96666666673939,4037
38.52499999385277,-122.95833333339822,4038
38.524999993859495,-122.95000000009925,4039
38.52499999385381,-122.94166666675368,4040
38.524999993858586,-122.93333333337064,4041
38.524999993858245,-122.92500000010128,4042
38.5249999938566,-122.91666666674122,4043
38.524999993866786,-122.90833333345158,4044
38.52499999387318,-122.90000000008723,4045
38.52499999386987,-122.8916666667659,4046
38.52499999386994,-122.8833333334114,4047
38.52499999386279,-122.8750000000896,4048
38.52499999386148,-122.86666666674796,4049
38.524999993869365,-122.85833333339917,4050
38.51666666055862,-123.13333333342258,4051
38.51666666056965,-123.12500000007014,4052
38.51666666056648,-123.1166666667287,4053
38.51666666054817,-123.10833333343226,4054
38.516666660552104,-123.10000000005535,4055
38.516666660563025,-123.09166666680085,4056
38.51666666056564,-123.08333333337595,4057
38.516666660563956,-123.07500000009458,4058
38.516666660556986,-123.0666666667429,4059
38.51666666056274,-123.05833333340061,4060
38.51666666056154,-123.05000000007273,4061
38.516666660557014,-123.04166666676338,4062
38.51666666055281,-123.0333333333829,4063
38.51666666055285,-123.02500000009786,4064
38.516666660570465,-123.01666666676299,4065
38.516666660571154,-123.00833333338822,4066
38.51666666056357,-123.00000000008204,4067
38.51666666057061,-122.99166666675134,4068
38.516666660567125,-122.98333333344483,4069
38.51666666055701,-122.97500000005843,4070
38.51666666056781,-122.96666666674986,4071
38.51666666057435,-122.9583333334043,4072
38.5166666605758,-122.95000000010654,4073
38.51666666057101,-122.94166666672926,4074
38.51666666055875,-122.93333333338285,4075
38.516666660561874,-122.92500000009362,4076
38.51666666056946,-122.91666666675859,4077
38.51666666057097,-122.90833333345329,4078
38.51666666055582,-122.90000000007123,4079
38.516666660541766,-122.89166666675354,4080
38.51666666055629,-122.88333333344757,4081
38.51666666056467,-122.87500000005548,4082
38.516666660560986,-122.86666666677394,4083
38.50833332725506,-123.10833333339508,4084
38.5083333272399,-123.10000000007425,4085
38.508333327237835,-123.09166666679641,4086
38.50833332724791,-123.08333333340109,4087
38.50833332724045,-123.07500000005453,4088
38.508333327238496,-123.06666666676838,4089
38.50833332723637,-123.05833333338104,4090
38.508333327237736,-123.05000000009255,4091
38.50833332724656,-123.04166666675057,4092
38.50833332724281,-123.03333333338267,4093
38.50833332723976,-123.02500000009321,4094
38.50833332722702,-123.01666666677558,4095
38.5083333272272,-123.00833333337702,4096
38.50833332723452,-123.00000000009275,4097
38.50833332724322,-122.99166666676632,4098
38.50833332724287,-122.98333333342356,4099
38.508333327251336,-122.97500000007697,4100
38.50833332724846,-122.96666666674426,4101
38.508333327242774,-122.95833333341128,4102
38.50833332724748,-122.95000000010963,4103
38.50833332724235,-122.94166666670996,4104
38.50833332724522,-122.93333333338683,4105
38.50833332724089,-122.92500000008775,4106
38.50833332724252,-122.9166666667795,4107
38.50833332724885,-122.90833333344514,4108
38.50833332725864,-122.90000000007062,4109
38.50833332726596,-122.89166666674318,4110
38.50833332724587,-122.8833333334488,4111
38.49999999393914,-123.10000000007405,4112
38.499999993937465,-123.09166666679049,4113
38.49999999393468,-123.08333333341889,4114
38.49999999394915,-123.07500000004816,4115
38.49999999394188,-123.06666666675966,4116
38.499999993935525,-123.05833333337596,4117
38.49999999393878,-123.05000000010517,4118
38.49999999393157,-123.0416666667406,4119
38.49999999394157,-123.03333333340285,4120
38.4999999939487,-123.0250000000797,4121
38.499999993951896,-123.0166666667735,4122
38.49999999395044,-123.00833333337702,4123
38.49999999394791,-123.00000000010058,4124
38.49999999393348,-122.99166666674915,4125
38.49999999392542,-122.98333333342703,4126
38.49999999392766,-122.975000000091,4127
38.499999993929336,-122.96666666672829,4128
38.499999993929286,-122.95833333341788,4129
38.499999993921655,-122.95000000009826,4130
38.49999999392937,-122.94166666672554,4131
38.49999999394189,-122.93333333339633,4132
38.49999999395296,-122.92500000008923,4133
38.49999999395669,-122.91666666678677,4134
38.49999999394252,-122.90833333342509,4135
38.499999993923566,-122.9000000000757,4136
38.49999999392731,-122.89166666675618,4137
38.491666660626834,-123.09166666677388,4138
38.49166666062022,-123.08333333342017,4139
38.49166666061761,-123.07500000006628,4140
38.49166666061335,-123.06666666672274,4141
38.491666660616104,-123.05833333340702,4142
38.49166666062487,-123.05000000009369,4143
38.49166666062928,-123.04166666674752,4144
38.491666660628304,-123.03333333341062,4145
38.49166666062553,-123.02500000007903,4146
38.49166666062493,-123.01666666677843,4147
38.49166666062541,-123.00833333337053,4148
38.491666660616566,-123.00000000008848,4149
38.49166666061162,-122.99166666672963,4150
38.491666660614136,-122.9833333334375,4151
38.491666660613646,-122.97500000008337,4152
38.49166666062336,-122.96666666675452,4153
38.49166666062311,-122.95833333339117,4154
38.49166666062142,-122.95000000010978,4155
38.491666660617085,-122.94166666671956,4156
38.49166666060892,-122.93333333340946,4157
38.49166666060541,-122.92500000008843,4158
38.49166666059603,-122.91666666677828,4159
38.49166666059855,-122.90833333341453,4160
38.49166666061172,-122.90000000007686,4161
38.48333332726988,-123.09166666676838,4162
38.483333327282146,-123.08333333343488,4163
38.483333327290154,-123.07500000006038,4164
38.48333332729292,-123.06666666672616,4165
38.48333332729909,-123.05833333341816,4166
38.48333332728867,-123.05000000007985,4167
38.483333327274956,-123.0416666667462,4168
38.48333332728562,-123.03333333342775,4169
38.483333327291255,-123.0250000000666,4170
38.48333332728111,-123.01666666677332,4171
38.4833333272731,-123.00833333336335,4172
38.48333332728554,-123.00000000010151,4173
38.4833333272983,-122.99166666672937,4174
38.48333332729122,-122.98333333343032,4175
38.48333332729656,-122.97500000009845,4176
38.48333332729414,-122.96666666675134,4177
38.48333332728785,-122.95833333338366,4178
38.48333332729087,-122.95000000011945,4179
38.48333332730669,-122.94166666672862,4180
38.483333327310405,-122.93333333339315,4181
38.483333327291504,-122.92500000006818,4182
38.48333332728681,-122.91666666677557,4183
38.4833333272904,-122.90833333342728,4184
38.483333327291746,-122.9000000000878,4185
38.474999993928726,-123.1083333334036,4186
38.474999993924364,-123.1000000000615,4187
38.474999993928066,-123.09166666677245,4188
38.474999993924875,-123.08333333344561,4189
38.4749999939235,-123.07500000006043,4190
38.474999993927604,-123.06666666673732,4191
38.47499999391718,-123.05833333340011,4192
38.47499999391523,-123.05000000007773,4193
38.474999993925415,-123.04166666674253,4194
38.47499999391832,-123.03333333343723,4195
38.474999993907254,-123.02500000004825,4196
38.47499999391015,-123.01666666677983,4197
38.474999993930986,-123.00833333337778,4198
38.474999993930226,-123.00000000010616,4199
38.47499999392151,-122.99166666673129,4200
38.47499999393243,-122.98333333343466,4201
38.47499999392342,-122.97500000008813,4202
38.4749999939081,-122.96666666673269,4203
38.47499999392332,-122.95833333341689,4204
38.474999993934546,-122.95000000010947,4205
38.47499999391689,-122.94166666673559,4206
38.47499999391227,-122.93333333338471,4207
38.4749999939338,-122.92500000008096,4208
38.47499999394225,-122.9166666667689,4209
38.47499999394101,-122.90833333343777,4210
38.474999993938546,-122.90000000007545,4211
38.47499999392429,-122.89166666674363,4212
38.47499999392061,-122.88333333346128,4213
38.4666666607047,-123.10833333339515,4214
38.4666666607055,-123.1000000000641,4215
38.46666666071574,-123.09166666679263,4216
38.466666660715475,-123.08333333341979,4217
38.46666666070839,-123.07500000007245,4218
38.466666660717515,-123.06666666674691,4219
38.46666666071817,-123.05833333337458,4220
38.466666660709315,-123.05000000008565,4221
38.46666666071399,-123.04166666675884,4222
38.46666666071678,-123.0333333334139,4223
38.466666660716655,-123.02500000005328,4224
38.466666660722204,-123.01666666678858,4225
38.46666666071334,-123.00833333338852,4226
38.466666660713,-123.00000000009365,4227
38.466666660710416,-122.99166666672537,4228
38.46666666069978,-122.98333333344104,4229
38.466666660699346,-122.97500000006634,4230
38.46666666071265,-122.96666666675117,4231
38.46666666071483,-122.95833333342682,4232
38.46666666070472,-122.95000000010135,4233
38.46666666070986,-122.94166666672328,4234
38.46666666071003,-122.93333333338973,4235
38.466666660699346,-122.92500000009368,4236
38.46666666070534,-122.91666666677972,4237
38.46666666070772,-122.9083333334288,4238
38.46666666070525,-122.90000000007637,4239
38.46666666070638,-122.89166666672129,4240
38.466666660705165,-122.88333333347565,4241
38.466666660704966,-122.87500000005399,4242
38.45833332734219,-123.11666666672573,4243
38.4583333273454,-123.10833333340496,4244
38.45833332736008,-123.10000000007949,4245
38.45833332736156,-123.09166666679634,4246
38.45833332735356,-123.08333333340259,4247
38.458333327344775,-123.07500000006377,4248
38.458333327329555,-123.06666666674566,4249
38.458333327335595,-123.05833333338674,4250
38.45833332735722,-123.05000000009433,4251
38.458333327360016,-123.04166666676235,4252
38.458333327347596,-123.03333333339472,4253
38.45833332735733,-123.02500000008813,4254
38.458333327359775,-123.01666666676681,4255
38.458333327344164,-123.00833333337037,4256
38.45833332733812,-123.00000000010141,4257
38.45833332735024,-122.99166666673314,4258
38.45833332736036,-122.98333333343241,4259
38.45833332735298,-122.97500000006227,4260
38.45833332735571,-122.96666666678136,4261
38.45833332735803,-122.95833333340394,4262
38.45833332735413,-122.95000000010135,4263
38.45833332734748,-122.9416666667208,4264
38.45833332734658,-122.93333333339099,4265
38.458333327359924,-122.92500000009676,4266
38.45833332736221,-122.91666666679015,4267
38.458333327352584,-122.90833333340659,4268
38.45833332734419,-122.90000000008085,4269
38.45833332735477,-122.89166666673593,4270
38.458333327354715,-122.88333333345896,4271
38.4583333273474,-122.87500000005838,4272
38.45833332736022,-122.86666666675463,4273
38.449999994049975,-123.11666666675201,4274
38.44999999406509,-123.10833333340857,4275
38.44999999405465,-123.1000000000828,4276
38.449999994032055,-123.09166666675861,4277
38.449999994029696,-123.08333333342345,4278
38.44999999404695,-123.07500000005672,4279
38.44999999406379,-123.06666666675532,4280
38.44999999406953,-123.0583333333963,4281
38.44999999404414,-123.05000000007865,4282
38.44999999402967,-123.04166666675894,4283
38.44999999404909,-123.03333333340956,4284
38.44999999405361,-123.02500000009654,4285
38.44999999404218,-123.0166666667437,4286
38.449999994052114,-123.00833333338424,4287
38.44999999406331,-123.00000000009594,4288
38.44999999405562,-122.99166666674579,4289
38.44999999405664,-122.98333333343794,4290
38.449999994065266,-122.97500000005876,4291
38.44999999404692,-122.96666666675941,4292
38.44999999402919,-122.95833333340084,4293
38.44999999403497,-122.9500000001076,4294
38.44999999404404,-122.94166666671856,4295
38.44999999405523,-122.93333333341,4296
38.44999999404827,-122.92500000008813,4297
38.449999994031636,-122.91666666677534,4298
38.44999999403751,-122.90833333341527,4299
38.449999994055325,-122.90000000008752,4300
38.44999999404574,-122.89166666673088,4301
38.44999999403583,-122.88333333344774,4302
38.44999999403908,-122.87500000006297,4303
38.449999994039814,-122.86666666677219,4304
38.44166666073016,-123.10833333341259,4305
38.441666660727044,-123.10000000005664,4306
38.44166666072711,-123.09166666674803,4307
38.441666660725076,-123.08333333342686,4308
38.44166666071496,-123.07500000006492,4309
38.441666660710105,-123.06666666676668,4310
38.441666660719214,-123.05833333340915,4311
38.441666660736594,-123.05000000005272,4312
38.44166666073752,-123.04166666676277,4313
38.44166666072095,-123.03333333341038,4314
38.44166666070485,-123.02500000007684,4315
38.4416666607122,-123.01666666675675,4316
38.441666660718234,-123.00833333339725,4317
38.441666660712166,-123.00000000009128,4318
38.44166666071693,-122.99166666674569,4319
38.441666660712386,-122.98333333343231,4320
38.4416666607071,-122.97500000006983,4321
38.44166666072868,-122.96666666675358,4322
38.441666660747174,-122.95833333340791,4323
38.44166666073777,-122.95000000009459,4324
38.44166666072333,-122.94166666672284,4325
38.4416666607217,-122.93333333342133,4326
38.441666660721936,-122.92500000006586,4327
38.44166666071856,-122.91666666676501,4328
38.44166666072471,-122.90833333344521,4329
38.4416666607294,-122.90000000009428,4330
38.441666660731364,-122.8916666667117,4331
38.44166666072975,-122.88333333344809,4332
38.44166666073764,-122.87500000008077,4333
38.441666660739315,-122.86666666675835,4334
38.43333332740973,-123.10000000004682,4335
38.4333333274225,-123.09166666677879,4336
38.43333332743851,-123.08333333341888,4337
38.43333332743809,-123.07500000005572,4338
38.43333332742992,-123.06666666675467,4339
38.43333332741302,-123.05833333340844,4340
38.43333332741504,-123.05000000008509,4341
38.43333332742066,-123.04166666674105,4342
38.43333332742412,-123.03333333341071,4343
38.433333327429395,-123.02500000005888,4344
38.433333327421074,-123.01666666677315,4345
38.43333332741241,-123.00833333337658,4346
38.43333332740736,-123.00000000009382,4347
38.43333332741414,-122.99166666676197,4348
38.433333327426965,-122.98333333342951,4349
38.433333327435385,-122.97500000007771,4350
38.43333332741452,-122.96666666674686,4351
38.43333332739663,-122.95833333341568,4352
38.433333327404235,-122.95000000008388,4353
38.433333327422176,-122.94166666673922,4354
38.43333332742554,-122.93333333340773,4355
38.43333332741311,-122.92500000005958,4356
38.43333332741709,-122.91666666677226,4357
38.433333327417195,-122.90833333344811,4358
38.43333332741214,-122.9000000000908,4359
38.433333327420144,-122.89166666673145,4360
38.43333332742088,-122.8833333334269,4361
38.43333332741769,-122.87500000010961,4362
38.43333332741902,-122.8666666667344,4363
38.42499999410778,-123.08333333342127,4364
38.42499999411641,-123.0750000000667,4365
38.424999994137295,-123.06666666676443,4366
38.42499999414575,-123.05833333338491,4367
38.42499999413609,-123.0500000000962,4368
38.424999994135995,-123.04166666673892,4369
38.42499999413975,-123.03333333342462,4370
38.42499999413196,-123.02500000004089,4371
38.4249999941356,-123.0166666667835,4372
38.424999994139874,-123.0083333333591,4373
38.424999994130665,-122.97500000007295,4374
38.424999994133024,-122.96666666672147,4375
38.42499999413466,-122.95833333341459,4376
38.42499999413947,-122.95000000010519,4377
38.42499999414118,-122.94166666674997,4378
38.42499999413395,-122.93333333339072,4379
38.42499999413599,-122.92500000005968,4380
38.42499999413171,-122.91666666677165,4381
38.42499999413421,-122.90833333345297,4382
38.42499999413297,-122.90000000007566,4383
38.42499999412667,-122.89166666674939,4384
38.42499999412847,-122.88333333341308,4385
38.42499999411799,-122.87500000010115,4386
38.424999994127354,-122.86666666676025,4387
38.42499999413156,-122.85833333340491,4388
38.41666666076121,-123.04166666674703,4389
38.41666666075452,-123.03333333341175,4390
38.416666660761315,-123.02500000005212,4391
38.41666666076612,-123.01666666678604,4392
38.41666666077723,-122.95000000012553,4393
38.41666666077592,-122.94166666673024,4394
38.41666666077164,-122.93333333339169,4395
38.416666660777615,-122.92500000007176,4396
38.41666666078791,-122.91666666676936,4397
38.416666660782276,-122.90833333345017,4398
38.41666666077382,-122.90000000006266,4399
38.41666666077101,-122.89166666674758,4400
38.41666666077256,-122.88333333342034,4401
38.41666666077717,-122.87500000008434,4402
38.41666666076956,-122.86666666677996,4403
38.416666660767476,-122.85833333338866,4404
38.41666666076956,-122.85000000010703,4405
38.40833332744684,-122.91666666678684,4406
38.408333327450826,-122.90833333343002,4407
38.40833332744362,-122.90000000005732,4408
38.40833332744299,-122.89166666674733,4409
38.40833332745273,-122.88333333343896,4410
38.4083333274525,-122.87500000007283,4411
38.408333327445654,-122.86666666676791,4412
38.408333327454976,-122.85833333341247,4413
38.40833332746011,-122.85000000009495,4414
38.399999994138525,-122.90833333343735,4415
38.399999994160076,-122.90000000007335,4416
38.399999994165434,-122.89166666673897,4417
38.39999999414865,-122.88333333343583,4418
38.39999999415157,-122.87500000008036,4419
38.39999999415389,-122.86666666675298,4420
38.399999994139854,-122.85833333341978,4421
38.39999999413227,-122.85000000008368,4422
38.391666660874556,-122.8916666667287,4423
38.39166666087309,-122.88333333341639,4424
38.39166666087323,-122.87500000010482,4425
38.391666660883374,-122.86666666674883,4426
38.39166666087853,-122.85833333339316,4427
38.39166666087638,-122.85000000009444,4428
38.3916666608756,-122.84166666675725,4429
38.3833333274615,-122.8916666667454,4430
38.383333327474084,-122.88333333341781,4431
38.38333332746545,-122.87500000008956,4432
38.38333332745377,-122.8666666667616,4433
38.38333332746606,-122.8583333333925,4434
38.3833333274629,-122.85000000008648,4435
38.383333327462445,-122.84166666676317,4436
38.37499999430004,-122.89166666675595,4437
38.37499999429702,-122.88333333342283,4438
38.374999994297795,-122.87500000007175,4439
38.3749999943057,-122.86666666677326,4440
38.37499999431011,-122.85833333340804,4441
38.37499999431943,-122.85000000008098,4442
38.37499999432257,-122.841666666773,4443
38.366666660841474,-122.86666666675822,4444
38.366666660831996,-122.85833333341486,4445
38.36666666083805,-122.85000000009917,4446
38.35833332761415,-122.866666666746,4447
38.35833332762291,-122.8583333334259,4448
38.35833332761459,-122.85000000008442,4449
38.349999994237244,-122.85833333343143,4450
