Date,ppt (mm)
1981-01-01,0.0013662921348314607
1981-01-02,0
1981-01-03,8.012015730337078
1981-01-04,12.546438202247192
1981-01-05,0
1981-01-06,0
1981-01-07,0.001406741573033708
1981-01-08,0
1981-01-09,0
1981-01-10,0
1981-01-11,0
1981-01-12,0
1981-01-13,0
1981-01-14,0
1981-01-15,0
1981-01-16,9.652242696629214
1981-01-17,16.02481797752809
1981-01-18,3.331134831460674
1981-01-19,9.575110112359551
1981-01-20,12.165649438202248
1981-01-21,2.702534831460674
1981-01-22,33.28508988764045
1981-01-23,31.508970786516855
1981-01-24,6.168105617977528
1981-01-25,0
1981-01-26,11.731280898876404
1981-01-27,58.8358202247191
1981-01-28,42.74336629213483
1981-01-29,28.934860674157303
1981-01-30,0.7207662921348315
1981-01-31,0
1981-02-01,0
1981-02-02,0
1981-02-03,0
1981-02-04,0
1981-02-05,0
1981-02-06,0.009312359550561798
1981-02-07,0
1981-02-08,0
1981-02-09,1.2233033707865169
1981-02-10,0
1981-02-11,4.422101123595506
1981-02-12,0.016276404494382023
1981-02-13,18.273737078651685
1981-02-14,37.87066966292135
1981-02-15,0
1981-02-16,0.010287640449438203
1981-02-17,3.670694382022472
1981-02-18,0
1981-02-19,0.437247191011236
1981-02-20,0.8677797752808989
1981-02-21,0
1981-02-22,0
1981-02-23,0
1981-02-24,14.159013483146067
1981-02-25,12.486948314606742
1981-02-26,9.244152808988764
1981-02-27,9.791069662921348
1981-02-28,1.2014449438202248
1981-03-01,4.595849438202247
1981-03-02,0.003465168539325843
1981-03-03,0
1981-03-04,17.01743370786517
1981-03-05,0.0404808988764045
1981-03-06,0
1981-03-07,0.9167573033707865
1981-03-08,0.6712898876404495
1981-03-09,0
1981-03-10,0
1981-03-11,0
1981-03-12,0
1981-03-13,2.6962898876404493
1981-03-14,0
1981-03-15,5.521626966292135
1981-03-16,16.93340224719101
1981-03-17,0
1981-03-18,0
1981-03-19,8.288514606741574
1981-03-20,7.093141573033708
1981-03-21,23.17863595505618
1981-03-22,5.3923280898876405
1981-03-23,0
1981-03-24,0
1981-03-25,20.61986966292135
1981-03-26,12.42918426966292
1981-03-27,0.04164044943820225
1981-03-28,1.8426966292134833e-4
1981-03-29,1.001732584269663
1981-03-30,9.01123595505618e-4
1981-03-31,0.00683370786516854
1981-04-01,1.9528539325842698
1981-04-02,0
1981-04-03,0
1981-04-04,0
1981-04-05,0
1981-04-06,0
1981-04-07,0
1981-04-08,0
1981-04-09,0
1981-04-10,0
1981-04-11,0
1981-04-12,0
1981-04-13,0
1981-04-14,0
1981-04-15,0
1981-04-16,0
1981-04-17,0
1981-04-18,0
1981-04-19,8.729083146067415
1981-04-20,3.517961797752809
1981-04-21,0
1981-04-22,0
1981-04-23,0
1981-04-24,0
1981-04-25,0
1981-04-26,0.03971460674157303
1981-04-27,0
1981-04-28,0
1981-04-29,0
1981-04-30,0
1981-05-01,0
1981-05-02,0
1981-05-03,0
1981-05-04,0
1981-05-05,0
1981-05-06,0
1981-05-07,0
1981-05-08,0
1981-05-09,0
1981-05-10,0
1981-05-11,0
1981-05-12,0
1981-05-13,0
1981-05-14,0
1981-05-15,0.03943595505617977
1981-05-16,0
1981-05-17,0
1981-05-18,13.314791011235956
1981-05-19,2.3458629213483144
1981-05-20,3.9101348314606743
1981-05-21,0
1981-05-22,0
1981-05-23,0
1981-05-24,0
1981-05-25,0.4240966292134832
1981-05-26,1.8986426966292136
1981-05-27,0
1981-05-28,0
1981-05-29,0
1981-05-30,0
1981-05-31,0
1981-06-01,0
1981-06-02,0
1981-06-03,0
1981-06-04,0
1981-06-05,0
1981-06-06,0
1981-06-07,0
1981-06-08,0.30175505617977527
1981-06-09,0.04518651685393258
1981-06-10,0
1981-06-11,0
1981-06-12,0
1981-06-13,0
1981-06-14,0
1981-06-15,0
1981-06-16,0
1981-06-17,0
1981-06-18,0
1981-06-19,0
1981-06-20,0
1981-06-21,0
1981-06-22,0
1981-06-23,0
1981-06-24,0
1981-06-25,0
1981-06-26,0
1981-06-27,0
1981-06-28,0
1981-06-29,0
1981-06-30,0
1981-07-01,0
1981-07-02,0
1981-07-03,0
1981-07-04,0
1981-07-05,0.7566449438202247
1981-07-06,0.23753033707865168
1981-07-07,0
1981-07-08,0
1981-07-09,0
1981-07-10,0
1981-07-11,0
1981-07-12,0
1981-07-13,0
1981-07-14,0
1981-07-15,0
1981-07-16,0
1981-07-17,0
1981-07-18,0
1981-07-19,0
1981-07-20,0
1981-07-21,0
1981-07-22,0
1981-07-23,0
1981-07-24,0
1981-07-25,0
1981-07-26,0
1981-07-27,0
1981-07-28,0
1981-07-29,0
1981-07-30,0
1981-07-31,0
1981-08-01,0
1981-08-02,0
1981-08-03,0
1981-08-04,0
1981-08-05,0
1981-08-06,0
1981-08-07,0
1981-08-08,0
1981-08-09,0
1981-08-10,0
1981-08-11,0
1981-08-12,0
1981-08-13,0
1981-08-14,0
1981-08-15,0
1981-08-16,0
1981-08-17,0
1981-08-18,0
1981-08-19,0
1981-08-20,0
1981-08-21,0
1981-08-22,0
1981-08-23,0
1981-08-24,0
1981-08-25,0
1981-08-26,0
1981-08-27,0
1981-08-28,0
1981-08-29,0
1981-08-30,0
1981-08-31,0
1981-09-01,0
1981-09-02,0
1981-09-03,0
1981-09-04,0
1981-09-05,0
1981-09-06,0
1981-09-07,0
1981-09-08,0
1981-09-09,0
1981-09-10,0
1981-09-11,0
1981-09-12,0
1981-09-13,0
1981-09-14,0
1981-09-15,0
1981-09-16,0
1981-09-17,0
1981-09-18,0
1981-09-19,0
1981-09-20,0
1981-09-21,0
1981-09-22,0
1981-09-23,0
1981-09-24,0.4129573033707865
1981-09-25,11.770476404494381
1981-09-26,0.5837932584269663
1981-09-27,6.13825393258427
1981-09-28,5.020950561797753
1981-09-29,0
1981-09-30,0
1981-10-01,0.044301123595505615
1981-10-02,0
1981-10-03,1.2235685393258426
1981-10-04,0.16004494382022472
1981-10-05,0.0014786516853932585
1981-10-06,2.0341033707865166
1981-10-07,21.916152808988763
1981-10-08,0.04975505617977528
1981-10-09,1.280323595505618
1981-10-10,6.2660404494382025
1981-10-11,0.20278426966292135
1981-10-12,0.078692134831460675
1981-10-13,0.2314134831460674
1981-10-14,0.03146067415730337
1981-10-15,0
1981-10-16,0
1981-10-17,0
1981-10-18,0
1981-10-19,0
1981-10-20,0
1981-10-21,0
1981-10-22,0
1981-10-23,0
1981-10-24,0.07908539325842696
1981-10-25,0.06461348314606741
1981-10-26,0.062213483146067415
1981-10-27,11.603494382022472
1981-10-28,76.98501123595506
1981-10-29,16.483444943820224
1981-10-30,0.5758426966292135
1981-10-31,0
1981-11-01,0
1981-11-02,0
1981-11-03,0
1981-11-04,0
1981-11-05,0
1981-11-06,0.7947685393258427
1981-11-07,0
1981-11-08,0
1981-11-09,0.40415955056179775
1981-11-10,1.2417393258426965
1981-11-11,5.816761797752809
1981-11-12,27.310665168539327
1981-11-13,8.410231460674158
1981-11-14,40.313919101123595
1981-11-15,21.49543820224719
1981-11-16,58.67289213483146
1981-11-17,30.091191011235956
1981-11-18,0.9835438202247191
1981-11-19,0
1981-11-20,2.4691258426966294
1981-11-21,43.804642696629216
1981-11-22,32.50497078651686
1981-11-23,26.975662921348313
1981-11-24,27.367352808988763
1981-11-25,0.8612224719101124
1981-11-26,9.717498876404495
1981-11-27,15.808501123595505
1981-11-28,1.2584269662921347e-4
1981-11-29,0
1981-11-30,0
1981-12-01,0
1981-12-02,0.008085393258426967
1981-12-03,0.004314606741573034
1981-12-04,0.07520898876404494
1981-12-05,0.17347191011235955
1981-12-06,3.3763280898876404
1981-12-07,8.980155056179775
1981-12-08,0
1981-12-09,7.146067415730337e-4
1981-12-10,21.507557303370785
1981-12-11,1.1456134831460674
1981-12-12,6.439647191011236
1981-12-13,11.968191011235955
1981-12-14,9.20938202247191
1981-12-15,8.020656179775282
1981-12-16,0
1981-12-17,2.3146067415730337e-4
1981-12-18,7.616566292134832
1981-12-19,126.03882471910113
1981-12-20,74.55691685393258
1981-12-21,17.12583370786517
1981-12-22,0
1981-12-23,0.450761797752809
1981-12-24,0
1981-12-25,0.004206741573033708
1981-12-26,0.42081123595505615
1981-12-27,3.5872449438202247
1981-12-28,0.1391752808988764
1981-12-29,45.77831011235955
1981-12-30,27.434903370786518
1981-12-31,1.4740337078651686
1982-01-01,18.051377528089887
1982-01-02,14.791175280898877
1982-01-03,7.777640449438202
1982-01-04,81.0233011235955
1982-01-05,27.248957303370787
1982-01-06,0.028191011235955056
1982-01-07,0.0043123595505617975
1982-01-08,0
1982-01-09,0
1982-01-10,0
1982-01-11,0
1982-01-12,0
1982-01-13,0
1982-01-14,0
1982-01-15,0
1982-01-16,0
1982-01-17,0.7058022471910113
1982-01-18,5.644379775280899
1982-01-19,10.499719101123596
1982-01-20,21.710119101123595
1982-01-21,10.57327415730337
1982-01-22,1.5217887640449437
1982-01-23,3.986116853932584
1982-01-24,0.013074157303370786
1982-01-25,0
1982-01-26,18.3473797752809
1982-01-27,3.4110044943820226
1982-01-28,19.60781573033708
1982-01-29,0.582791011235955
1982-01-30,0
1982-01-31,0
1982-02-01,0
1982-02-02,0
1982-02-03,0
1982-02-04,0
1982-02-05,0
1982-02-06,0
1982-02-07,0
1982-02-08,0
1982-02-09,0
1982-02-10,0
1982-02-11,0
1982-02-12,0
1982-02-13,7.5604786516853935
1982-02-14,35.1843191011236
1982-02-15,67.91969213483146
1982-02-16,66.85791460674157
1982-02-17,3.5596516853932583
1982-02-18,0
1982-02-19,0.14085842696629214
1982-02-20,0.11105168539325842
1982-02-21,0
1982-02-22,0
1982-02-23,0
1982-02-24,0
1982-02-25,0
1982-02-26,0.6824292134831461
1982-02-27,10.5277797752809
1982-02-28,3.1717505617977526
1982-03-01,40.142226966292135
1982-03-02,16.118955056179775
1982-03-03,1.6868179775280898
1982-03-04,2.1863101123595508
1982-03-05,0
1982-03-06,0
1982-03-07,0.038640449438202246
1982-03-08,9.61312808988764
1982-03-09,1.2082494382022473
1982-03-10,6.216413483146067
1982-03-11,7.797903370786517
1982-03-12,0.29427865168539324
1982-03-13,0
1982-03-14,4.68058202247191
1982-03-15,0.950476404494382
1982-03-16,13.703191011235955
1982-03-17,6.551979775280899
1982-03-18,1.1479595505617977
1982-03-19,0.8930719101123595
1982-03-20,0.00950561797752809
1982-03-21,0
1982-03-22,0
1982-03-23,0
1982-03-24,0
1982-03-25,0
1982-03-26,0.9078404494382023
1982-03-27,0.8585483146067415
1982-03-28,11.511503370786517
1982-03-29,18.006626966292135
1982-03-30,23.865134831460676
1982-03-31,102.68187191011236
1982-04-01,26.495492134831462
1982-04-02,28.992865168539325
1982-04-03,29.527752808988765
1982-04-04,6.139370786516854
1982-04-05,0.8972516853932584
1982-04-06,10.94074606741573
1982-04-07,1.5854966292134831
1982-04-08,0.2913191011235955
1982-04-09,0
1982-04-10,14.822431460674157
1982-04-11,67.64336853932585
1982-04-12,13.358865168539326
1982-04-13,10.852615730337078
1982-04-14,15.152269662921348
1982-04-15,0.5480022471910112
1982-04-16,0
1982-04-17,0
1982-04-18,0
1982-04-19,0
1982-04-20,0
1982-04-21,0
1982-04-22,0
1982-04-23,0
1982-04-24,0
1982-04-25,0
1982-04-26,0
1982-04-27,0
1982-04-28,0
1982-04-29,0
1982-04-30,0
1982-05-01,0
1982-05-02,0
1982-05-03,0
1982-05-04,0
1982-05-05,0
1982-05-06,0
1982-05-07,0
1982-05-08,0
1982-05-09,0
1982-05-10,0.010404494382022473
1982-05-11,0.26578876404494384
1982-05-12,0
1982-05-13,0
1982-05-14,0
1982-05-15,0
1982-05-16,0
1982-05-17,0
1982-05-18,0
1982-05-19,0
1982-05-20,0
1982-05-21,0
1982-05-22,0
1982-05-23,0
1982-05-24,0
1982-05-25,0
1982-05-26,0
1982-05-27,0
1982-05-28,0
1982-05-29,0
1982-05-30,0
1982-05-31,0
1982-06-01,0
1982-06-02,0
1982-06-03,0
1982-06-04,0
1982-06-05,0
1982-06-06,0
1982-06-07,0
1982-06-08,0
1982-06-09,0
1982-06-10,0
1982-06-11,0
1982-06-12,0
1982-06-13,0
1982-06-14,0
1982-06-15,0
1982-06-16,0
1982-06-17,0
1982-06-18,0
1982-06-19,0
1982-06-20,0.04048988764044944
1982-06-21,0
1982-06-22,0
1982-06-23,0
1982-06-24,0.003975280898876405
1982-06-25,0
1982-06-26,0.040262921348314606
1982-06-27,0.3189191011235955
1982-06-28,0.2830449438202247
1982-06-29,2.359458426966292
1982-06-30,0.9924561797752809
1982-07-01,0.07573258426966292
1982-07-02,0
1982-07-03,0
1982-07-04,0
1982-07-05,0
1982-07-06,0
1982-07-07,0
1982-07-08,0
1982-07-09,0
1982-07-10,0
1982-07-11,0
1982-07-12,0
1982-07-13,0
1982-07-14,0
1982-07-15,0
1982-07-16,0
1982-07-17,0
1982-07-18,0
1982-07-19,0
1982-07-20,0
1982-07-21,0
1982-07-22,0
1982-07-23,0
1982-07-24,0
1982-07-25,0
1982-07-26,0
1982-07-27,0
1982-07-28,0
1982-07-29,0
1982-07-30,0
1982-07-31,0
1982-08-01,0
1982-08-02,0
1982-08-03,0
1982-08-04,0
1982-08-05,0
1982-08-06,0
1982-08-07,0
1982-08-08,0
1982-08-09,0
1982-08-10,0
1982-08-11,0
1982-08-12,0
1982-08-13,0.08848314606741574
1982-08-14,0.04852134831460674
1982-08-15,0
1982-08-16,0
1982-08-17,0
1982-08-18,0
1982-08-19,0
1982-08-20,0
1982-08-21,0
1982-08-22,0
1982-08-23,0
1982-08-24,0
1982-08-25,0
1982-08-26,0
1982-08-27,0
1982-08-28,0
1982-08-29,0.2597707865168539
1982-08-30,0
1982-08-31,0
1982-09-01,0
1982-09-02,0
1982-09-03,0
1982-09-04,0
1982-09-05,0
1982-09-06,0
1982-09-07,0
1982-09-08,0
1982-09-09,0
1982-09-10,0
1982-09-11,0
1982-09-12,0
1982-09-13,0
1982-09-14,0
1982-09-15,0
1982-09-16,4.654330337078652
1982-09-17,14.742541573033709
1982-09-18,8.512112359550562
1982-09-19,0.327161797752809
1982-09-20,0.05092359550561797
1982-09-21,0
1982-09-22,0
1982-09-23,0
1982-09-24,2.9599415730337078
1982-09-25,0.02110112359550562
1982-09-26,0
1982-09-27,0
1982-09-28,0
1982-09-29,0
1982-09-30,0
1982-10-01,0
1982-10-02,0
1982-10-03,0
1982-10-04,0
1982-10-05,0
1982-10-06,0.036487640449438204
1982-10-07,3.587
1982-10-08,0
1982-10-09,0
1982-10-10,0
1982-10-11,0
1982-10-12,0
1982-10-13,0
1982-10-14,0
1982-10-15,0
1982-10-16,0
1982-10-17,0
1982-10-18,0
1982-10-19,0.1700202247191011
1982-10-20,0.9626067415730337
1982-10-21,3.5432471910112358
1982-10-22,7.869858426966292
1982-10-23,19.612044943820226
1982-10-24,1.313323595505618
1982-10-25,7.862984269662921
1982-10-26,47.66962247191011
1982-10-27,2.951424719101124
1982-10-28,6.142397752808989
1982-10-29,0.7944224719101124
1982-10-30,39.329429213483145
1982-10-31,0
1982-11-01,0
1982-11-02,0
1982-11-03,0
1982-11-04,0
1982-11-05,0
1982-11-06,0
1982-11-07,0
1982-11-08,7.956283146067416
1982-11-09,2.6026808988764043
1982-11-10,0.36196179775280896
1982-11-11,0
1982-11-12,0
1982-11-13,0
1982-11-14,0
1982-11-15,0
1982-11-16,0.02844494382022472
1982-11-17,13.580458426966292
1982-11-18,81.28673033707865
1982-11-19,14.701669662921349
1982-11-20,2.4937483146067416
1982-11-21,0.1461303370786517
1982-11-22,18.201076404494383
1982-11-23,19.498155056179776
1982-11-24,0.004359550561797753
1982-11-25,0.46371011235955056
1982-11-26,0.11239775280898877
1982-11-27,8.046703370786517
1982-11-28,17.54246966292135
1982-11-29,52.63242247191011
1982-11-30,57.591294382022475
1982-12-01,14.755184269662921
1982-12-02,3.5543101123595506
1982-12-03,5.455611235955057
1982-12-04,1.7682022471910113
1982-12-05,0.5612674157303371
1982-12-06,0.16036404494382023
1982-12-07,0
1982-12-08,0
1982-12-09,0
1982-12-10,0
1982-12-11,0
1982-12-12,0.10581123595505618
1982-12-13,7.448779775280899
1982-12-14,0
1982-12-15,7.880229213483146
1982-12-16,18.659898876404494
1982-12-17,32.46190786516854
1982-12-18,0.2638988764044944
1982-12-19,0.0726
1982-12-20,3.0418539325842695
1982-12-21,52.671831460674156
1982-12-22,46.1348808988764
1982-12-23,46.301914606741576
1982-12-24,0.0347438202247191
1982-12-25,0
1982-12-26,0
1982-12-27,0.007584269662921348
1982-12-28,0
1982-12-29,0
1982-12-30,0
1982-12-31,0
1983-01-01,0
1983-01-02,0
1983-01-03,0.6583438202247192
1983-01-04,0
1983-01-05,0
1983-01-06,0
1983-01-07,0
1983-01-08,0
1983-01-09,0
1983-01-10,0
1983-01-11,0
1983-01-12,0
1983-01-13,0
1983-01-14,0
1983-01-15,0.5018898876404494
1983-01-16,3.4562516853932586
1983-01-17,1.7791932584269663
1983-01-18,21.93994606741573
1983-01-19,35.776660674157306
1983-01-20,0.9899078651685393
1983-01-21,0.4569056179775281
1983-01-22,33.10155505617978
1983-01-23,12.522970786516854
1983-01-24,73.98386292134832
1983-01-25,1.0286606741573034
1983-01-26,41.97654831460674
1983-01-27,93.90021123595506
1983-01-28,0.6292606741573034
1983-01-29,26.70785168539326
1983-01-30,4.484840449438202
1983-01-31,0.0035235955056179776
1983-02-01,0
1983-02-02,0
1983-02-03,5.604584269662921
1983-02-04,0
1983-02-05,16.678397752808987
1983-02-06,25.421462921348315
1983-02-07,32.99403820224719
1983-02-08,35.219973033707866
1983-02-09,9.250941573033709
1983-02-10,6.9599640449438205
1983-02-11,0.8042741573033708
1983-02-12,33.46262247191011
1983-02-13,16.017680898876403
1983-02-14,0.16108539325842697
1983-02-15,0
1983-02-16,12.766433707865168
1983-02-17,0.3009865168539326
1983-02-18,33.35351460674157
1983-02-19,4.410062921348315
1983-02-20,0
1983-02-21,0
1983-02-22,1.354961797752809
1983-02-23,0.17305842696629214
1983-02-24,15.46961797752809
1983-02-25,30.896591011235955
1983-02-26,30.993074157303372
1983-02-27,34.127919101123595
1983-02-28,42.5473393258427
1983-03-01,73.89619325842696
1983-03-02,38.01177752808989
1983-03-03,28.472330337078652
1983-03-04,6.645786516853932
1983-03-05,9.309914606741573
1983-03-06,2.244143820224719
1983-03-07,31.19483370786517
1983-03-08,2.9351393258426968
1983-03-09,2.4021977528089886
1983-03-10,3.9747483146067415
1983-03-11,1.213238202247191
1983-03-12,29.651049438202246
1983-03-13,71.6887191011236
1983-03-14,3.433483146067416
1983-03-15,0.6681573033707865
1983-03-16,1.993103370786517
1983-03-17,25.51698202247191
1983-03-18,13.408155056179774
1983-03-19,0.0486247191011236
1983-03-20,1.2695573033707865
1983-03-21,17.160262921348316
1983-03-22,24.24971011235955
1983-03-23,9.644543820224719
1983-03-24,43.60130337078652
1983-03-25,12.85087191011236
1983-03-26,0.7038247191011237
1983-03-27,37.53431235955056
1983-03-28,0
1983-03-29,5.351997752808988
1983-03-30,8.732395505617978
1983-03-31,16.753680898876404
1983-04-01,0
1983-04-02,2.9647752808988765
1983-04-03,0.02464943820224719
1983-04-04,0
1983-04-05,0
1983-04-06,0
1983-04-07,0
1983-04-08,0
1983-04-09,0.019325842696629215
1983-04-10,0
1983-04-11,0
1983-04-12,0.6358179775280899
1983-04-13,0.7677011235955056
1983-04-14,0
1983-04-15,0
1983-04-16,0
1983-04-17,0
1983-04-18,0.7653797752808988
1983-04-19,5.818453932584269
1983-04-20,10.742330337078652
1983-04-21,3.166321348314607
1983-04-22,0
1983-04-23,55.940489887640446
1983-04-24,20.31736853932584
1983-04-25,11.147802247191011
1983-04-26,0.3284629213483146
1983-04-27,22.513
1983-04-28,20.06907191011236
1983-04-29,6.3903101123595505
1983-04-30,14.894024719101123
1983-05-01,4.7455101123595504
1983-05-02,6.112359550561798e-4
1983-05-03,0.027642696629213485
1983-05-04,0.019624719101123594
1983-05-05,3.964534831460674
1983-05-06,11.986119101123595
1983-05-07,0
1983-05-08,0.043775280898876404
1983-05-09,0.27616629213483146
1983-05-10,0
1983-05-11,0
1983-05-12,0
1983-05-13,0
1983-05-14,0
1983-05-15,0
1983-05-16,0
1983-05-17,0
1983-05-18,0
1983-05-19,0
1983-05-20,0
1983-05-21,0
1983-05-22,0
1983-05-23,0
1983-05-24,0
1983-05-25,0
1983-05-26,0
1983-05-27,0
1983-05-28,0
1983-05-29,0
1983-05-30,0
1983-05-31,0
1983-06-01,0
1983-06-02,0.7949640449438202
1983-06-03,0
1983-06-04,0
1983-06-05,0
1983-06-06,0
1983-06-07,0
1983-06-08,0
1983-06-09,0
1983-06-10,0.0944561797752809
1983-06-11,1.4345460674157304
1983-06-12,0
1983-06-13,0
1983-06-14,0
1983-06-15,0
1983-06-16,0
1983-06-17,0
1983-06-18,0
1983-06-19,0
1983-06-20,0
1983-06-21,0
1983-06-22,0
1983-06-23,0
1983-06-24,0
1983-06-25,0
1983-06-26,0
1983-06-27,0
1983-06-28,0
1983-06-29,0
1983-06-30,0
1983-07-01,0.45002696629213484
1983-07-02,3.3843662921348314
1983-07-03,0
1983-07-04,0
1983-07-05,0
1983-07-06,0
1983-07-07,0
1983-07-08,0
1983-07-09,0
1983-07-10,0
1983-07-11,0
1983-07-12,0
1983-07-13,0
1983-07-14,0
1983-07-15,0
1983-07-16,0
1983-07-17,0
1983-07-18,0
1983-07-19,0
1983-07-20,0
1983-07-21,0
1983-07-22,0
1983-07-23,0
1983-07-24,0
1983-07-25,0
1983-07-26,0
1983-07-27,0
1983-07-28,0
1983-07-29,0
1983-07-30,0
1983-07-31,0
1983-08-01,0
1983-08-02,0
1983-08-03,0
1983-08-04,0
1983-08-05,0
1983-08-06,0
1983-08-07,0
1983-08-08,0
1983-08-09,0
1983-08-10,0
1983-08-11,0
1983-08-12,0
1983-08-13,0
1983-08-14,0
1983-08-15,0
1983-08-16,0
1983-08-17,0
1983-08-18,0
1983-08-19,3.534121348314607
1983-08-20,10.151062921348315
1983-08-21,2.125112359550562
1983-08-22,0.28877078651685395
1983-08-23,0
1983-08-24,0
1983-08-25,0
1983-08-26,0
1983-08-27,0
1983-08-28,0
1983-08-29,0
1983-08-30,2.8043101123595506
1983-08-31,6.800175280898876
1983-09-01,9.812442696629214
1983-09-02,0
1983-09-03,0
1983-09-04,0
1983-09-05,0
1983-09-06,0
1983-09-07,0.015937078651685394
1983-09-08,0.002548314606741573
1983-09-09,0
1983-09-10,0
1983-09-11,0
1983-09-12,0
1983-09-13,0
1983-09-14,0
1983-09-15,0
1983-09-16,0
1983-09-17,0
1983-09-18,0
1983-09-19,0
1983-09-20,0
1983-09-21,0.012195505617977529
1983-09-22,1.7396404494382023
1983-09-23,0.49066516853932585
1983-09-24,0.8309910112359551
1983-09-25,0
1983-09-26,0
1983-09-27,0
1983-09-28,0
1983-09-29,0
1983-09-30,2.462514606741573
1983-10-01,8.345366292134832
1983-10-02,0
1983-10-03,0
1983-10-04,0
1983-10-05,0
1983-10-06,0
1983-10-07,0
1983-10-08,0
1983-10-09,0.02304494382022472
1983-10-10,0.7119258426966292
1983-10-11,0
1983-10-12,0
1983-10-13,0
1983-10-14,0
1983-10-15,0
1983-10-16,0
1983-10-17,0
1983-10-18,0
1983-10-19,0
1983-10-20,0
1983-10-21,0
1983-10-22,0
1983-10-23,0.5418067415730338
1983-10-24,0.15610112359550563
1983-10-25,0
1983-10-26,0
1983-10-27,0
1983-10-28,0
1983-10-29,0.1356449438202247
1983-10-30,18.50843820224719
1983-10-31,10.829532584269662
1983-11-01,27.258251685393258
1983-11-02,2.5528314606741573
1983-11-03,0
1983-11-04,1.7844696629213483
1983-11-05,0.015496629213483146
1983-11-06,0.9715438202247191
1983-11-07,7.477215730337079
1983-11-08,0
1983-11-09,18.02565393258427
1983-11-10,66.75148089887641
1983-11-11,70.13793033707866
1983-11-12,16.220701123595507
1983-11-13,29.031788764044943
1983-11-14,11.044737078651686
1983-11-15,0.9024696629213483
1983-11-16,23.931498876404493
1983-11-17,56.69736179775281
1983-11-18,3.0359820224719103
1983-11-19,13.898233707865169
1983-11-20,29.63936179775281
1983-11-21,2.692550561797753
1983-11-22,0
1983-11-23,11.463471910112359
1983-11-24,38.61269662921348
1983-11-25,17.45723595505618
1983-11-26,0
1983-11-27,0
1983-11-28,0
1983-11-29,6.96629213483146e-4
1983-11-30,0.3361887640449438
1983-12-01,2.2176696629213484
1983-12-02,0.28875505617977526
1983-12-03,27.349280898876405
1983-12-04,10.27798202247191
1983-12-05,0.15083146067415731
1983-12-06,12.174114606741574
1983-12-07,9.383750561797752
1983-12-08,13.63316404494382
1983-12-09,66.58561573033708
1983-12-10,22.84769438202247
1983-12-11,45.69175280898877
1983-12-12,10.114168539325842
1983-12-13,5.8179932584269665
1983-12-14,3.348258426966292
1983-12-15,0.3890651685393258
1983-12-16,0.9177977528089888
1983-12-17,5.4014606741573035
1983-12-18,0.0020157303370786517
1983-12-19,0
1983-12-20,0
1983-12-21,0.020148314606741574
1983-12-22,0.0060921348314606745
1983-12-23,19.89643595505618
1983-12-24,59.38077303370787
1983-12-25,60.74115056179775
1983-12-26,22.204020224719102
1983-12-27,15.686451685393259
1983-12-28,1.6570629213483146
1983-12-29,4.662548314606742
1983-12-30,35.084595505617976
1983-12-31,0.9654741573033708
1984-01-01,0
1984-01-02,0
1984-01-03,0
1984-01-04,0
1984-01-05,0.007543820224719101
1984-01-06,0
1984-01-07,0
1984-01-08,0.02426067415730337
1984-01-09,0.028164044943820226
1984-01-10,0.44159101123595507
1984-01-11,0.41205617977528086
1984-01-12,0
1984-01-13,0.014184269662921347
1984-01-14,0
1984-01-15,2.8230224719101122
1984-01-16,12.62567415730337
1984-01-17,0
1984-01-18,0
1984-01-19,0
1984-01-20,0
1984-01-21,3.796467415730337
1984-01-22,0
1984-01-23,0
1984-01-24,0
1984-01-25,0
1984-01-26,0
1984-01-27,0
1984-01-28,0
1984-01-29,0
1984-01-30,0
1984-01-31,0
1984-02-01,7.55056179775281e-4
1984-02-02,0
1984-02-03,0
1984-02-04,0
1984-02-05,0
1984-02-06,0
1984-02-07,0.0760247191011236
1984-02-08,0.011278651685393258
1984-02-09,6.688914606741573
1984-02-10,5.326975280898877
1984-02-11,2.6394044943820223
1984-02-12,15.799114606741574
1984-02-13,24.745570786516854
1984-02-14,10.448966292134832
1984-02-15,5.717231460674157
1984-02-16,19.892211235955056
1984-02-17,0.2587820224719101
1984-02-18,0
1984-02-19,0.612008988764045
1984-02-20,0.8163303370786517
1984-02-21,4.986238202247191
1984-02-22,0.6028134831460674
1984-02-23,0.031008988764044943
1984-02-24,4.903669662921349
1984-02-25,1.2487393258426966
1984-02-26,0
1984-02-27,0
1984-02-28,0.00959550561797753
1984-02-29,0.6645775280898877
1984-03-01,0
1984-03-02,0.6302516853932585
1984-03-03,7.146067415730337e-4
1984-03-04,0
1984-03-05,0
1984-03-06,0
1984-03-07,0
1984-03-08,0
1984-03-09,0
1984-03-10,0
1984-03-11,0
1984-03-12,0.32363595505617976
1984-03-13,27.18216179775281
1984-03-14,20.70632584269663
1984-03-15,21.67086741573034
1984-03-16,2.935658426966292
1984-03-17,16.153844943820225
1984-03-18,0
1984-03-19,0
1984-03-20,0
1984-03-21,0.053382022471910116
1984-03-22,0
1984-03-23,0
1984-03-24,0
1984-03-25,1.1685393258426967e-4
1984-03-26,0.21680224719101124
1984-03-27,0
1984-03-28,0
1984-03-29,0
1984-03-30,0
1984-03-31,3.977523595505618
1984-04-01,0.5728988764044943
1984-04-02,0
1984-04-03,0
1984-04-04,0.029447191011235954
1984-04-05,0
1984-04-06,0.1208
1984-04-07,0
1984-04-08,8.827339325842697
1984-04-09,0
1984-04-10,21.88067191011236
1984-04-11,0.6213191011235956
1984-04-12,0.010125842696629214
1984-04-13,0
1984-04-14,0
1984-04-15,0.03336179775280899
1984-04-16,0
1984-04-17,0
1984-04-18,10.45985393258427
1984-04-19,11.179703370786516
1984-04-20,1.551314606741573
1984-04-21,0
1984-04-22,0
1984-04-23,0
1984-04-24,0
1984-04-25,5.213483146067415e-4
1984-04-26,0
1984-04-27,0
1984-04-28,0
1984-04-29,0
1984-04-30,0
1984-05-01,1.1927842696629214
1984-05-02,6.7185303370786515
1984-05-03,2.6901797752808987
1984-05-04,0
1984-05-05,0
1984-05-06,0
1984-05-07,0
1984-05-08,0
1984-05-09,0
1984-05-10,0
1984-05-11,1.044723595505618
1984-05-12,0.06570112359550562
1984-05-13,0
1984-05-14,0
1984-05-15,0
1984-05-16,0
1984-05-17,0
1984-05-18,0
1984-05-19,0
1984-05-20,0
1984-05-21,0
1984-05-22,0
1984-05-23,0
1984-05-24,0
1984-05-25,0
1984-05-26,0
1984-05-27,0
1984-05-28,0
1984-05-29,0
1984-05-30,0
1984-05-31,0
1984-06-01,0
1984-06-02,0
1984-06-03,0
1984-06-04,1.4183730337078653
1984-06-05,1.1110067415730338
1984-06-06,8.197973033707866
1984-06-07,3.468611235955056
1984-06-08,0.01576629213483146
1984-06-09,0
1984-06-10,0
1984-06-11,0
1984-06-12,0
1984-06-13,0
1984-06-14,0
1984-06-15,0.12863146067415732
1984-06-16,0.001253932584269663
1984-06-17,0
1984-06-18,0
1984-06-19,0
1984-06-20,0
1984-06-21,0
1984-06-22,0
1984-06-23,0
1984-06-24,0
1984-06-25,0
1984-06-26,0
1984-06-27,0
1984-06-28,0
1984-06-29,0
1984-06-30,0
1984-07-01,0
1984-07-02,0
1984-07-03,0
1984-07-04,0
1984-07-05,0
1984-07-06,0
1984-07-07,0
1984-07-08,0
1984-07-09,0
1984-07-10,0
1984-07-11,0
1984-07-12,0
1984-07-13,0
1984-07-14,0
1984-07-15,0
1984-07-16,0
1984-07-17,0
1984-07-18,0
1984-07-19,0
1984-07-20,0
1984-07-21,0
1984-07-22,0
1984-07-23,0
1984-07-24,0
1984-07-25,0
1984-07-26,0
1984-07-27,0
1984-07-28,0
1984-07-29,0
1984-07-30,0
1984-07-31,0
1984-08-01,0
1984-08-02,0
1984-08-03,0
1984-08-04,0
1984-08-05,0
1984-08-06,0
1984-08-07,0
1984-08-08,0
1984-08-09,0
1984-08-10,0
1984-08-11,0
1984-08-12,0
1984-08-13,0
1984-08-14,0
1984-08-15,0
1984-08-16,0
1984-08-17,0
1984-08-18,0
1984-08-19,0
1984-08-20,0
1984-08-21,0
1984-08-22,0
1984-08-23,0
1984-08-24,0
1984-08-25,0
1984-08-26,0
1984-08-27,0
1984-08-28,0
1984-08-29,0
1984-08-30,0.9202404494382023
1984-08-31,2.4141191011235956
1984-09-01,0
1984-09-02,0
1984-09-03,0
1984-09-04,0
1984-09-05,0
1984-09-06,0
1984-09-07,0
1984-09-08,0
1984-09-09,0
1984-09-10,0
1984-09-11,0
1984-09-12,0
1984-09-13,0
1984-09-14,0
1984-09-15,0
1984-09-16,0
1984-09-17,0
1984-09-18,0
1984-09-19,5.156786516853932
1984-09-20,0.10041348314606742
1984-09-21,0
1984-09-22,0
1984-09-23,0
1984-09-24,0
1984-09-25,0
1984-09-26,0
1984-09-27,0
1984-09-28,0
1984-09-29,0
1984-09-30,0
1984-10-01,1.2661415730337078
1984-10-02,0
1984-10-03,0
1984-10-04,0
1984-10-05,0
1984-10-06,0
1984-10-07,0
1984-10-08,0
1984-10-09,0.6944426966292134
1984-10-10,0.2867348314606742
1984-10-11,26.405555056179775
1984-10-12,0
1984-10-13,3.1788808988764043
1984-10-14,0
1984-10-15,0
1984-10-16,7.227543820224719
1984-10-17,23.650950561797753
1984-10-18,0.12158651685393258
1984-10-19,5.8086179775280895
1984-10-20,0.7020921348314607
1984-10-21,0
1984-10-22,0
1984-10-23,0
1984-10-24,0
1984-10-25,0
1984-10-26,0.33561573033707864
1984-10-27,0
1984-10-28,0.3532314606741573
1984-10-29,10.633375280898877
1984-10-30,0.04875955056179775
1984-10-31,0
1984-11-01,0
1984-11-02,20.415775280898877
1984-11-03,23.60469213483146
1984-11-04,0
1984-11-05,0.018498876404494383
1984-11-06,21.969858426966294
1984-11-07,3.4866966292134833
1984-11-08,16.581988764044944
1984-11-09,4.185892134831461
1984-11-10,22.414766292134832
1984-11-11,42.26267191011236
1984-11-12,32.94513707865168
1984-11-13,53.847047191011235
1984-11-14,3.349887640449438
1984-11-15,7.63967191011236
1984-11-16,32.711779775280895
1984-11-17,6.950847191011236
1984-11-18,16.161404494382023
1984-11-19,0.8425573033707865
1984-11-20,5.771519101123595
1984-11-21,0.920838202247191
1984-11-22,0
1984-11-23,0.29374606741573034
1984-11-24,27.094705617977528
1984-11-25,1.9022269662921347
1984-11-26,0.2125752808988764
1984-11-27,9.472498876404494
1984-11-28,49.40192584269663
1984-11-29,2.5396629213483144
1984-11-30,0.029078651685393257
1984-12-01,0.8703775280898877
1984-12-02,1.1292786516853932
1984-12-03,17.09369213483146
1984-12-04,0.03397528089887641
1984-12-05,4.224294382022472
1984-12-06,0
1984-12-07,0
1984-12-08,0
1984-12-09,0.018975280898876404
1984-12-10,15.46548988764045
1984-12-11,5.919015730337079
1984-12-12,0.5506067415730337
1984-12-13,0.004966292134831461
1984-12-14,1.752808988764045e-4
1984-12-15,5.81407191011236
1984-12-16,3.0282808988764045
1984-12-17,0.19893033707865168
1984-12-18,0.5457325842696629
1984-12-19,3.8665775280898877
1984-12-20,0.020871910112359553
1984-12-21,0
1984-12-22,0
1984-12-23,0
1984-12-24,0
1984-12-25,0
1984-12-26,10.708062921348315
1984-12-27,1.2643483146067416
1984-12-28,0
1984-12-29,0
1984-12-30,0.09163595505617977
1984-12-31,0.7456449438202247
1985-01-01,0
1985-01-02,0
1985-01-03,0
1985-01-04,0
1985-01-05,0
1985-01-06,0
1985-01-07,12.720566292134832
1985-01-08,6.416910112359551
1985-01-09,3.93001797752809
1985-01-10,2.4590089887640447
1985-01-11,0
1985-01-12,0
1985-01-13,0
1985-01-14,0
1985-01-15,0
1985-01-16,0
1985-01-17,0
1985-01-18,0
1985-01-19,0
1985-01-20,0
1985-01-21,0.07250337078651685
1985-01-22,0
1985-01-23,0
1985-01-24,0
1985-01-25,0
1985-01-26,0
1985-01-27,0
1985-01-28,3.359388764044944
1985-01-29,0.545932584269663
1985-01-30,0
1985-01-31,0.01307191011235955
1985-02-01,0
1985-02-02,0.7427056179775281
1985-02-03,0
1985-02-04,0.015658426966292136
1985-02-05,0
1985-02-06,0
1985-02-07,18.593186516853933
1985-02-08,101.47446292134832
1985-02-09,0.765629213483146
1985-02-10,0.08127415730337079
1985-02-11,0.0026696629213483146
1985-02-12,0.8734224719101124
1985-02-13,1.2584269662921347e-4
1985-02-14,0
1985-02-15,0
1985-02-16,0
1985-02-17,0
1985-02-18,0
1985-02-19,0
1985-02-20,0
1985-02-21,0
1985-02-22,0
1985-02-23,0
1985-02-24,0
1985-02-25,0
1985-02-26,0
1985-02-27,0
1985-02-28,0
1985-03-01,0
1985-03-02,0
1985-03-03,0.0017078651685393258
1985-03-04,2.8169955056179776
1985-03-05,2.667352808988764
1985-03-06,17.21796404494382
1985-03-07,27.928973033707866
1985-03-08,0.6721550561797753
1985-03-09,0.008040449438202247
1985-03-10,22.216278651685393
1985-03-11,16.00781573033708
1985-03-12,0
1985-03-13,0
1985-03-14,0
1985-03-15,0
1985-03-16,0.004932584269662922
1985-03-17,0
1985-03-18,5.237062921348315
1985-03-19,0
1985-03-20,1.5400449438202248
1985-03-21,0
1985-03-22,0
1985-03-23,0.07100898876404495
1985-03-24,6.974966292134831
1985-03-25,2.097997752808989
1985-03-26,11.343191011235955
1985-03-27,55.01723820224719
1985-03-28,13.633977528089888
1985-03-29,0.4330044943820225
1985-03-30,0
1985-03-31,0
1985-04-01,0
1985-04-02,0
1985-04-03,0
1985-04-04,0
1985-04-05,0
1985-04-06,0.048795505617977526
1985-04-07,0
1985-04-08,0
1985-04-09,0
1985-04-10,0
1985-04-11,0.049555056179775285
1985-04-12,0
1985-04-13,0
1985-04-14,0
1985-04-15,0
1985-04-16,0
1985-04-17,0.016359550561797755
1985-04-18,0
1985-04-19,0.04341348314606742
1985-04-20,0
1985-04-21,6.8623573033707865
1985-04-22,0.6036674157303371
1985-04-23,0
1985-04-24,0
1985-04-25,0
1985-04-26,0
1985-04-27,0
1985-04-28,0
1985-04-29,0
1985-04-30,0
1985-05-01,0
1985-05-02,0
1985-05-03,0.01986741573033708
1985-05-04,0
1985-05-05,0
1985-05-06,0
1985-05-07,0
1985-05-08,0
1985-05-09,0
1985-05-10,0.4482067415730337
1985-05-11,0.1454561797752809
1985-05-12,0
1985-05-13,0
1985-05-14,0
1985-05-15,0
1985-05-16,0
1985-05-17,0
1985-05-18,0
1985-05-19,0
1985-05-20,0
1985-05-21,0
1985-05-22,0
1985-05-23,0
1985-05-24,0
1985-05-25,0
1985-05-26,0
1985-05-27,0
1985-05-28,0.08846966292134832
1985-05-29,0.8786629213483146
1985-05-30,0.09634831460674158
1985-05-31,0.05684943820224719
1985-06-01,0.16830786516853932
1985-06-02,0.5978876404494382
1985-06-03,0
1985-06-04,0
1985-06-05,0
1985-06-06,0
1985-06-07,0
1985-06-08,0
1985-06-09,0
1985-06-10,0
1985-06-11,0
1985-06-12,0
1985-06-13,0
1985-06-14,0
1985-06-15,0
1985-06-16,0
1985-06-17,0
1985-06-18,0
1985-06-19,0
1985-06-20,0
1985-06-21,0
1985-06-22,0
1985-06-23,0.014957303370786516
1985-06-24,0
1985-06-25,0
1985-06-26,0
1985-06-27,0
1985-06-28,0
1985-06-29,0
1985-06-30,0
1985-07-01,0
1985-07-02,0
1985-07-03,0
1985-07-04,0
1985-07-05,0
1985-07-06,0
1985-07-07,0
1985-07-08,0
1985-07-09,0
1985-07-10,0
1985-07-11,0
1985-07-12,0
1985-07-13,0
1985-07-14,0
1985-07-15,0
1985-07-16,0
1985-07-17,0
1985-07-18,0
1985-07-19,0
1985-07-20,0.40668314606741574
1985-07-21,1.017970786516854
1985-07-22,0
1985-07-23,0
1985-07-24,0
1985-07-25,0
1985-07-26,0
1985-07-27,0
1985-07-28,0
1985-07-29,0.20991235955056178
1985-07-30,0
1985-07-31,0
1985-08-01,0
1985-08-02,0
1985-08-03,0
1985-08-04,0
1985-08-05,0
1985-08-06,0
1985-08-07,0
1985-08-08,0
1985-08-09,0
1985-08-10,0
1985-08-11,0
1985-08-12,0
1985-08-13,0
1985-08-14,0
1985-08-15,0
1985-08-16,0
1985-08-17,0.0971303370786517
1985-08-18,0.1344629213483146
1985-08-19,0
1985-08-20,0
1985-08-21,0
1985-08-22,0
1985-08-23,0
1985-08-24,0
1985-08-25,0
1985-08-26,0
1985-08-27,0
1985-08-28,0
1985-08-29,0
1985-08-30,0
1985-08-31,0
1985-09-01,0
1985-09-02,0
1985-09-03,0
1985-09-04,0
1985-09-05,0.005957303370786517
1985-09-06,0.29906966292134834
1985-09-07,4.272251685393258
1985-09-08,22.1298202247191
1985-09-09,11.991494382022472
1985-09-10,8.643469662921348
1985-09-11,0
1985-09-12,0
1985-09-13,0
1985-09-14,0.06222921348314606
1985-09-15,0
1985-09-16,0
1985-09-17,0
1985-09-18,0
1985-09-19,0
1985-09-20,0
1985-09-21,0
1985-09-22,0
1985-09-23,0
1985-09-24,0
1985-09-25,0
1985-09-26,0.0022337078651685394
1985-09-27,0
1985-09-28,0
1985-09-29,0
1985-09-30,0
1985-10-01,0
1985-10-02,0
1985-10-03,0
1985-10-04,0
1985-10-05,0
1985-10-06,0.026253932584269665
1985-10-07,0.12925842696629214
1985-10-08,0
1985-10-09,0
1985-10-10,0
1985-10-11,0
1985-10-12,0
1985-10-13,0
1985-10-14,0
1985-10-15,0
1985-10-16,0
1985-10-17,0
1985-10-18,0
1985-10-19,0.0028224719101123596
1985-10-20,0
1985-10-21,36.155966292134835
1985-10-22,8.544512359550561
1985-10-23,14.225959550561798
1985-10-24,0.0028224719101123596
1985-10-25,0.008979775280898876
1985-10-26,0
1985-10-27,0
1985-10-28,0
1985-10-29,0
1985-10-30,0
1985-10-31,0
1985-11-01,0
1985-11-02,0
1985-11-03,0
1985-11-04,0
1985-11-05,0.005635955056179775
1985-11-06,0
1985-11-07,0
1985-11-08,0
1985-11-09,1.2319842696629213
1985-11-10,17.660193258426965
1985-11-11,4.891811235955056
1985-11-12,0.2775078651685393
1985-11-13,0.002444943820224719
1985-11-14,0
1985-11-15,0.07456853932584269
1985-11-16,5.59103595505618
1985-11-17,0.032746067415730336
1985-11-18,0.16985842696629214
1985-11-19,0
1985-11-20,0.1368808988764045
1985-11-21,0.002152808988764045
1985-11-22,0.012285393258426966
1985-11-23,3.7715168539325843
1985-11-24,33.469377528089886
1985-11-25,20.53691011235955
1985-11-26,0.4418
1985-11-27,0.1312876404494382
1985-11-28,30.009543820224717
1985-11-29,28.98871235955056
1985-11-30,2.94625393258427
1985-12-01,11.804865168539326
1985-12-02,58.65182921348315
1985-12-03,4.660874157303371
1985-12-04,0.5395483146067416
1985-12-05,11.35156179775281
1985-12-06,0.07131460674157303
1985-12-07,16.28899775280899
1985-12-08,2.307705617977528
1985-12-09,0.21178426966292135
1985-12-10,0.04829662921348315
1985-12-11,0
1985-12-12,0
1985-12-13,0
1985-12-14,0
1985-12-15,0
1985-12-16,0
1985-12-17,0
1985-12-18,0
1985-12-19,0
1985-12-20,0
1985-12-21,0
1985-12-22,0
1985-12-23,0
1985-12-24,0
1985-12-25,0
1985-12-26,0
1985-12-27,0
1985-12-28,0
1985-12-29,2.4139595505617977
1985-12-30,14.276244943820224
1985-12-31,0.08328539325842696
1986-01-01,1.2450359550561798
1986-01-02,0
1986-01-03,0.21518202247191012
1986-01-04,20.18485617977528
1986-01-05,15.179262921348315
1986-01-06,4.099683146067416
1986-01-07,0
1986-01-08,0
1986-01-09,0
1986-01-10,0
1986-01-11,0
1986-01-12,0
1986-01-13,0
1986-01-14,15.085979775280899
1986-01-15,24.19094606741573
1986-01-16,46.15013033707865
1986-01-17,42.54255505617977
1986-01-18,1.7851797752808989
1986-01-19,0.2970067415730337
1986-01-20,1.9993550561797753
1986-01-21,0
1986-01-22,0.1356741573033708
1986-01-23,16.45967640449438
1986-01-24,0.3489393258426966
1986-01-25,0
1986-01-26,0.00349438202247191
1986-01-27,0
1986-01-28,0
1986-01-29,11.334047191011235
1986-01-30,39.68427191011236
1986-01-31,21.183950561797754
1986-02-01,21.229208988764046
1986-02-02,31.6959797752809
1986-02-03,19.88821797752809
1986-02-04,7.7174022471910115
1986-02-05,1.1113033707865168
1986-02-06,0.03295056179775281
1986-02-07,0
1986-02-08,0
1986-02-09,0
1986-02-10,0
1986-02-11,0.6306449438202247
1986-02-12,23.41812808988764
1986-02-13,48.85092808988764
1986-02-14,68.19083820224719
1986-02-15,93.24100674157303
1986-02-16,46.86883146067416
1986-02-17,115.47993033707866
1986-02-18,69.57175280898876
1986-02-19,38.034683146067415
1986-02-20,19.835478651685392
1986-02-21,8.933357303370787
1986-02-22,2.003867415730337
1986-02-23,0.19506067415730335
1986-02-24,0
1986-02-25,0
1986-02-26,0
1986-02-27,0
1986-02-28,0
1986-03-01,0
1986-03-02,0
1986-03-03,0
1986-03-04,0
1986-03-05,0
1986-03-06,0.0866876404494382
1986-03-07,12.810701123595505
1986-03-08,50.6388988764045
1986-03-09,18.899662921348316
1986-03-10,46.14483595505618
1986-03-11,17.042534831460674
1986-03-12,20.905024719101124
1986-03-13,15.375591011235954
1986-03-14,4.756822471910112
1986-03-15,25.91127415730337
1986-03-16,23.376487640449437
1986-03-17,4.1426606741573035
1986-03-18,0
1986-03-19,0
1986-03-20,0
1986-03-21,0
1986-03-22,0
1986-03-23,0
1986-03-24,0.6666831460674157
1986-03-25,0
1986-03-26,0
1986-03-27,0
1986-03-28,0
1986-03-29,0
1986-03-30,0
1986-03-31,0
1986-04-01,0
1986-04-02,0
1986-04-03,0
1986-04-04,0
1986-04-05,0
1986-04-06,1.9615460674157303
1986-04-07,3.878408988764045
1986-04-08,3.9503191011235956
1986-04-09,0
1986-04-10,0
1986-04-11,0
1986-04-12,0
1986-04-13,0.34016404494382024
1986-04-14,0.004797752808988764
1986-04-15,3.1932943820224717
1986-04-16,5.271721348314607
1986-04-17,6.123148314606741
1986-04-18,0
1986-04-19,0
1986-04-20,0
1986-04-21,0
1986-04-22,0
1986-04-23,0
1986-04-24,0.002543820224719101
1986-04-25,0.45284943820224716
1986-04-26,0
1986-04-27,0
1986-04-28,0
1986-04-29,0
1986-04-30,0
1986-05-01,0
1986-05-02,12.715195505617977
1986-05-03,6.751586516853933
1986-05-04,1.6318943820224718
1986-05-05,1.5078674157303371
1986-05-06,3.19483595505618
1986-05-07,2.4155078651685393
1986-05-08,0
1986-05-09,0
1986-05-10,0
1986-05-11,0
1986-05-12,0
1986-05-13,0
1986-05-14,0
1986-05-15,0
1986-05-16,0
1986-05-17,0
1986-05-18,0
1986-05-19,0
1986-05-20,0
1986-05-21,0
1986-05-22,0
1986-05-23,0
1986-05-24,0
1986-05-25,0
1986-05-26,0
1986-05-27,0
1986-05-28,0
1986-05-29,0
1986-05-30,0
1986-05-31,0
1986-06-01,0
1986-06-02,0
1986-06-03,0
1986-06-04,0
1986-06-05,0
1986-06-06,0
1986-06-07,0
1986-06-08,0
1986-06-09,0
1986-06-10,0
1986-06-11,0
1986-06-12,0
1986-06-13,0
1986-06-14,0
1986-06-15,0
1986-06-16,0
1986-06-17,0.0132561797752809
1986-06-18,0.0246
1986-06-19,0
1986-06-20,0
1986-06-21,0
1986-06-22,0
1986-06-23,0
1986-06-24,0
1986-06-25,0
1986-06-26,0
1986-06-27,0
1986-06-28,0
1986-06-29,0
1986-06-30,0
1986-07-01,0
1986-07-02,0
1986-07-03,0
1986-07-04,0
1986-07-05,0
1986-07-06,0
1986-07-07,0
1986-07-08,0
1986-07-09,0
1986-07-10,0
1986-07-11,0
1986-07-12,0
1986-07-13,0
1986-07-14,0
1986-07-15,0
1986-07-16,0
1986-07-17,0
1986-07-18,0
1986-07-19,0
1986-07-20,0
1986-07-21,0
1986-07-22,0
1986-07-23,0
1986-07-24,0
1986-07-25,0
1986-07-26,0
1986-07-27,0
1986-07-28,0
1986-07-29,0
1986-07-30,0
1986-07-31,0
1986-08-01,0
1986-08-02,0
1986-08-03,0
1986-08-04,0
1986-08-05,0
1986-08-06,0
1986-08-07,0
1986-08-08,0
1986-08-09,0
1986-08-10,0
1986-08-11,0
1986-08-12,0
1986-08-13,0
1986-08-14,0
1986-08-15,0
1986-08-16,0
1986-08-17,0
1986-08-18,0
1986-08-19,0
1986-08-20,0
1986-08-21,0
1986-08-22,0
1986-08-23,0
1986-08-24,0
1986-08-25,0
1986-08-26,0
1986-08-27,0
1986-08-28,0
1986-08-29,0
1986-08-30,0
1986-08-31,0
1986-09-01,0
1986-09-02,0
1986-09-03,0
1986-09-04,0
1986-09-05,0
1986-09-06,0
1986-09-07,0
1986-09-08,0
1986-09-09,0
1986-09-10,0
1986-09-11,0
1986-09-12,0
1986-09-13,0
1986-09-14,0
1986-09-15,0.7419955056179776
1986-09-16,9.483822471910113
1986-09-17,19.01330786516854
1986-09-18,1.2211370786516853
1986-09-19,5.5892
1986-09-20,0.3972786516853933
1986-09-21,0
1986-09-22,1.755723595505618
1986-09-23,0.052431460674157306
1986-09-24,10.72756404494382
1986-09-25,5.835269662921348
1986-09-26,4.394952808988764
1986-09-27,7.069797752808989
1986-09-28,0
1986-09-29,0
1986-09-30,0
1986-10-01,0
1986-10-02,0
1986-10-03,0
1986-10-04,0
1986-10-05,0
1986-10-06,0
1986-10-07,0
1986-10-08,0
1986-10-09,0
1986-10-10,0
1986-10-11,0
1986-10-12,0
1986-10-13,0
1986-10-14,0
1986-10-15,0
1986-10-16,0
1986-10-17,2.449283146067416
1986-10-18,1.9315662921348316
1986-10-19,0
1986-10-20,0
1986-10-21,0
1986-10-22,0
1986-10-23,0.04304044943820225
1986-10-24,11.439829213483145
1986-10-25,0.2912539325842697
1986-10-26,0
1986-10-27,0.6803438202247191
1986-10-28,0.17252808988764046
1986-10-29,0.8736831460674157
1986-10-30,8.373215730337078
1986-10-31,0.013995505617977529
1986-11-01,0
1986-11-02,0
1986-11-03,0
1986-11-04,0
1986-11-05,0
1986-11-06,0
1986-11-07,0
1986-11-08,0.3645483146067416
1986-11-09,0
1986-11-10,0
1986-11-11,0
1986-11-12,0
1986-11-13,0
1986-11-14,0
1986-11-15,0
1986-11-16,0.0068629213483146064
1986-11-17,0
1986-11-18,0
1986-11-19,1.3366898876404494
1986-11-20,0.004444943820224719
1986-11-21,5.139849438202247
1986-11-22,0.04915056179775281
1986-11-23,0.042752808988764046
1986-11-24,0.04666741573033708
1986-11-25,0.650085393258427
1986-11-26,0
1986-11-27,0
1986-11-28,0
1986-11-29,4.060476404494382
1986-11-30,0
1986-12-01,0
1986-12-02,0
1986-12-03,0
1986-12-04,0
1986-12-05,15.009624719101124
1986-12-06,1.035085393258427
1986-12-07,0
1986-12-08,0
1986-12-09,0
1986-12-10,0
1986-12-11,0.005359550561797753
1986-12-12,0.032024719101123596
1986-12-13,6.144393258426966
1986-12-14,5.160078651685393
1986-12-15,1.7368876404494382
1986-12-16,3.241665168539326
1986-12-17,0.201
1986-12-18,8.578671910112359
1986-12-19,1.3445101123595506
1986-12-20,12.187703370786517
1986-12-21,0.5839932584269663
1986-12-22,13.127955056179776
1986-12-23,1.4626359550561798
1986-12-24,0
1986-12-25,0.09270112359550563
1986-12-26,0.09279325842696629
1986-12-27,0.05264719101123595
1986-12-28,0.024993258426966293
1986-12-29,1.8835483146067415
1986-12-30,0.5787370786516854
1986-12-31,10.69548988764045
1987-01-01,8.822712359550561
1987-01-02,18.39186741573034
1987-01-03,25.395222471910113
1987-01-04,14.208750561797753
1987-01-05,0.4530426966292135
1987-01-06,0.9342314606741573
1987-01-07,2.6152898876404493
1987-01-08,0
1987-01-09,2.4985775280898874
1987-01-10,0
1987-01-11,0.11348988764044944
1987-01-12,0.10944494382022471
1987-01-13,1.4343191011235956
1987-01-14,0.09653258426966292
1987-01-15,0.1473550561797753
1987-01-16,0.001152808988764045
1987-01-17,0
1987-01-18,0
1987-01-19,0
1987-01-20,0
1987-01-21,0
1987-01-22,0
1987-01-23,16.015224719101123
1987-01-24,32.08966741573034
1987-01-25,10.485195505617977
1987-01-26,2.246202247191011
1987-01-27,1.5688022471910112
1987-01-28,25.43675056179775
1987-01-29,0.39740449438202247
1987-01-30,11.086143820224718
1987-01-31,0
1987-02-01,0.0014426966292134832
1987-02-02,28.703595505617976
1987-02-03,5.872159550561798
1987-02-04,0
1987-02-05,0
1987-02-06,0
1987-02-07,0
1987-02-08,0
1987-02-09,0.40808539325842696
1987-02-10,7.8237280898876405
1987-02-11,14.251
1987-02-12,5.884674157303371
1987-02-13,77.91336853932584
1987-02-14,3.0370449438202245
1987-02-15,21.94203595505618
1987-02-16,2.7212921348314607
1987-02-17,0
1987-02-18,0
1987-02-19,0
1987-02-20,0
1987-02-21,0.06666516853932584
1987-02-22,0.03656404494382023
1987-02-23,0
1987-02-24,0
1987-02-25,0
1987-02-26,0
1987-02-27,0
1987-02-28,0
1987-03-01,0.12563370786516853
1987-03-02,0.7520831460674158
1987-03-03,18.756006741573035
1987-03-04,0
1987-03-05,51.97932808988764
1987-03-06,8.980973033707865
1987-03-07,0
1987-03-08,2.9247123595505617
1987-03-09,1.0618224719101124
1987-03-10,0.7097707865168539
1987-03-11,15.434386516853932
1987-03-12,31.436244943820224
1987-03-13,33.93168539325843
1987-03-14,10.939622471910113
1987-03-15,3.663076404494382
1987-03-16,0.07559550561797752
1987-03-17,0
1987-03-18,2.192402247191011
1987-03-19,2.7347505617977528
1987-03-20,0.5151955056179776
1987-03-21,13.19156179775281
1987-03-22,6.646649438202247
1987-03-23,15.243698876404494
1987-03-24,0.007429213483146068
1987-03-25,0
1987-03-26,0
1987-03-27,0
1987-03-28,0
1987-03-29,0
1987-03-30,0
1987-03-31,0
1987-04-01,0
1987-04-02,1.7035685393258426
1987-04-03,0.7745168539325843
1987-04-04,0.004451685393258427
1987-04-05,0.0150561797752809
1987-04-06,0
1987-04-07,0
1987-04-08,0
1987-04-09,0
1987-04-10,0
1987-04-11,0.6270561797752809
1987-04-12,0
1987-04-13,0
1987-04-14,0
1987-04-15,0
1987-04-16,0
1987-04-17,0
1987-04-18,0.017267415730337077
1987-04-19,0
1987-04-20,0
1987-04-21,0
1987-04-22,0
1987-04-23,0
1987-04-24,0
1987-04-25,0
1987-04-26,0
1987-04-27,0
1987-04-28,0
1987-04-29,0.0013865168539325843
1987-04-30,3.710658426966292
1987-05-01,6.42936404494382
1987-05-02,0.2172247191011236
1987-05-03,0
1987-05-04,0
1987-05-05,0
1987-05-06,0
1987-05-07,0
1987-05-08,0
1987-05-09,0.4405820224719101
1987-05-10,0
1987-05-11,0
1987-05-12,0
1987-05-13,0
1987-05-14,0
1987-05-15,0
1987-05-16,0
1987-05-17,0
1987-05-18,0
1987-05-19,0
1987-05-20,0
1987-05-21,0
1987-05-22,0
1987-05-23,0
1987-05-24,0
1987-05-25,0.5367887640449438
1987-05-26,0
1987-05-27,0
1987-05-28,0
1987-05-29,0
1987-05-30,0.035489887640449434
1987-05-31,0.5130247191011236
1987-06-01,0
1987-06-02,0
1987-06-03,0
1987-06-04,0
1987-06-05,0
1987-06-06,0
1987-06-07,0
1987-06-08,0
1987-06-09,0
1987-06-10,0
1987-06-11,0
1987-06-12,0
1987-06-13,0
1987-06-14,0
1987-06-15,0.27576853932584267
1987-06-16,0.7089033707865169
1987-06-17,0
1987-06-18,0
1987-06-19,0
1987-06-20,0
1987-06-21,0.253152808988764
1987-06-22,0
1987-06-23,0
1987-06-24,0
1987-06-25,0
1987-06-26,0
1987-06-27,0
1987-06-28,0
1987-06-29,0
1987-06-30,0
1987-07-01,0
1987-07-02,0
1987-07-03,0
1987-07-04,0
1987-07-05,0
1987-07-06,0
1987-07-07,0
1987-07-08,0
1987-07-09,0
1987-07-10,0
1987-07-11,0
1987-07-12,0
1987-07-13,0
1987-07-14,0
1987-07-15,0
1987-07-16,0
1987-07-17,0
1987-07-18,0
1987-07-19,0
1987-07-20,0
1987-07-21,0.11097528089887641
1987-07-22,0.0814561797752809
1987-07-23,0
1987-07-24,0
1987-07-25,0
1987-07-26,0
1987-07-27,0
1987-07-28,0
1987-07-29,0
1987-07-30,0
1987-07-31,0
1987-08-01,0
1987-08-02,0
1987-08-03,0
1987-08-04,0
1987-08-05,0
1987-08-06,0
1987-08-07,0
1987-08-08,0
1987-08-09,0
1987-08-10,0
1987-08-11,0
1987-08-12,0
1987-08-13,0
1987-08-14,0
1987-08-15,0
1987-08-16,0
1987-08-17,0
1987-08-18,0
1987-08-19,0
1987-08-20,0
1987-08-21,0
1987-08-22,0
1987-08-23,0
1987-08-24,0
1987-08-25,0
1987-08-26,0
1987-08-27,0
1987-08-28,0
1987-08-29,0
1987-08-30,0
1987-08-31,0
1987-09-01,0
1987-09-02,0
1987-09-03,0
1987-09-04,0
1987-09-05,0
1987-09-06,0
1987-09-07,0
1987-09-08,0
1987-09-09,0
1987-09-10,0
1987-09-11,0
1987-09-12,0
1987-09-13,0
1987-09-14,0
1987-09-15,0
1987-09-16,0
1987-09-17,0
1987-09-18,0
1987-09-19,0
1987-09-20,0
1987-09-21,0
1987-09-22,0
1987-09-23,0
1987-09-24,0
1987-09-25,0
1987-09-26,0
1987-09-27,0
1987-09-28,0
1987-09-29,0
1987-09-30,0
1987-10-01,0
1987-10-02,0
1987-10-03,0
1987-10-04,0
1987-10-05,0
1987-10-06,0
1987-10-07,0
1987-10-08,0
1987-10-09,0
1987-10-10,0
1987-10-11,0
1987-10-12,0
1987-10-13,0
1987-10-14,0
1987-10-15,0
1987-10-16,0
1987-10-17,0
1987-10-18,0
1987-10-19,0
1987-10-20,0
1987-10-21,0.007943820224719102
1987-10-22,0.3916786516853933
1987-10-23,19.891723595505617
1987-10-24,6.843065168539326
1987-10-25,0.028498876404494382
1987-10-26,0
1987-10-27,0.17734831460674158
1987-10-28,23.587606741573033
1987-10-29,1.760105617977528
1987-10-30,0
1987-10-31,0
1987-11-01,0.14623146067415732
1987-11-02,0.018316853932584268
1987-11-03,9.97752808988764e-4
1987-11-04,0
1987-11-05,0.002096629213483146
1987-11-06,0.02698876404494382
1987-11-07,0.827229213483146
1987-11-08,0
1987-11-09,11.55296179775281
1987-11-10,0
1987-11-11,0.19548988764044944
1987-11-12,0.042229213483146066
1987-11-13,22.85394157303371
1987-11-14,1.4351775280898877
1987-11-15,0.06830337078651685
1987-11-16,1.9260044943820225
1987-11-17,23.001723595505617
1987-11-18,4.216033707865169
1987-11-19,0.10465393258426967
1987-11-20,11.558440449438201
1987-11-21,13.357267415730337
1987-11-22,0
1987-11-23,0
1987-11-24,0
1987-11-25,0.010725842696629214
1987-11-26,0
1987-11-27,0
1987-11-28,0.21465168539325843
1987-11-29,0.6380808988764045
1987-11-30,27.34218202247191
1987-12-01,32.91231235955056
1987-12-02,45.27303595505618
1987-12-03,19.431822471910113
1987-12-04,16.211051685393258
1987-12-05,20.367537078651686
1987-12-06,44.65053258426966
1987-12-07,21.997408988764047
1987-12-08,34.33452134831461
1987-12-09,24.053339325842696
1987-12-10,17.347703370786515
1987-12-11,1.016267415730337
1987-12-12,0
1987-12-13,0
1987-12-14,0
1987-12-15,0.4987662921348315
1987-12-16,13.99201797752809
1987-12-17,8.966022471910112
1987-12-18,0
1987-12-19,0.02498876404494382
1987-12-20,0
1987-12-21,3.634869662921348
1987-12-22,5.886959550561798
1987-12-23,0.0020719101123595506
1987-12-24,0
1987-12-25,0
1987-12-26,0
1987-12-27,0.6296696629213483
1987-12-28,18.362995505617977
1987-12-29,14.230759550561798
1987-12-30,0.5044202247191011
1987-12-31,0.1925370786516854
1988-01-01,0.030635955056179776
1988-01-02,3.8639258426966294
1988-01-03,33.56887640449438
1988-01-04,71.70307865168539
1988-01-05,5.642955056179775
1988-01-06,0.15378426966292136
1988-01-07,1.332152808988764
1988-01-08,10.474116853932584
1988-01-09,13.583049438202247
1988-01-10,4.539858426966292
1988-01-11,15.584534831460674
1988-01-12,0.22026067415730335
1988-01-13,0.7007730337078651
1988-01-14,0.802761797752809
1988-01-15,22.383357303370786
1988-01-16,26.479844943820225
1988-01-17,10.408894382022472
1988-01-18,0.8539483146067416
1988-01-19,0
1988-01-20,0
1988-01-21,0
1988-01-22,0
1988-01-23,0
1988-01-24,0
1988-01-25,0
1988-01-26,0.004047191011235955
1988-01-27,0.18493483146067416
1988-01-28,1.1969730337078652
1988-01-29,28.307244943820226
1988-01-30,8.781431460674158
1988-01-31,0
1988-02-01,0.051379775280898876
1988-02-02,0
1988-02-03,0
1988-02-04,0
1988-02-05,0
1988-02-06,0
1988-02-07,0
1988-02-08,0
1988-02-09,0
1988-02-10,0
1988-02-11,0
1988-02-12,0
1988-02-13,0
1988-02-14,0
1988-02-15,0
1988-02-16,0
1988-02-17,0
1988-02-18,0
1988-02-19,0
1988-02-20,0
1988-02-21,0
1988-02-22,0
1988-02-23,0
1988-02-24,0
1988-02-25,0
1988-02-26,0
1988-02-27,0.06726741573033708
1988-02-28,13.316961797752809
1988-02-29,1.9804314606741573
1988-03-01,4.755505617977528
1988-03-02,0
1988-03-03,0
1988-03-04,0
1988-03-05,0.006622471910112359
1988-03-06,0
1988-03-07,0
1988-03-08,0
1988-03-09,0
1988-03-10,0
1988-03-11,0
1988-03-12,0
1988-03-13,0
1988-03-14,0
1988-03-15,0
1988-03-16,0
1988-03-17,0
1988-03-18,0
1988-03-19,0
1988-03-20,0
1988-03-21,0.15442022471910113
1988-03-22,2.561797752808989e-4
1988-03-23,2.3132606741573034
1988-03-24,0
1988-03-25,0
1988-03-26,0
1988-03-27,0
1988-03-28,0
1988-03-29,0
1988-03-30,0
1988-03-31,0
1988-04-01,0
1988-04-02,0
1988-04-03,0.0826561797752809
1988-04-04,0.7421033707865169
1988-04-05,0
1988-04-06,0
1988-04-07,0.0014898876404494381
1988-04-08,0
1988-04-09,0
1988-04-10,0
1988-04-11,0
1988-04-12,0
1988-04-13,0
1988-04-14,2.6874337078651687
1988-04-15,0.5597101123595506
1988-04-16,0
1988-04-17,0
1988-04-18,0
1988-04-19,30.72767191011236
1988-04-20,19.29198202247191
1988-04-21,5.293878651685393
1988-04-22,2.455973033707865
1988-04-23,9.815134831460675
1988-04-24,0
1988-04-25,0
1988-04-26,0
1988-04-27,0
1988-04-28,0.10509213483146068
1988-04-29,5.510155056179776
1988-04-30,0.33480224719101126
1988-05-01,0.2758292134831461
1988-05-02,0
1988-05-03,0
1988-05-04,0
1988-05-05,1.1861460674157303
1988-05-06,2.3382606741573033
1988-05-07,12.431074157303371
1988-05-08,3.741265168539326
1988-05-09,0
1988-05-10,0
1988-05-11,0
1988-05-12,0.03898426966292135
1988-05-13,0.6356314606741573
1988-05-14,0
1988-05-15,0
1988-05-16,2.949229213483146
1988-05-17,2.331460674157303
1988-05-18,0
1988-05-19,0
1988-05-20,0
1988-05-21,0
1988-05-22,0
1988-05-23,0
1988-05-24,0
1988-05-25,0
1988-05-26,0
1988-05-27,0
1988-05-28,0.979276404494382
1988-05-29,1.0982831460674158
1988-05-30,0
1988-05-31,0.03754831460674157
1988-06-01,0.9331662921348315
1988-06-02,0.029595505617977528
1988-06-03,0.15189662921348315
1988-06-04,0.04119775280898876
1988-06-05,2.8934247191011235
1988-06-06,3.433555056179775
1988-06-07,6.059352808988764
1988-06-08,3.678134831460674
1988-06-09,0.19917303370786515
1988-06-10,0.3465033707865169
1988-06-11,0
1988-06-12,0
1988-06-13,0
1988-06-14,0
1988-06-15,0
1988-06-16,0.07782247191011236
1988-06-17,0
1988-06-18,0
1988-06-19,0
1988-06-20,0
1988-06-21,0
1988-06-22,0
1988-06-23,0
1988-06-24,0
1988-06-25,0
1988-06-26,0
1988-06-27,0
1988-06-28,0
1988-06-29,0
1988-06-30,0
1988-07-01,0
1988-07-02,0
1988-07-03,0
1988-07-04,0
1988-07-05,0
1988-07-06,0
1988-07-07,0
1988-07-08,0
1988-07-09,0
1988-07-10,0
1988-07-11,0
1988-07-12,0
1988-07-13,0
1988-07-14,0
1988-07-15,0
1988-07-16,0
1988-07-17,0
1988-07-18,0
1988-07-19,0
1988-07-20,0
1988-07-21,0
1988-07-22,0
1988-07-23,0
1988-07-24,0
1988-07-25,0
1988-07-26,0
1988-07-27,0
1988-07-28,0
1988-07-29,0
1988-07-30,0
1988-07-31,0
1988-08-01,0
1988-08-02,0
1988-08-03,0
1988-08-04,0
1988-08-05,0
1988-08-06,0
1988-08-07,0
1988-08-08,0
1988-08-09,0
1988-08-10,0
1988-08-11,0
1988-08-12,0.005240449438202247
1988-08-13,0
1988-08-14,0
1988-08-15,0
1988-08-16,0
1988-08-17,0
1988-08-18,0
1988-08-19,0
1988-08-20,0
1988-08-21,0
1988-08-22,0
1988-08-23,0
1988-08-24,0
1988-08-25,0
1988-08-26,0
1988-08-27,0
1988-08-28,0
1988-08-29,0
1988-08-30,0
1988-08-31,0
1988-09-01,0
1988-09-02,0
1988-09-03,0
1988-09-04,0
1988-09-05,0
1988-09-06,0
1988-09-07,0
1988-09-08,0
1988-09-09,0
1988-09-10,0
1988-09-11,0
1988-09-12,0
1988-09-13,0
1988-09-14,0
1988-09-15,0
1988-09-16,0
1988-09-17,0
1988-09-18,0
1988-09-19,0
1988-09-20,0
1988-09-21,0
1988-09-22,0
1988-09-23,0
1988-09-24,0
1988-09-25,0
1988-09-26,0
1988-09-27,0
1988-09-28,0
1988-09-29,0
1988-09-30,0
1988-10-01,0
1988-10-02,0
1988-10-03,0
1988-10-04,6.067415730337079e-5
1988-10-05,0.11218651685393259
1988-10-06,0.17671011235955056
1988-10-07,0.042
1988-10-08,0
1988-10-09,0
1988-10-10,0
1988-10-11,0
1988-10-12,0
1988-10-13,1.995712359550562
1988-10-14,7.147471910112359
1988-10-15,0
1988-10-16,0
1988-10-17,0
1988-10-18,0
1988-10-19,0
1988-10-20,0
1988-10-21,0
1988-10-22,0
1988-10-23,0
1988-10-24,0
1988-10-25,0
1988-10-26,0
1988-10-27,0.029485393258426966
1988-10-28,0
1988-10-29,0
1988-10-30,0
1988-10-31,0
1988-11-01,2.9748314606741575
1988-11-02,13.224137078651685
1988-11-03,15.22894382022472
1988-11-04,1.5837348314606743
1988-11-05,0.03414606741573034
1988-11-06,1.8381955056179775
1988-11-07,0
1988-11-08,0.2860561797752809
1988-11-09,2.0972247191011237
1988-11-10,15.528521348314607
1988-11-11,1.0380404494382023
1988-11-12,8.517026966292136
1988-11-13,10.941370786516854
1988-11-14,17.527114606741574
1988-11-15,1.6339775280898876
1988-11-16,7.195525842696629
1988-11-17,12.15599775280899
1988-11-18,0
1988-11-19,0
1988-11-20,1.086723595505618
1988-11-21,5.275878651685393
1988-11-22,35.78299775280899
1988-11-23,52.838105617977526
1988-11-24,4.89329213483146
1988-11-25,12.64334382022472
1988-11-26,0.5898359550561798
1988-11-27,0
1988-11-28,0.5182202247191011
1988-11-29,0.07579775280898876
1988-11-30,0
1988-12-01,0
1988-12-02,0
1988-12-03,0
1988-12-04,0
1988-12-05,0
1988-12-06,0
1988-12-07,0
1988-12-08,0
1988-12-09,0
1988-12-10,0
1988-12-11,0
1988-12-12,0
1988-12-13,0
1988-12-14,0
1988-12-15,0
1988-12-16,0
1988-12-17,0
1988-12-18,0.04036179775280899
1988-12-19,8.07852584269663
1988-12-20,7.568226966292134
1988-12-21,27.33818426966292
1988-12-22,30.19595056179775
1988-12-23,8.408991011235955
1988-12-24,18.060716853932583
1988-12-25,8.175975280898877
1988-12-26,0.25005393258426967
1988-12-27,5.103779775280899
1988-12-28,2.7049730337078652
1988-12-29,0.07853033707865169
1988-12-30,1.0696539325842696
1988-12-31,15.439901123595506
1989-01-01,0.030222471910112358
1989-01-02,0
1989-01-03,0.0026629213483146067
1989-01-04,0.09417752808988764
1989-01-05,15.96367191011236
1989-01-06,2.4035393258426967
1989-01-07,2.9916202247191013
1989-01-08,4.049067415730337
1989-01-09,7.2406629213483145
1989-01-10,6.584773033707865
1989-01-11,0.41936629213483145
1989-01-12,1.8202247191011236e-4
1989-01-13,0
1989-01-14,3.8220898876404497
1989-01-15,0
1989-01-16,0.015307865168539327
1989-01-17,0.612723595505618
1989-01-18,0
1989-01-19,0
1989-01-20,0
1989-01-21,0
1989-01-22,0.0582247191011236
1989-01-23,11.738921348314607
1989-01-24,0.04187191011235955
1989-01-25,0.01793932584269663
1989-01-26,0
1989-01-27,0
1989-01-28,0
1989-01-29,0
1989-01-30,0
1989-01-31,0
1989-02-01,0
1989-02-02,1.8496134831460673
1989-02-03,2.568970786516854
1989-02-04,2.1243865168539324
1989-02-05,0.3032314606741573
1989-02-06,0.16943370786516854
1989-02-07,0
1989-02-08,0.18472584269662923
1989-02-09,6.851573033707865
1989-02-10,4.99221797752809
1989-02-11,1.6687550561797753
1989-02-12,0.06674606741573035
1989-02-13,0
1989-02-14,0
1989-02-15,0
1989-02-16,0
1989-02-17,0
1989-02-18,1.7956134831460675
1989-02-19,7.747813483146067
1989-02-20,0.05787415730337079
1989-02-21,0.6519415730337078
1989-02-22,0.6758426966292135
1989-02-23,3.4289101123595507
1989-02-24,0
1989-02-25,5.393258426966293e-4
1989-02-26,0
1989-02-27,0
1989-02-28,0
1989-03-01,1.8440629213483146
1989-03-02,47.385844943820224
1989-03-03,1.969123595505618
1989-03-04,0.5032112359550561
1989-03-05,24.077934831460674
1989-03-06,16.451193258426965
1989-03-07,0.7913752808988764
1989-03-08,14.867033707865168
1989-03-09,25.927851685393257
1989-03-10,23.45205617977528
1989-03-11,28.242631460674158
1989-03-12,3.1050314606741574
1989-03-13,6.64283595505618
1989-03-14,0.08918876404494382
1989-03-15,0.14417977528089887
1989-03-16,18.791647191011236
1989-03-17,7.1008000000000004
1989-03-18,51.32792584269663
1989-03-19,22.567087640449436
1989-03-20,0.05261123595505618
1989-03-21,0
1989-03-22,0.018635955056179775
1989-03-23,0.4378584269662921
1989-03-24,39.09800224719101
1989-03-25,13.317485393258426
1989-03-26,0.9027011235955056
1989-03-27,2.4083528089887642
1989-03-28,5.479474157303371
1989-03-29,0.40768089887640446
1989-03-30,0.008568539325842697
1989-03-31,0.43137078651685395
1989-04-01,0.4914876404494382
1989-04-02,9.923849438202247
1989-04-03,3.0605168539325844
1989-04-04,0
1989-04-05,0
1989-04-06,0
1989-04-07,0
1989-04-08,0
1989-04-09,0
1989-04-10,0
1989-04-11,0
1989-04-12,0
1989-04-13,0
1989-04-14,0
1989-04-15,0
1989-04-16,0
1989-04-17,0
1989-04-18,0
1989-04-19,0
1989-04-20,0.06820224719101123
1989-04-21,8.511703370786517
1989-04-22,1.4773932584269662
1989-04-23,8.347721348314607
1989-04-24,4.629033707865169
1989-04-25,4.0835078651685395
1989-04-26,3.6928629213483144
1989-04-27,0
1989-04-28,0
1989-04-29,0.030840449438202248
1989-04-30,4.263341573033708
1989-05-01,0.8787123595505618
1989-05-02,0
1989-05-03,0
1989-05-04,0
1989-05-05,0
1989-05-06,0
1989-05-07,0
1989-05-08,0
1989-05-09,0
1989-05-10,0.04512808988764045
1989-05-11,0.3314404494382023
1989-05-12,0
1989-05-13,0
1989-05-14,0
1989-05-15,0.11716404494382023
1989-05-16,0
1989-05-17,0
1989-05-18,0
1989-05-19,0.05984494382022472
1989-05-20,0
1989-05-21,0
1989-05-22,0.15052808988764046
1989-05-23,6.05290786516854
1989-05-24,0.21655505617977527
1989-05-25,0.006869662921348315
1989-05-26,0
1989-05-27,0
1989-05-28,0
1989-05-29,0.02787191011235955
1989-05-30,0
1989-05-31,0
1989-06-01,0
1989-06-02,0
1989-06-03,0
1989-06-04,2.681370786516854
1989-06-05,1.8578337078651685
1989-06-06,0
1989-06-07,0
1989-06-08,0
1989-06-09,0
1989-06-10,0
1989-06-11,0
1989-06-12,0
1989-06-13,0
1989-06-14,0
1989-06-15,0
1989-06-16,0
1989-06-17,0
1989-06-18,0
1989-06-19,0
1989-06-20,0
1989-06-21,0
1989-06-22,0
1989-06-23,0
1989-06-24,0
1989-06-25,0
1989-06-26,0
1989-06-27,0
1989-06-28,0
1989-06-29,2.627703370786517
1989-06-30,3.707161797752809
1989-07-01,0
1989-07-02,0
1989-07-03,0
1989-07-04,0
1989-07-05,0
1989-07-06,0
1989-07-07,0
1989-07-08,0
1989-07-09,0
1989-07-10,0
1989-07-11,0
1989-07-12,0
1989-07-13,0
1989-07-14,0
1989-07-15,0
1989-07-16,0
1989-07-17,0
1989-07-18,0
1989-07-19,0
1989-07-20,0
1989-07-21,0
1989-07-22,0
1989-07-23,0
1989-07-24,0
1989-07-25,0
1989-07-26,0
1989-07-27,0
1989-07-28,0
1989-07-29,0
1989-07-30,0
1989-07-31,0
1989-08-01,0
1989-08-02,0
1989-08-03,0
1989-08-04,0
1989-08-05,0
1989-08-06,0
1989-08-07,0
1989-08-08,0.01188314606741573
1989-08-09,0
1989-08-10,0
1989-08-11,0
1989-08-12,0
1989-08-13,0
1989-08-14,0
1989-08-15,0
1989-08-16,0
1989-08-17,0
1989-08-18,0
1989-08-19,0
1989-08-20,0
1989-08-21,0
1989-08-22,0
1989-08-23,0.37302921348314605
1989-08-24,0.010689887640449439
1989-08-25,0
1989-08-26,0
1989-08-27,0
1989-08-28,0
1989-08-29,0.020991011235955054
1989-08-30,0
1989-08-31,0
1989-09-01,0
1989-09-02,0
1989-09-03,0
1989-09-04,0
1989-09-05,0
1989-09-06,0
1989-09-07,0
1989-09-08,0
1989-09-09,0
1989-09-10,0
1989-09-11,0
1989-09-12,0
1989-09-13,0
1989-09-14,0
1989-09-15,0.5380831460674157
1989-09-16,5.994573033707865
1989-09-17,33.68718876404495
1989-09-18,9.327903370786517
1989-09-19,1.0822337078651685
1989-09-20,0
1989-09-21,0
1989-09-22,0
1989-09-23,0
1989-09-24,0
1989-09-25,0.10797528089887641
1989-09-26,0.3985977528089888
1989-09-27,3.0242224719101123
1989-09-28,1.6616876404494383
1989-09-29,12.369761797752808
1989-09-30,1.4332449438202246
1989-10-01,0
1989-10-02,0
1989-10-03,1.0844539325842697
1989-10-04,0
1989-10-05,0
1989-10-06,0
1989-10-07,0
1989-10-08,0
1989-10-09,0
1989-10-10,0
1989-10-11,0
1989-10-12,0
1989-10-13,0
1989-10-14,0
1989-10-15,0
1989-10-16,0
1989-10-17,0
1989-10-18,0
1989-10-19,0
1989-10-20,0.15540449438202247
1989-10-21,24.429703370786516
1989-10-22,18.97347415730337
1989-10-23,56.27090112359551
1989-10-24,19.628534831460673
1989-10-25,3.066685393258427
1989-10-26,0.3647505617977528
1989-10-27,4.973002247191011
1989-10-28,0.024768539325842696
1989-10-29,0
1989-10-30,0
1989-10-31,0
1989-11-01,0
1989-11-02,0
1989-11-03,0
1989-11-04,0
1989-11-05,0
1989-11-06,0
1989-11-07,0
1989-11-08,0
1989-11-09,0
1989-11-10,0
1989-11-11,0
1989-11-12,0
1989-11-13,0
1989-11-14,0
1989-11-15,0
1989-11-16,0
1989-11-17,0
1989-11-18,0
1989-11-19,0
1989-11-20,0
1989-11-21,0
1989-11-22,0
1989-11-23,0
1989-11-24,3.7112629213483146
1989-11-25,9.554979775280898
1989-11-26,40.442687640449435
1989-11-27,0.23607640449438203
1989-11-28,0
1989-11-29,0
1989-11-30,0
1989-12-01,0
1989-12-02,0
1989-12-03,0
1989-12-04,0
1989-12-05,0.0012337078651685394
1989-12-06,0.24809213483146067
1989-12-07,0
1989-12-08,0
1989-12-09,0
1989-12-10,0
1989-12-11,0
1989-12-12,0
1989-12-13,0
1989-12-14,0
1989-12-15,0
1989-12-16,0
1989-12-17,0
1989-12-18,0
1989-12-19,0
1989-12-20,0
1989-12-21,0
1989-12-22,0
1989-12-23,0
1989-12-24,0
1989-12-25,0
1989-12-26,0
1989-12-27,0
1989-12-28,0
1989-12-29,0
1989-12-30,0
1989-12-31,4.269662921348315e-4
1990-01-01,0.9922561797752809
1990-01-02,6.558274157303371
1990-01-03,0
1990-01-04,0
1990-01-05,0
1990-01-06,7.168539325842696e-4
1990-01-07,36.4587595505618
1990-01-08,62.05851011235955
1990-01-09,6.127251685393259
1990-01-10,0
1990-01-11,0
1990-01-12,9.834988764044944
1990-01-13,50.16204719101123
1990-01-14,29.15188539325843
1990-01-15,0.5664292134831461
1990-01-16,1.617341573033708
1990-01-17,0.6617955056179775
1990-01-18,0
1990-01-19,0
1990-01-20,0
1990-01-21,0
1990-01-22,0
1990-01-23,0
1990-01-24,0
1990-01-25,0
1990-01-26,0.9006269662921348
1990-01-27,0
1990-01-28,0.04161573033707865
1990-01-29,1.0047101123595505
1990-01-30,10.927323595505618
1990-01-31,6.994366292134831
1990-02-01,17.357694382022473
1990-02-02,1.8692831460674157
1990-02-03,0.31315955056179773
1990-02-04,26.486555056179775
1990-02-05,0.02321797752808989
1990-02-06,7.517049438202247
1990-02-07,0.21732134831460673
1990-02-08,0.33692134831460674
1990-02-09,0.6351910112359551
1990-02-10,0.004997752808988764
1990-02-11,0
1990-02-12,0
1990-02-13,0
1990-02-14,0
1990-02-15,2.0544
1990-02-16,38.618847191011234
1990-02-17,19.90718202247191
1990-02-18,4.504595505617978
1990-02-19,1.116658426966292
1990-02-20,0.019815730337078653
1990-02-21,0
1990-02-22,0
1990-02-23,0
1990-02-24,0
1990-02-25,0
1990-02-26,0
1990-02-27,0
1990-02-28,0
1990-03-01,0
1990-03-02,6.2643438202247195
1990-03-03,11.186808988764044
1990-03-04,5.456476404494382
1990-03-05,11.766678651685393
1990-03-06,0
1990-03-07,0
1990-03-08,2.4769752808988765
1990-03-09,0
1990-03-10,6.733159550561798
1990-03-11,5.923078651685393
1990-03-12,0.5005168539325843
1990-03-13,0.010734831460674157
1990-03-14,2.1021775280898876
1990-03-15,5.3305168539325845
1990-03-16,0.006404494382022472
1990-03-17,0
1990-03-18,0.0024179775280898878
1990-03-19,0
1990-03-20,0
1990-03-21,0
1990-03-22,0
1990-03-23,0
1990-03-24,0
1990-03-25,0
1990-03-26,0
1990-03-27,0
1990-03-28,0
1990-03-29,0
1990-03-30,0
1990-03-31,0
1990-04-01,0
1990-04-02,0
1990-04-03,0
1990-04-04,0
1990-04-05,0
1990-04-06,0
1990-04-07,0.2365191011235955
1990-04-08,0.10597078651685393
1990-04-09,0
1990-04-10,0
1990-04-11,0
1990-04-12,0
1990-04-13,0
1990-04-14,0
1990-04-15,0
1990-04-16,0
1990-04-17,0.6050539325842696
1990-04-18,0
1990-04-19,0
1990-04-20,0.1456
1990-04-21,0.014150561797752809
1990-04-22,0.5461752808988765
1990-04-23,10.150456179775281
1990-04-24,0.6600921348314607
1990-04-25,0.01919550561797753
1990-04-26,0
1990-04-27,0
1990-04-28,0
1990-04-29,0
1990-04-30,0
1990-05-01,0
1990-05-02,0
1990-05-03,0
1990-05-04,0
1990-05-05,0
1990-05-06,0
1990-05-07,0
1990-05-08,0
1990-05-09,0
1990-05-10,0
1990-05-11,0
1990-05-12,0
1990-05-13,0
1990-05-14,0
1990-05-15,0
1990-05-16,0
1990-05-17,0
1990-05-18,0
1990-05-19,0.11801123595505618
1990-05-20,29.6303797752809
1990-05-21,2.210759550561798
1990-05-22,16.94299775280899
1990-05-23,12.046026966292136
1990-05-24,0
1990-05-25,0
1990-05-26,6.075298876404494
1990-05-27,47.59488314606742
1990-05-28,36.331285393258426
1990-05-29,0.4507797752808989
1990-05-30,5.889568539325842
1990-05-31,15.544557303370787
1990-06-01,0.9725505617977528
1990-06-02,0
1990-06-03,0
1990-06-04,0
1990-06-05,0
1990-06-06,0.041026966292134835
1990-06-07,0.019314606741573034
1990-06-08,0
1990-06-09,0
1990-06-10,0
1990-06-11,0
1990-06-12,0
1990-06-13,0.02749438202247191
1990-06-14,0.005624719101123595
1990-06-15,0
1990-06-16,0
1990-06-17,0
1990-06-18,0
1990-06-19,0
1990-06-20,0
1990-06-21,0
1990-06-22,0.03711685393258427
1990-06-23,0
1990-06-24,0
1990-06-25,0
1990-06-26,0
1990-06-27,0
1990-06-28,0
1990-06-29,0
1990-06-30,0
1990-07-01,0
1990-07-02,0
1990-07-03,0
1990-07-04,0
1990-07-05,0.028824719101123598
1990-07-06,0
1990-07-07,0
1990-07-08,0
1990-07-09,0
1990-07-10,0
1990-07-11,0
1990-07-12,0
1990-07-13,0
1990-07-14,0
1990-07-15,7.55056179775281e-4
1990-07-16,0
1990-07-17,0
1990-07-18,0
1990-07-19,0
1990-07-20,0
1990-07-21,0
1990-07-22,0
1990-07-23,0
1990-07-24,0
1990-07-25,0
1990-07-26,0
1990-07-27,0
1990-07-28,0
1990-07-29,0
1990-07-30,0
1990-07-31,0
1990-08-01,0.010662921348314607
1990-08-02,0
1990-08-03,0
1990-08-04,0
1990-08-05,0
1990-08-06,0
1990-08-07,0
1990-08-08,0
1990-08-09,0
1990-08-10,0
1990-08-11,0
1990-08-12,0
1990-08-13,0
1990-08-14,0
1990-08-15,0
1990-08-16,0
1990-08-17,0
1990-08-18,0
1990-08-19,0
1990-08-20,0
1990-08-21,0
1990-08-22,0
1990-08-23,0
1990-08-24,0
1990-08-25,0
1990-08-26,0.10138651685393259
1990-08-27,0.5385662921348314
1990-08-28,0
1990-08-29,0
1990-08-30,0
1990-08-31,0
1990-09-01,0
1990-09-02,0
1990-09-03,0
1990-09-04,0
1990-09-05,0
1990-09-06,0
1990-09-07,0
1990-09-08,0
1990-09-09,0
1990-09-10,0
1990-09-11,0
1990-09-12,0
1990-09-13,0
1990-09-14,0
1990-09-15,0
1990-09-16,0
1990-09-17,0
1990-09-18,0
1990-09-19,0
1990-09-20,0
1990-09-21,0
1990-09-22,0.03612359550561798
1990-09-23,3.889208988764045
1990-09-24,0.5808561797752809
1990-09-25,1.2936831460674156
1990-09-26,3.0330157303370786
1990-09-27,1.057770786516854
1990-09-28,0.008921348314606743
1990-09-29,0
1990-09-30,0
1990-10-01,0
1990-10-02,0
1990-10-03,0
1990-10-04,0
1990-10-05,0
1990-10-06,0
1990-10-07,0.8856876404494383
1990-10-08,0
1990-10-09,0
1990-10-10,0
1990-10-11,0
1990-10-12,0
1990-10-13,0
1990-10-14,0
1990-10-15,0
1990-10-16,0
1990-10-17,0
1990-10-18,0.1363685393258427
1990-10-19,7.055986516853933
1990-10-20,0
1990-10-21,0
1990-10-22,0
1990-10-23,0
1990-10-24,0
1990-10-25,0
1990-10-26,0
1990-10-27,0
1990-10-28,0
1990-10-29,0
1990-10-30,0.19134831460674157
1990-10-31,15.265737078651686
1990-11-01,0.3503505617977528
1990-11-02,0
1990-11-03,0
1990-11-04,0.006119101123595505
1990-11-05,0
1990-11-06,0
1990-11-07,0
1990-11-08,0
1990-11-09,0
1990-11-10,0
1990-11-11,0
1990-11-12,0
1990-11-13,0.06371011235955056
1990-11-14,1.8341865168539326
1990-11-15,0.07431910112359551
1990-11-16,0
1990-11-17,0
1990-11-18,0
1990-11-19,0.025069662921348317
1990-11-20,0.16913483146067415
1990-11-21,2.2773011235955054
1990-11-22,0
1990-11-23,0
1990-11-24,0
1990-11-25,2.5098404494382023
1990-11-26,8.636813483146067
1990-11-27,0
1990-11-28,0
1990-11-29,0
1990-11-30,0
1990-12-01,0
1990-12-02,0
1990-12-03,0
1990-12-04,0.0011550561797752808
1990-12-05,0.01338876404494382
1990-12-06,0
1990-12-07,0
1990-12-08,0
1990-12-09,0.02038202247191011
1990-12-10,4.953622471910112
1990-12-11,12.215687640449438
1990-12-12,0
1990-12-13,0
1990-12-14,0
1990-12-15,11.284555056179775
1990-12-16,4.650069662921348
1990-12-17,0
1990-12-18,0
1990-12-19,4.700842696629214
1990-12-20,1.242411235955056
1990-12-21,0.037530337078651686
1990-12-22,0.016808988764044946
1990-12-23,0.019606741573033708
1990-12-24,0
1990-12-25,0
1990-12-26,0
1990-12-27,0
1990-12-28,0
1990-12-29,0
1990-12-30,0
1990-12-31,0
1991-01-01,0
1991-01-02,0
1991-01-03,0
1991-01-04,0
1991-01-05,0
1991-01-06,0.382314606741573
1991-01-07,21.920051685393258
1991-01-08,1.803152808988764
1991-01-09,3.911647191011236
1991-01-10,0.059968539325842694
1991-01-11,0
1991-01-12,3.8400629213483146
1991-01-13,1.5063595505617977
1991-01-14,0.14058426966292134
1991-01-15,0.018114606741573034
1991-01-16,0
1991-01-17,0
1991-01-18,0
1991-01-19,0
1991-01-20,0
1991-01-21,0
1991-01-22,0
1991-01-23,0
1991-01-24,0
1991-01-25,0
1991-01-26,0
1991-01-27,0
1991-01-28,0
1991-01-29,0
1991-01-30,0
1991-01-31,0
1991-02-01,0.004231460674157303
1991-02-02,55.31678426966292
1991-02-03,15.34445617977528
1991-02-04,2.0110426966292136
1991-02-05,24.282339325842695
1991-02-06,0.026779775280898876
1991-02-07,0
1991-02-08,0
1991-02-09,0
1991-02-10,0
1991-02-11,0
1991-02-12,0
1991-02-13,0
1991-02-14,0
1991-02-15,0
1991-02-16,0
1991-02-17,0.017269662921348315
1991-02-18,0
1991-02-19,0
1991-02-20,0
1991-02-21,0
1991-02-22,0
1991-02-23,0
1991-02-24,0
1991-02-25,0
1991-02-26,0
1991-02-27,1.506667415730337
1991-02-28,27.326669662921347
1991-03-01,22.13930786516854
1991-03-02,26.884642696629214
1991-03-03,98.84258876404495
1991-03-04,82.32230337078651
1991-03-05,15.479404494382022
1991-03-06,0.14230561797752808
1991-03-07,0
1991-03-08,0
1991-03-09,0.07075955056179775
1991-03-10,3.9366247191011237
1991-03-11,9.47212808988764
1991-03-12,22.41027415730337
1991-03-13,33.19727640449438
1991-03-14,0.8208426966292135
1991-03-15,1.0574696629213483
1991-03-16,1.348314606741573e-4
1991-03-17,16.47921797752809
1991-03-18,18.508447191011236
1991-03-19,0.7422471910112359
1991-03-20,18.093512359550562
1991-03-21,4.929361797752809
1991-03-22,0.6022808988764045
1991-03-23,21.83516179775281
1991-03-24,36.62388764044944
1991-03-25,27.05174831460674
1991-03-26,17.496865168539326
1991-03-27,7.030474157303371
1991-03-28,0
1991-03-29,0
1991-03-30,0
1991-03-31,4.247191011235955e-4
1991-04-01,5.8426966292134835e-5
1991-04-02,0.5767505617977527
1991-04-03,0
1991-04-04,0
1991-04-05,0
1991-04-06,3.428343820224719
1991-04-07,0.023276404494382022
1991-04-08,0
1991-04-09,0
1991-04-10,0
1991-04-11,0
1991-04-12,0
1991-04-13,0
1991-04-14,0
1991-04-15,0
1991-04-16,0.05535056179775281
1991-04-17,1.0022921348314606
1991-04-18,0
1991-04-19,0
1991-04-20,7.262285393258427
1991-04-21,1.9176314606741574
1991-04-22,0
1991-04-23,0
1991-04-24,4.720453932584269
1991-04-25,2.474615730337079
1991-04-26,4.010447191011236
1991-04-27,0
1991-04-28,0
1991-04-29,0
1991-04-30,0
1991-05-01,1.539791011235955
1991-05-02,0.6976584269662921
1991-05-03,0.4580674157303371
1991-05-04,0
1991-05-05,0
1991-05-06,0.06857977528089887
1991-05-07,0
1991-05-08,0.39172808988764046
1991-05-09,0.020660674157303372
1991-05-10,0
1991-05-11,0
1991-05-12,0.17930786516853933
1991-05-13,3.2924719101123596
1991-05-14,1.3762157303370788
1991-05-15,0
1991-05-16,0
1991-05-17,3.2999258426966294
1991-05-18,0.979267415730337
1991-05-19,0
1991-05-20,0
1991-05-21,0
1991-05-22,0
1991-05-23,0.07278202247191011
1991-05-24,0
1991-05-25,0
1991-05-26,0
1991-05-27,0
1991-05-28,0
1991-05-29,0
1991-05-30,1.4116449438202248
1991-05-31,0
1991-06-01,0
1991-06-02,0
1991-06-03,0
1991-06-04,0
1991-06-05,0
1991-06-06,0
1991-06-07,0
1991-06-08,0
1991-06-09,0
1991-06-10,0
1991-06-11,0
1991-06-12,0
1991-06-13,0
1991-06-14,0
1991-06-15,0
1991-06-16,0
1991-06-17,0
1991-06-18,0
1991-06-19,0
1991-06-20,0
1991-06-21,0
1991-06-22,0
1991-06-23,0
1991-06-24,0
1991-06-25,0
1991-06-26,0
1991-06-27,0
1991-06-28,5.4340179775280895
1991-06-29,9.824912359550561
1991-06-30,1.9999999999999998e-4
1991-07-01,0.08324269662921348
1991-07-02,0
1991-07-03,0
1991-07-04,0
1991-07-05,0
1991-07-06,0
1991-07-07,0
1991-07-08,0
1991-07-09,0
1991-07-10,0
1991-07-11,0
1991-07-12,0
1991-07-13,0
1991-07-14,0
1991-07-15,0
1991-07-16,0
1991-07-17,0.44810786516853934
1991-07-18,0
1991-07-19,0
1991-07-20,0
1991-07-21,0
1991-07-22,0
1991-07-23,0
1991-07-24,0
1991-07-25,0
1991-07-26,0
1991-07-27,0
1991-07-28,0
1991-07-29,0
1991-07-30,0
1991-07-31,0
1991-08-01,0
1991-08-02,0
1991-08-03,0
1991-08-04,0
1991-08-05,0
1991-08-06,0
1991-08-07,0
1991-08-08,0
1991-08-09,0
1991-08-10,0
1991-08-11,0
1991-08-12,0
1991-08-13,0.28161123595505616
1991-08-14,0.43499550561797756
1991-08-15,0
1991-08-16,0
1991-08-17,0
1991-08-18,0
1991-08-19,0
1991-08-20,0
1991-08-21,0.0025280898876404493
1991-08-22,0.002404494382022472
1991-08-23,0
1991-08-24,0
1991-08-25,0
1991-08-26,0
1991-08-27,1.6629213483146068e-4
1991-08-28,0.001150561797752809
1991-08-29,0
1991-08-30,0
1991-08-31,0
1991-09-01,0
1991-09-02,0
1991-09-03,0
1991-09-04,0
1991-09-05,0
1991-09-06,0
1991-09-07,0
1991-09-08,0
1991-09-09,0
1991-09-10,0
1991-09-11,0
1991-09-12,0
1991-09-13,0
1991-09-14,0
1991-09-15,0
1991-09-16,0
1991-09-17,0
1991-09-18,0
1991-09-19,0
1991-09-20,0
1991-09-21,0
1991-09-22,0
1991-09-23,0
1991-09-24,0
1991-09-25,0.02078876404494382
1991-09-26,0.00697752808988764
1991-09-27,0
1991-09-28,0
1991-09-29,0
1991-09-30,0
1991-10-01,0
1991-10-02,0
1991-10-03,0
1991-10-04,0
1991-10-05,0
1991-10-06,0
1991-10-07,0
1991-10-08,0
1991-10-09,0
1991-10-10,0
1991-10-11,0
1991-10-12,0
1991-10-13,0
1991-10-14,0
1991-10-15,0
1991-10-16,0
1991-10-17,0
1991-10-18,0
1991-10-19,0
1991-10-20,0
1991-10-21,0
1991-10-22,0.03452808988764045
1991-10-23,0
1991-10-24,0
1991-10-25,5.604103370786516
1991-10-26,55.398426966292135
1991-10-27,2.0993573033707866
1991-10-28,0
1991-10-29,0.2645910112359551
1991-10-30,0.017157303370786515
1991-10-31,0
1991-11-01,0
1991-11-02,0
1991-11-03,0
1991-11-04,0
1991-11-05,0
1991-11-06,0
1991-11-07,0.17005842696629214
1991-11-08,0.002849438202247191
1991-11-09,0.14051460674157304
1991-11-10,0
1991-11-11,0
1991-11-12,0
1991-11-13,0
1991-11-14,0
1991-11-15,0
1991-11-16,5.972883146067415
1991-11-17,31.82687640449438
1991-11-18,15.730905617977529
1991-11-19,0.05366067415730337
1991-11-20,7.905364044943821
1991-11-21,4.956631460674157
1991-11-22,0
1991-11-23,0
1991-11-24,0
1991-11-25,0.029932584269662922
1991-11-26,0.9606988764044944
1991-11-27,4.0165280898876405
1991-11-28,0.029746067415730337
1991-11-29,0
1991-11-30,0
1991-12-01,0
1991-12-02,0
1991-12-03,0
1991-12-04,0
1991-12-05,0
1991-12-06,0
1991-12-07,9.319928089887641
1991-12-08,0.023676404494382023
1991-12-09,0
1991-12-10,0
1991-12-11,0
1991-12-12,0
1991-12-13,0
1991-12-14,0
1991-12-15,0
1991-12-16,0
1991-12-17,0
1991-12-18,19.881606741573034
1991-12-19,4.497087640449438
1991-12-20,0
1991-12-21,0
1991-12-22,0
1991-12-23,0
1991-12-24,0
1991-12-25,0.02029438202247191
1991-12-26,0
1991-12-27,2.122658426966292
1991-12-28,41.51998426966292
1991-12-29,31.17700449438202
1991-12-30,1.0907977528089887
1991-12-31,0
1992-01-01,0
1992-01-02,0
1992-01-03,0
1992-01-04,1.4076516853932584
1992-01-05,35.85890786516854
1992-01-06,17.763332584269662
1992-01-07,12.61851011235955
1992-01-08,0.21103595505617978
1992-01-09,0
1992-01-10,0
1992-01-11,0.033085393258426965
1992-01-12,0
1992-01-13,0
1992-01-14,0
1992-01-15,0
1992-01-16,0
1992-01-17,4.586613483146067
1992-01-18,0.8081033707865168
1992-01-19,0
1992-01-20,0
1992-01-21,0
1992-01-22,0
1992-01-23,0
1992-01-24,0
1992-01-25,1.2285483146067415
1992-01-26,0.03134157303370787
1992-01-27,0
1992-01-28,16.60631235955056
1992-01-29,1.7154674157303371
1992-01-30,0
1992-01-31,0
1992-02-01,16.557613483146067
1992-02-02,0.35922247191011236
1992-02-03,0
1992-02-04,0
1992-02-05,0
1992-02-06,0.01626741573033708
1992-02-07,0.14252359550561797
1992-02-08,1.1698764044943821
1992-02-09,0.6434449438202248
1992-02-10,40.37230786516854
1992-02-11,45.30716629213483
1992-02-12,37.36202471910112
1992-02-13,18.515811235955056
1992-02-14,14.228671910112359
1992-02-15,36.92066966292135
1992-02-16,23.52013033707865
1992-02-17,4.3306044943820226
1992-02-18,4.07407191011236
1992-02-19,34.08361797752809
1992-02-20,36.845301123595505
1992-02-21,8.206184269662922
1992-02-22,8.150694382022472
1992-02-23,0
1992-02-24,0
1992-02-25,0
1992-02-26,0
1992-02-27,0
1992-02-28,0
1992-02-29,0
1992-03-01,12.965510112359551
1992-03-02,8.506460674157303
1992-03-03,0
1992-03-04,0.0012831460674157303
1992-03-05,22.53505168539326
1992-03-06,7.694914606741573
1992-03-07,2.7127101123595505
1992-03-08,0.05328314606741573
1992-03-09,0
1992-03-10,0
1992-03-11,0
1992-03-12,0
1992-03-13,0.1056943820224719
1992-03-14,19.34466741573034
1992-03-15,36.28480898876405
1992-03-16,23.06285617977528
1992-03-17,2.247961797752809
1992-03-18,0
1992-03-19,0
1992-03-20,0
1992-03-21,0
1992-03-22,3.3668516853932586
1992-03-23,5.095669662921348
1992-03-24,0.003287640449438202
1992-03-25,5.8426966292134835e-5
1992-03-26,0
1992-03-27,0
1992-03-28,0.044813483146067416
1992-03-29,0.07412359550561798
1992-03-30,3.520238202247191
1992-03-31,1.242056179775281
1992-04-01,0
1992-04-02,0
1992-04-03,0
1992-04-04,0
1992-04-05,0
1992-04-06,0
1992-04-07,0
1992-04-08,0
1992-04-09,0
1992-04-10,0.053480898876404497
1992-04-11,1.1578539325842696
1992-04-12,30.418867415730336
1992-04-13,11.089833707865168
1992-04-14,0.8178651685393259
1992-04-15,0.34730786516853934
1992-04-16,1.1515505617977528
1992-04-17,9.920373033707865
1992-04-18,0
1992-04-19,0
1992-04-20,0
1992-04-21,0
1992-04-22,0
1992-04-23,0
1992-04-24,0
1992-04-25,0
1992-04-26,0
1992-04-27,0
1992-04-28,0
1992-04-29,0
1992-04-30,1.5445730337078651
1992-05-01,0.05337752808988764
1992-05-02,0
1992-05-03,0
1992-05-04,0
1992-05-05,0
1992-05-06,0
1992-05-07,0.019047191011235955
1992-05-08,0
1992-05-09,0
1992-05-10,0
1992-05-11,0
1992-05-12,0
1992-05-13,0
1992-05-14,0
1992-05-15,0
1992-05-16,0
1992-05-17,0
1992-05-18,0
1992-05-19,0.01758876404494382
1992-05-20,2.0753370786516854
1992-05-21,0
1992-05-22,0
1992-05-23,0
1992-05-24,0
1992-05-25,0
1992-05-26,0
1992-05-27,0
1992-05-28,0
1992-05-29,0
1992-05-30,0
1992-05-31,0
1992-06-01,0
1992-06-02,0
1992-06-03,0
1992-06-04,0
1992-06-05,0
1992-06-06,0
1992-06-07,0
1992-06-08,0
1992-06-09,0
1992-06-10,0
1992-06-11,0
1992-06-12,0.03866966292134832
1992-06-13,0.1260741573033708
1992-06-14,0
1992-06-15,0
1992-06-16,0.5674314606741573
1992-06-17,0
1992-06-18,0
1992-06-19,0.02823820224719101
1992-06-20,0
1992-06-21,0
1992-06-22,0
1992-06-23,0
1992-06-24,1.0266876404494383
1992-06-25,0.4639303370786517
1992-06-26,0
1992-06-27,0
1992-06-28,0.4768134831460674
1992-06-29,14.302694382022471
1992-06-30,20.877319101123597
1992-07-01,1.1040292134831462
1992-07-02,0
1992-07-03,0
1992-07-04,0
1992-07-05,5.146067415730337e-4
1992-07-06,0
1992-07-07,0
1992-07-08,0
1992-07-09,0
1992-07-10,0
1992-07-11,0
1992-07-12,0
1992-07-13,0
1992-07-14,0
1992-07-15,0
1992-07-16,0
1992-07-17,0
1992-07-18,0
1992-07-19,0
1992-07-20,0
1992-07-21,0
1992-07-22,0
1992-07-23,0
1992-07-24,0
1992-07-25,0
1992-07-26,0
1992-07-27,0
1992-07-28,0
1992-07-29,0
1992-07-30,0
1992-07-31,0
1992-08-01,0
1992-08-02,0
1992-08-03,0
1992-08-04,0
1992-08-05,0
1992-08-06,0
1992-08-07,0
1992-08-08,0
1992-08-09,0
1992-08-10,0
1992-08-11,0
1992-08-12,0
1992-08-13,0
1992-08-14,0
1992-08-15,0
1992-08-16,0
1992-08-17,0
1992-08-18,0
1992-08-19,0
1992-08-20,0
1992-08-21,0
1992-08-22,0
1992-08-23,0
1992-08-24,0
1992-08-25,0
1992-08-26,0
1992-08-27,0
1992-08-28,0
1992-08-29,0
1992-08-30,0
1992-08-31,0
1992-09-01,0
1992-09-02,0
1992-09-03,0
1992-09-04,0
1992-09-05,0
1992-09-06,0
1992-09-07,0
1992-09-08,0
1992-09-09,0
1992-09-10,0
1992-09-11,0
1992-09-12,0
1992-09-13,0
1992-09-14,0
1992-09-15,0
1992-09-16,0
1992-09-17,0
1992-09-18,0
1992-09-19,0
1992-09-20,0
1992-09-21,0
1992-09-22,0
1992-09-23,0
1992-09-24,0
1992-09-25,0
1992-09-26,0
1992-09-27,0
1992-09-28,0
1992-09-29,0
1992-09-30,0.08159775280898876
1992-10-01,2.77318202247191
1992-10-02,1.6861573033707866
1992-10-03,8.73561797752809
1992-10-04,0
1992-10-05,0
1992-10-06,0
1992-10-07,0
1992-10-08,0
1992-10-09,0
1992-10-10,0
1992-10-11,0
1992-10-12,0
1992-10-13,0
1992-10-14,0
1992-10-15,0
1992-10-16,0
1992-10-17,0
1992-10-18,0
1992-10-19,0.3415123595505618
1992-10-20,1.9165213483146066
1992-10-21,23.551004494382024
1992-10-22,0
1992-10-23,0
1992-10-24,0
1992-10-25,0
1992-10-26,0
1992-10-27,0
1992-10-28,1.0553842696629214
1992-10-29,38.93876179775281
1992-10-30,20.300748314606743
1992-10-31,5.420503370786517
1992-11-01,11.781458426966292
1992-11-02,1.3690112359550561
1992-11-03,0.04286741573033708
1992-11-04,0
1992-11-05,0.09246067415730337
1992-11-06,0
1992-11-07,0
1992-11-08,0
1992-11-09,0
1992-11-10,0
1992-11-11,0
1992-11-12,0
1992-11-13,0
1992-11-14,0
1992-11-15,0
1992-11-16,0
1992-11-17,0.3526629213483146
1992-11-18,0
1992-11-19,3.2314808988764043
1992-11-20,1.487867415730337
1992-11-21,0
1992-11-22,12.586051685393258
1992-11-23,0.3639191011235955
1992-11-24,5.348314606741573e-4
1992-11-25,0
1992-11-26,0
1992-11-27,0.6576067415730337
1992-11-28,0.01837078651685393
1992-11-29,0
1992-11-30,0
1992-12-01,0.11049438202247192
1992-12-02,8.680442696629214
1992-12-03,32.62681797752809
1992-12-04,0
1992-12-05,0
1992-12-06,19.23430786516854
1992-12-07,46.99497528089888
1992-12-08,5.535159550561798
1992-12-09,85.23604719101124
1992-12-10,28.99231235955056
1992-12-11,34.2065393258427
1992-12-12,3.337743820224719
1992-12-13,0.42795955056179774
1992-12-14,0.4443505617977528
1992-12-15,0
1992-12-16,0
1992-12-17,5.723649438202247
1992-12-18,3.5908157303370785
1992-12-19,0
1992-12-20,2.77423595505618
1992-12-21,2.483525842696629
1992-12-22,0
1992-12-23,0
1992-12-24,0
1992-12-25,0
1992-12-26,0
1992-12-27,0
1992-12-28,24.02172808988764
1992-12-29,23.844213483146067
1992-12-30,9.506316853932585
1992-12-31,34.349847191011236
1993-01-01,71.71949213483146
1993-01-02,0.6544629213483146
1993-01-03,0
1993-01-04,0.10297078651685393
1993-01-05,3.4781348314606744
1993-01-06,8.887519101123596
1993-01-07,40.01288539325843
1993-01-08,8.32412808988764
1993-01-09,4.489644943820225
1993-01-10,7.7308966292134835
1993-01-11,3.144656179775281
1993-01-12,0.22827415730337078
1993-01-13,38.62404943820225
1993-01-14,30.84627415730337
1993-01-15,11.828085393258426
1993-01-16,32.269734831460674
1993-01-17,0.7222651685393259
1993-01-18,16.452420224719102
1993-01-19,0.5651595505617978
1993-01-20,83.11607191011235
1993-01-21,43.4180404494382
1993-01-22,38.031649438202244
1993-01-23,0.20566966292134833
1993-01-24,0
1993-01-25,0
1993-01-26,0
1993-01-27,0
1993-01-28,0
1993-01-29,0
1993-01-30,0
1993-01-31,0
1993-02-01,0
1993-02-02,0
1993-02-03,0.09573033707865168
1993-02-04,0
1993-02-05,7.687703370786517
1993-02-06,1.9260651685393257
1993-02-07,0.7736831460674157
1993-02-08,23.95469438202247
1993-02-09,8.85636404494382
1993-02-10,1.8826426966292134
1993-02-11,32.506008988764044
1993-02-12,2.6107011235955055
1993-02-13,0
1993-02-14,0
1993-02-15,0
1993-02-16,0.177361797752809
1993-02-17,9.594750561797753
1993-02-18,47.04162247191011
1993-02-19,37.50694382022472
1993-02-20,29.45199775280899
1993-02-21,6.320730337078651
1993-02-22,5.279808988764045
1993-02-23,31.493575280898877
1993-02-24,9.487462921348314
1993-02-25,0.01990112359550562
1993-02-26,0
1993-02-27,0
1993-02-28,0
1993-03-01,0
1993-03-02,1.476373033707865
1993-03-03,5.992377528089888
1993-03-04,0.22255505617977528
1993-03-05,0.06776853932584269
1993-03-06,0
1993-03-07,0
1993-03-08,0
1993-03-09,0
1993-03-10,0.12664269662921349
1993-03-11,0
1993-03-12,0
1993-03-13,0.34454382022471913
1993-03-14,2.7656426966292136
1993-03-15,2.407188764044944
1993-03-16,0.23407640449438202
1993-03-17,38.92743595505618
1993-03-18,11.893134831460674
1993-03-19,0.10295280898876404
1993-03-20,0.01326067415730337
1993-03-21,0
1993-03-22,0
1993-03-23,3.286750561797753
1993-03-24,28.677168539325844
1993-03-25,0
1993-03-26,0.14668988764044943
1993-03-27,0.11560898876404495
1993-03-28,7.808328089887641
1993-03-29,0
1993-03-30,0.03568988764044944
1993-03-31,0
1993-04-01,13.084321348314607
1993-04-02,1.6348651685393258
1993-04-03,0
1993-04-04,2.538991011235955
1993-04-05,1.3508629213483145
1993-04-06,0.20393033707865169
1993-04-07,0.6981797752808988
1993-04-08,0.07866516853932584
1993-04-09,10.048323595505618
1993-04-10,1.465096629213483
1993-04-11,0.05184044943820225
1993-04-12,0
1993-04-13,0
1993-04-14,0
1993-04-15,0.18235955056179776
1993-04-16,0.10390786516853932
1993-04-17,18.957591011235955
1993-04-18,13.49005617977528
1993-04-19,0.04106516853932584
1993-04-20,0
1993-04-21,0.04829438202247191
1993-04-22,0.07980449438202247
1993-04-23,1.236847191011236
1993-04-24,13.94401797752809
1993-04-25,0.030674157303370787
1993-04-26,0.11404719101123596
1993-04-27,0
1993-04-28,0
1993-04-29,0
1993-04-30,0
1993-05-01,0
1993-05-02,0.028808988764044943
1993-05-03,2.106831460674157
1993-05-04,5.295584269662921
1993-05-05,0
1993-05-06,0.1217123595505618
1993-05-07,0
1993-05-08,0
1993-05-09,0
1993-05-10,0
1993-05-11,0.004498876404494382
1993-05-12,0.03223595505617978
1993-05-13,0.9977146067415731
1993-05-14,0.0861438202247191
1993-05-15,0
1993-05-16,0
1993-05-17,0
1993-05-18,0
1993-05-19,2.3586516853932586
1993-05-20,8.181242696629214
1993-05-21,1.0129977528089888
1993-05-22,0.12433483146067416
1993-05-23,0.023685393258426966
1993-05-24,0.43266741573033707
1993-05-25,6.040591011235955
1993-05-26,11.60263595505618
1993-05-27,27.917626966292136
1993-05-28,4.302024719101124
1993-05-29,0.004546067415730337
1993-05-30,5.022125842696629
1993-05-31,16.27948764044944
1993-06-01,2.638287640449438
1993-06-02,0.020930337078651686
1993-06-03,0.004404494382022472
1993-06-04,3.7088539325842698
1993-06-05,26.54276404494382
1993-06-06,4.333204494382023
1993-06-07,0.25308988764044943
1993-06-08,0
1993-06-09,0
1993-06-10,0
1993-06-11,0
1993-06-12,0
1993-06-13,0
1993-06-14,0
1993-06-15,0
1993-06-16,0
1993-06-17,0
1993-06-18,0
1993-06-19,0
1993-06-20,0
1993-06-21,0
1993-06-22,0
1993-06-23,0
1993-06-24,0
1993-06-25,0
1993-06-26,0
1993-06-27,0
1993-06-28,0
1993-06-29,0
1993-06-30,0
1993-07-01,0
1993-07-02,0
1993-07-03,0
1993-07-04,0
1993-07-05,0
1993-07-06,0
1993-07-07,0
1993-07-08,0
1993-07-09,0.004903370786516854
1993-07-10,5.101123595505618e-4
1993-07-11,0
1993-07-12,0
1993-07-13,0
1993-07-14,0
1993-07-15,0
1993-07-16,0
1993-07-17,0
1993-07-18,0
1993-07-19,0
1993-07-20,0
1993-07-21,0
1993-07-22,0
1993-07-23,0
1993-07-24,0
1993-07-25,0
1993-07-26,0
1993-07-27,0
1993-07-28,0.002840449438202247
1993-07-29,0
1993-07-30,0
1993-07-31,0
1993-08-01,0
1993-08-02,0
1993-08-03,0
1993-08-04,0
1993-08-05,0
1993-08-06,0
1993-08-07,0
1993-08-08,0
1993-08-09,0
1993-08-10,0
1993-08-11,0
1993-08-12,0
1993-08-13,0
1993-08-14,0
1993-08-15,0
1993-08-16,0
1993-08-17,0
1993-08-18,0
1993-08-19,0
1993-08-20,0
1993-08-21,0
1993-08-22,0
1993-08-23,0
1993-08-24,0
1993-08-25,0
1993-08-26,0
1993-08-27,0
1993-08-28,0
1993-08-29,0
1993-08-30,0
1993-08-31,0
1993-09-01,0
1993-09-02,0
1993-09-03,0
1993-09-04,0
1993-09-05,0
1993-09-06,0
1993-09-07,0
1993-09-08,0
1993-09-09,0
1993-09-10,0
1993-09-11,0
1993-09-12,0
1993-09-13,0
1993-09-14,0
1993-09-15,0
1993-09-16,0
1993-09-17,0
1993-09-18,0
1993-09-19,0
1993-09-20,0
1993-09-21,0
1993-09-22,0
1993-09-23,0
1993-09-24,0
1993-09-25,0
1993-09-26,0
1993-09-27,0
1993-09-28,0
1993-09-29,0
1993-09-30,0
1993-10-01,0
1993-10-02,0
1993-10-03,0
1993-10-04,0
1993-10-05,0.319923595505618
1993-10-06,0
1993-10-07,0
1993-10-08,0
1993-10-09,5.8426966292134835e-5
1993-10-10,2.407788764044944
1993-10-11,1.1733932584269664
1993-10-12,0.9718808988764045
1993-10-13,0
1993-10-14,7.410519101123596
1993-10-15,12.391062921348315
1993-10-16,4.403534831460674
1993-10-17,0
1993-10-18,0
1993-10-19,0
1993-10-20,0
1993-10-21,0
1993-10-22,0
1993-10-23,0
1993-10-24,0
1993-10-25,0
1993-10-26,0
1993-10-27,0
1993-10-28,0
1993-10-29,0
1993-10-30,0
1993-10-31,0
1993-11-01,0
1993-11-02,0
1993-11-03,0
1993-11-04,0
1993-11-05,0
1993-11-06,0
1993-11-07,0
1993-11-08,0
1993-11-09,0
1993-11-10,4.3836112359550565
1993-11-11,19.95667640449438
1993-11-12,0.33027191011235957
1993-11-13,0
1993-11-14,0
1993-11-15,0
1993-11-16,0
1993-11-17,0
1993-11-18,0
1993-11-19,0
1993-11-20,0
1993-11-21,0
1993-11-22,0.12146516853932585
1993-11-23,0.3258112359550562
1993-11-24,0
1993-11-25,0
1993-11-26,0
1993-11-27,0
1993-11-28,6.272321348314606
1993-11-29,29.824116853932583
1993-11-30,23.74662247191011
1993-12-01,0
1993-12-02,0.06746067415730336
1993-12-03,0
1993-12-04,1.5857887640449437
1993-12-05,0.11561797752808989
1993-12-06,0.22782696629213484
1993-12-07,6.341193258426967
1993-12-08,50.399501123595506
1993-12-09,18.642008988764044
1993-12-10,5.710462921348315
1993-12-11,31.229474157303372
1993-12-12,11.322278651685393
1993-12-13,16.479957303370785
1993-12-14,25.75870561797753
1993-12-15,2.7439595505617977
1993-12-16,0
1993-12-17,0
1993-12-18,0
1993-12-19,0
1993-12-20,0
1993-12-21,0
1993-12-22,0
1993-12-23,0
1993-12-24,0
1993-12-25,0
1993-12-26,0.0053123595505617975
1993-12-27,0.30621123595505617
1993-12-28,0
1993-12-29,0
1993-12-30,0
1993-12-31,0.42722247191011237
1994-01-01,3.1379685393258425
1994-01-02,3.5183775280898875
1994-01-03,0.10275505617977528
1994-01-04,1.6728719101123595
1994-01-05,6.438274157303371
1994-01-06,0
1994-01-07,0
1994-01-08,2.0886696629213484
1994-01-09,4.9113977528089885
1994-01-10,0
1994-01-11,0
1994-01-12,0.13859550561797754
1994-01-13,0
1994-01-14,0
1994-01-15,0
1994-01-16,0
1994-01-17,0
1994-01-18,0
1994-01-19,0
1994-01-20,0
1994-01-21,1.6235213483146067
1994-01-22,6.209791011235955
1994-01-23,38.456303370786515
1994-01-24,27.685573033707865
1994-01-25,21.93303595505618
1994-01-26,7.482274157303371
1994-01-27,4.975042696629213
1994-01-28,0
1994-01-29,0
1994-01-30,0
1994-01-31,0
1994-02-01,0
1994-02-02,0
1994-02-03,0
1994-02-04,0
1994-02-05,0
1994-02-06,23.003925842696628
1994-02-07,35.44680449438202
1994-02-08,1.049676404494382
1994-02-09,0
1994-02-10,4.491289887640449
1994-02-11,3.06958202247191
1994-02-12,0
1994-02-13,0
1994-02-14,0
1994-02-15,0
1994-02-16,0.29867415730337077
1994-02-17,47.376516853932586
1994-02-18,21.33708988764045
1994-02-19,2.9268314606741574
1994-02-20,36.88904943820225
1994-02-21,12.00692584269663
1994-02-22,3.917791011235955
1994-02-23,0
1994-02-24,0
1994-02-25,0
1994-02-26,5.918307865168539
1994-02-27,2.389134831460674
1994-02-28,0.013285393258426967
1994-03-01,0
1994-03-02,0
1994-03-03,0
1994-03-04,0
1994-03-05,0.09988988764044944
1994-03-06,2.9093370786516854
1994-03-07,0
1994-03-08,0
1994-03-09,0
1994-03-10,0
1994-03-11,0.06647415730337078
1994-03-12,0.003853932584269663
1994-03-13,0
1994-03-14,0
1994-03-15,0
1994-03-16,3.4890898876404495
1994-03-17,0.0047640449438202245
1994-03-18,0
1994-03-19,0.0031303370786516854
1994-03-20,0
1994-03-21,0.6052022471910112
1994-03-22,0.6426112359550562
1994-03-23,0.0472561797752809
1994-03-24,3.8309955056179774
1994-03-25,1.5566988764044944
1994-03-26,0
1994-03-27,0
1994-03-28,0
1994-03-29,0
1994-03-30,9.887640449438202e-4
1994-03-31,0
1994-04-01,0
1994-04-02,0
1994-04-03,0
1994-04-04,0
1994-04-05,0
1994-04-06,0.17993483146067416
1994-04-07,0
1994-04-08,0.595008988764045
1994-04-09,18.706447191011236
1994-04-10,0.17072584269662922
1994-04-11,0
1994-04-12,0
1994-04-13,0
1994-04-14,0
1994-04-15,0
1994-04-16,0
1994-04-17,0
1994-04-18,0
1994-04-19,0
1994-04-20,0
1994-04-21,0
1994-04-22,0
1994-04-23,0.28882921348314605
1994-04-24,20.194923595505617
1994-04-25,22.98913258426966
1994-04-26,15.576739325842697
1994-04-27,0.013395505617977529
1994-04-28,0.43627640449438204
1994-04-29,0
1994-04-30,0.0113438202247191
1994-05-01,0
1994-05-02,0
1994-05-03,0
1994-05-04,0.00498876404494382
1994-05-05,4.869391011235955
1994-05-06,0.17517303370786516
1994-05-07,15.099570786516853
1994-05-08,0.30481348314606743
1994-05-09,0
1994-05-10,0
1994-05-11,0
1994-05-12,0
1994-05-13,0
1994-05-14,0
1994-05-15,1.3084898876404494
1994-05-16,1.0238494382022472
1994-05-17,5.631815730337078
1994-05-18,1.0284584269662922
1994-05-19,0.41375505617977526
1994-05-20,0.004375280898876404
1994-05-21,0
1994-05-22,0
1994-05-23,0
1994-05-24,0
1994-05-25,0
1994-05-26,0
1994-05-27,0
1994-05-28,0
1994-05-29,0
1994-05-30,0
1994-05-31,0
1994-06-01,0
1994-06-02,0
1994-06-03,0
1994-06-04,0
1994-06-05,0
1994-06-06,2.3881101123595507
1994-06-07,0
1994-06-08,0
1994-06-09,0
1994-06-10,0
1994-06-11,0
1994-06-12,0
1994-06-13,0
1994-06-14,0
1994-06-15,0
1994-06-16,0
1994-06-17,0
1994-06-18,0
1994-06-19,0
1994-06-20,0
1994-06-21,0
1994-06-22,0
1994-06-23,0
1994-06-24,0
1994-06-25,0
1994-06-26,0
1994-06-27,0
1994-06-28,0
1994-06-29,0
1994-06-30,0
1994-07-01,0
1994-07-02,0
1994-07-03,0
1994-07-04,0
1994-07-05,0
1994-07-06,0
1994-07-07,0
1994-07-08,0
1994-07-09,0
1994-07-10,0
1994-07-11,0
1994-07-12,0
1994-07-13,0
1994-07-14,0
1994-07-15,0
1994-07-16,0
1994-07-17,0
1994-07-18,0
1994-07-19,0
1994-07-20,0
1994-07-21,0.003874157303370787
1994-07-22,0.27891460674157303
1994-07-23,0.0034674157303370787
1994-07-24,0
1994-07-25,0
1994-07-26,0
1994-07-27,0
1994-07-28,0
1994-07-29,0
1994-07-30,0
1994-07-31,0
1994-08-01,0
1994-08-02,0
1994-08-03,0
1994-08-04,0
1994-08-05,0
1994-08-06,0
1994-08-07,0
1994-08-08,0
1994-08-09,0
1994-08-10,0
1994-08-11,0
1994-08-12,0
1994-08-13,0
1994-08-14,0
1994-08-15,0
1994-08-16,0
1994-08-17,0
1994-08-18,0
1994-08-19,0
1994-08-20,0
1994-08-21,0
1994-08-22,0
1994-08-23,0
1994-08-24,0
1994-08-25,0
1994-08-26,0
1994-08-27,0
1994-08-28,0
1994-08-29,0
1994-08-30,0
1994-08-31,0
1994-09-01,0
1994-09-02,0
1994-09-03,0
1994-09-04,0
1994-09-05,0
1994-09-06,0
1994-09-07,0
1994-09-08,0
1994-09-09,0
1994-09-10,0
1994-09-11,0
1994-09-12,0
1994-09-13,0.7150134831460674
1994-09-14,0
1994-09-15,0
1994-09-16,0
1994-09-17,0
1994-09-18,0
1994-09-19,0
1994-09-20,0
1994-09-21,0
1994-09-22,0
1994-09-23,0
1994-09-24,0.09226516853932584
1994-09-25,0
1994-09-26,0
1994-09-27,0
1994-09-28,0
1994-09-29,0
1994-09-30,0
1994-10-01,0
1994-10-02,0
1994-10-03,0
1994-10-04,0.11353258426966292
1994-10-05,24.839096629213483
1994-10-06,0
1994-10-07,0
1994-10-08,0
1994-10-09,0
1994-10-10,0
1994-10-11,0
1994-10-12,0
1994-10-13,0
1994-10-14,0.010582022471910112
1994-10-15,0
1994-10-16,0
1994-10-17,0
1994-10-18,0
1994-10-19,0
1994-10-20,0
1994-10-21,0
1994-10-22,0
1994-10-23,0
1994-10-24,0
1994-10-25,0
1994-10-26,0.14088314606741573
1994-10-27,0.008406741573033708
1994-10-28,1.2960786516853933
1994-10-29,0
1994-10-30,0
1994-10-31,0
1994-11-01,0.6813393258426966
1994-11-02,1.3058067415730337
1994-11-03,0
1994-11-04,0
1994-11-05,53.70596404494382
1994-11-06,27.01896629213483
1994-11-07,3.40965393258427
1994-11-08,0
1994-11-09,33.357748314606745
1994-11-10,21.276768539325843
1994-11-11,0.25218426966292135
1994-11-12,0.004892134831460674
1994-11-13,0
1994-11-14,0
1994-11-15,18.682804494382022
1994-11-16,8.373921348314607
1994-11-17,4.356723595505618
1994-11-18,0.7894898876404495
1994-11-19,0
1994-11-20,0.1672808988764045
1994-11-21,0.8452629213483146
1994-11-22,0
1994-11-23,0
1994-11-24,0
1994-11-25,31.148968539325843
1994-11-26,12.959577528089888
1994-11-27,4.011069662921348
1994-11-28,4.65476404494382
1994-11-29,0
1994-11-30,0
1994-12-01,0.007222471910112359
1994-12-02,1.6930157303370788
1994-12-03,25.974694382022474
1994-12-04,31.235826966292134
1994-12-05,0
1994-12-06,4.345586516853933
1994-12-07,0.5877123595505618
1994-12-08,0
1994-12-09,0
1994-12-10,0
1994-12-11,2.1645101123595505
1994-12-12,15.679622471910113
1994-12-13,4.983161797752809
1994-12-14,10.764215730337078
1994-12-15,14.04291011235955
1994-12-16,3.4022247191011235
1994-12-17,0.6910337078651686
1994-12-18,3.1618067415730335
1994-12-19,0.0023415730337078655
1994-12-20,0
1994-12-21,0
1994-12-22,0.0021775280898876405
1994-12-23,0.38879775280898876
1994-12-24,15.074808988764046
1994-12-25,0.8210112359550562
1994-12-26,0
1994-12-27,6.202247191011235e-4
1994-12-28,11.821451685393258
1994-12-29,0
1994-12-30,0
1994-12-31,2.08103595505618
1995-01-01,8.160119101123595
1995-01-02,5.570116853932585
1995-01-03,15.858507865168539
1995-01-04,21.03383595505618
1995-01-05,26.221815730337077
1995-01-06,8.011429213483146
1995-01-07,57.8231797752809
1995-01-08,75.3106404494382
1995-01-09,132.0485617977528
1995-01-10,60.43249438202247
1995-01-11,27.268208988764044
1995-01-12,35.18334831460674
1995-01-13,42.68104269662921
1995-01-14,67.70029438202248
1995-01-15,16.620408988764044
1995-01-16,2.1485550561797755
1995-01-17,0.037476404494382026
1995-01-18,0.0016808988764044944
1995-01-19,0
1995-01-20,0
1995-01-21,11.130426966292134
1995-01-22,26.93414382022472
1995-01-23,34.66708988764045
1995-01-24,30.890883146067416
1995-01-25,6.466757303370787
1995-01-26,13.002355056179775
1995-01-27,30.968024719101123
1995-01-28,17.2742
1995-01-29,10.792995505617977
1995-01-30,20.29258426966292
1995-01-31,8.454444943820224
1995-02-01,2.0804314606741574
1995-02-02,1.4158741573033709
1995-02-03,0
1995-02-04,0
1995-02-05,4.651685393258427e-4
1995-02-06,0
1995-02-07,0
1995-02-08,6.54558202247191
1995-02-09,1.3998651685393257
1995-02-10,0
1995-02-11,0.006847191011235955
1995-02-12,0
1995-02-13,6.422487640449438
1995-02-14,4.416451685393258
1995-02-15,0.016991011235955054
1995-02-16,0
1995-02-17,0
1995-02-18,0.8898224719101123
1995-02-19,0
1995-02-20,0
1995-02-21,0
1995-02-22,4.651685393258427e-4
1995-02-23,7.056179775280899e-4
1995-02-24,0
1995-02-25,0
1995-02-26,0
1995-02-27,0
1995-02-28,0.002813483146067416
1995-03-01,0.20249887640449438
1995-03-02,11.567467415730338
1995-03-03,18.651593258426967
1995-03-04,0.8433168539325843
1995-03-05,0.3070808988764045
1995-03-06,0
1995-03-07,0
1995-03-08,12.762523595505618
1995-03-09,160.03551910112358
1995-03-10,31.769080898876403
1995-03-11,43.822802247191014
1995-03-12,12.17414382022472
1995-03-13,25.745570786516854
1995-03-14,55.99371011235955
1995-03-15,27.899287640449437
1995-03-16,0
1995-03-17,0
1995-03-18,13.73761797752809
1995-03-19,1.582420224719101
1995-03-20,27.838750561797752
1995-03-21,22.678640449438202
1995-03-22,31.22747415730337
1995-03-23,21.184224719101124
1995-03-24,7.341294382022472
1995-03-25,0.284961797752809
1995-03-26,0
1995-03-27,0
1995-03-28,0
1995-03-29,0
1995-03-30,0
1995-03-31,0
1995-04-01,0.18688988764044942
1995-04-02,0.022128089887640447
1995-04-03,0
1995-04-04,0
1995-04-05,0
1995-04-06,9.719391011235954
1995-04-07,25.744591011235954
1995-04-08,13.799934831460675
1995-04-09,7.206532584269663
1995-04-10,0
1995-04-11,0
1995-04-12,0.2175393258426966
1995-04-13,16.5450202247191
1995-04-14,3.933060674157303
1995-04-15,0.024905617977528088
1995-04-16,7.890561797752809
1995-04-17,0
1995-04-18,1.3574606741573034
1995-04-19,0.8831820224719101
1995-04-20,4.2818
1995-04-21,0.1084
1995-04-22,0
1995-04-23,0
1995-04-24,0
1995-04-25,0
1995-04-26,0
1995-04-27,7.023676404494382
1995-04-28,3.7117977528089887
1995-04-29,23.868907865168538
1995-04-30,4.1833820224719105
1995-05-01,35.5233191011236
1995-05-02,2.016752808988764
1995-05-03,0
1995-05-04,0
1995-05-05,0
1995-05-06,1.7977528089887642e-4
1995-05-07,0.028262921348314606
1995-05-08,0
1995-05-09,1.8266696629213484
1995-05-10,3.2178898876404496
1995-05-11,0.274561797752809
1995-05-12,0.24580449438202248
1995-05-13,18.103251685393257
1995-05-14,1.4922359550561797
1995-05-15,7.142644943820224
1995-05-16,0.5872314606741573
1995-05-17,0
1995-05-18,0
1995-05-19,0
1995-05-20,0
1995-05-21,0
1995-05-22,4.1797752808988767e-4
1995-05-23,0
1995-05-24,4.1797752808988767e-4
1995-05-25,0.19872808988764046
1995-05-26,0
1995-05-27,0
1995-05-28,0
1995-05-29,0
1995-05-30,0
1995-05-31,0
1995-06-01,0
1995-06-02,0
1995-06-03,0
1995-06-04,0
1995-06-05,0.012970786516853933
1995-06-06,0
1995-06-07,0.020179775280898878
1995-06-08,0
1995-06-09,0
1995-06-10,0
1995-06-11,0
1995-06-12,0
1995-06-13,0
1995-06-14,2.4346134831460673
1995-06-15,15.205964044943821
1995-06-16,3.3026157303370787
1995-06-17,0.0354561797752809
1995-06-18,0.5159370786516854
1995-06-19,0.013961797752808989
1995-06-20,0
1995-06-21,0
1995-06-22,0
1995-06-23,0
1995-06-24,0
1995-06-25,0
1995-06-26,0
1995-06-27,0.04561123595505618
1995-06-28,0
1995-06-29,0
1995-06-30,0
1995-07-01,0
1995-07-02,0
1995-07-03,0
1995-07-04,0
1995-07-05,0
1995-07-06,0
1995-07-07,0
1995-07-08,0
1995-07-09,0
1995-07-10,0
1995-07-11,0
1995-07-12,0
1995-07-13,0
1995-07-14,0
1995-07-15,0
1995-07-16,0
1995-07-17,0
1995-07-18,0
1995-07-19,2.2489393258426964
1995-07-20,0
1995-07-21,0
1995-07-22,0
1995-07-23,0
1995-07-24,0
1995-07-25,0
1995-07-26,0
1995-07-27,0
1995-07-28,0
1995-07-29,0
1995-07-30,0
1995-07-31,0
1995-08-01,0
1995-08-02,0
1995-08-03,0
1995-08-04,0
1995-08-05,0
1995-08-06,0
1995-08-07,0
1995-08-08,0
1995-08-09,0
1995-08-10,0
1995-08-11,0
1995-08-12,0
1995-08-13,0
1995-08-14,0
1995-08-15,0
1995-08-16,0
1995-08-17,0
1995-08-18,0
1995-08-19,0
1995-08-20,0
1995-08-21,0
1995-08-22,0
1995-08-23,0
1995-08-24,0
1995-08-25,0
1995-08-26,0
1995-08-27,0
1995-08-28,0
1995-08-29,0
1995-08-30,0
1995-08-31,0
1995-09-01,0
1995-09-02,0
1995-09-03,0
1995-09-04,0
1995-09-05,0
1995-09-06,0
1995-09-07,0
1995-09-08,0
1995-09-09,0
1995-09-10,0
1995-09-11,0
1995-09-12,0
1995-09-13,0
1995-09-14,0
1995-09-15,0
1995-09-16,0
1995-09-17,0
1995-09-18,0
1995-09-19,0
1995-09-20,0
1995-09-21,0
1995-09-22,0
1995-09-23,0
1995-09-24,0
1995-09-25,0
1995-09-26,0
1995-09-27,0.00491685393258427
1995-09-28,0
1995-09-29,0
1995-09-30,0
1995-10-01,0
1995-10-02,0
1995-10-03,0
1995-10-04,0
1995-10-05,0
1995-10-06,0
1995-10-07,0
1995-10-08,0
1995-10-09,0
1995-10-10,0
1995-10-11,0
1995-10-12,0.11135056179775281
1995-10-13,0
1995-10-14,0
1995-10-15,0
1995-10-16,0
1995-10-17,0
1995-10-18,0
1995-10-19,0
1995-10-20,0
1995-10-21,0
1995-10-22,0
1995-10-23,0
1995-10-24,0
1995-10-25,0
1995-10-26,0
1995-10-27,0
1995-10-28,0
1995-10-29,0
1995-10-30,0
1995-10-31,0
1995-11-01,2.4489101123595507
1995-11-02,0
1995-11-03,0
1995-11-04,0
1995-11-05,0
1995-11-06,0
1995-11-07,0
1995-11-08,0
1995-11-09,0.3014719101123595
1995-11-10,0
1995-11-11,0
1995-11-12,0
1995-11-13,0
1995-11-14,0
1995-11-15,0
1995-11-16,0.15422696629213484
1995-11-17,5.280898876404495e-4
1995-11-18,0.5156089887640449
1995-11-19,0.017435955056179776
1995-11-20,0
1995-11-21,4.6016876404494385
1995-11-22,1.1301370786516853
1995-11-23,0
1995-11-24,0
1995-11-25,0
1995-11-26,1.609049438202247
1995-11-27,0.017435955056179776
1995-11-28,0
1995-11-29,0
1995-11-30,0
1995-12-01,1.0007820224719102
1995-12-02,4.890408988764045
1995-12-03,2.4704719101123596
1995-12-04,14.33078426966292
1995-12-05,3.0177168539325843
1995-12-06,3.5400988764044943
1995-12-07,6.9081685393258425
1995-12-08,0.0018000000000000002
1995-12-09,0.0017842696629213485
1995-12-10,0.03573483146067415
1995-12-11,48.45825617977528
1995-12-12,153.8510202247191
1995-12-13,28.552570786516853
1995-12-14,6.808274157303371
1995-12-15,32.93627415730337
1995-12-16,1.3691977528089887
1995-12-17,0
1995-12-18,6.590898876404494
1995-12-19,0.2389752808988764
1995-12-20,6.49438202247191e-4
1995-12-21,0
1995-12-22,9.159826966292135
1995-12-23,1.2639640449438203
1995-12-24,0
1995-12-25,0
1995-12-26,0
1995-12-27,0.06298651685393258
1995-12-28,3.2025887640449437
1995-12-29,12.376058426966292
1995-12-30,47.225608988764044
1995-12-31,1.1201573033707866
1996-01-01,0
1996-01-02,0
1996-01-03,0
1996-01-04,0
1996-01-05,0.03900449438202247
1996-01-06,0
1996-01-07,0
1996-01-08,0.00712808988764045
1996-01-09,0
1996-01-10,3.3267955056179774
1996-01-11,0.1216
1996-01-12,0.7255820224719102
1996-01-13,0.7235460674157304
1996-01-14,0.7235460674157304
1996-01-15,12.673712359550562
1996-01-16,49.86329662921348
1996-01-17,25.663278651685392
1996-01-18,3.8761370786516856
1996-01-19,49.86752808988764
1996-01-20,2.5202067415730336
1996-01-21,29.610539325842698
1996-01-22,3.5045685393258426
1996-01-23,4.5373707865168535
1996-01-24,23.53398426966292
1996-01-25,46.614916853932584
1996-01-26,0
1996-01-27,40.48296404494382
1996-01-28,11.496366292134832
1996-01-29,0
1996-01-30,1.4051752808988764
1996-01-31,33.26664269662921
1996-02-01,0.35499550561797755
1996-02-02,0
1996-02-03,1.6160314606741573
1996-02-04,84.33734606741574
1996-02-05,35.468298876404496
1996-02-06,0.04003370786516854
1996-02-07,0
1996-02-08,0
1996-02-09,0
1996-02-10,0
1996-02-11,0
1996-02-12,0
1996-02-13,0
1996-02-14,0
1996-02-15,0.004687640449438203
1996-02-16,17.403310112359552
1996-02-17,8.627058426966292
1996-02-18,6.279426966292135
1996-02-19,32.80136404494382
1996-02-20,28.519462921348314
1996-02-21,38.58142471910112
1996-02-22,9.527226966292135
1996-02-23,0.23578426966292135
1996-02-24,11.51909213483146
1996-02-25,1.0632202247191012
1996-02-26,0.6885213483146068
1996-02-27,7.218083146067416
1996-02-28,10.005651685393259
1996-02-29,36.369928089887644
1996-03-01,3.231123595505618
1996-03-02,0
1996-03-03,1.4871460674157304
1996-03-04,14.343042696629213
1996-03-05,26.572098876404496
1996-03-06,1.9367752808988763
1996-03-07,0
1996-03-08,0
1996-03-09,0
1996-03-10,5.641541573033708
1996-03-11,14.967116853932584
1996-03-12,26.5941595505618
1996-03-13,1.1855685393258426
1996-03-14,0
1996-03-15,0
1996-03-16,0
1996-03-17,0
1996-03-18,0
1996-03-19,0
1996-03-20,0
1996-03-21,0
1996-03-22,0.012042696629213484
1996-03-23,0.07689662921348314
1996-03-24,0
1996-03-25,0
1996-03-26,0
1996-03-27,1.743494382022472
1996-03-28,5.744937078651685
1996-03-29,0.09465168539325843
1996-03-30,0.01590561797752809
1996-03-31,1.565267415730337
1996-04-01,32.81869438202247
1996-04-02,19.372925842696628
1996-04-03,0
1996-04-04,0
1996-04-05,0
1996-04-06,0
1996-04-07,0
1996-04-08,0.1276
1996-04-09,0.5193213483146067
1996-04-10,0.010791011235955057
1996-04-11,0
1996-04-12,0.5617910112359551
1996-04-13,0
1996-04-14,0
1996-04-15,0.14712134831460674
1996-04-16,19.830912359550563
1996-04-17,2.4948719101123595
1996-04-18,23.552474157303372
1996-04-19,1.6166606741573033
1996-04-20,7.051391011235955
1996-04-21,0
1996-04-22,4.412393258426967
1996-04-23,0.10562921348314606
1996-04-24,8.302530337078652
1996-04-25,0.45662696629213484
1996-04-26,0
1996-04-27,0
1996-04-28,0
1996-04-29,0
1996-04-30,0
1996-05-01,0
1996-05-02,0
1996-05-03,0
1996-05-04,0
1996-05-05,0
1996-05-06,0
1996-05-07,0
1996-05-08,0
1996-05-09,0
1996-05-10,0
1996-05-11,0
1996-05-12,0
1996-05-13,0
1996-05-14,0.5624
1996-05-15,1.5779280898876404
1996-05-16,34.17595280898876
1996-05-17,6.93241797752809
1996-05-18,23.031341573033707
1996-05-19,3.307638202247191
1996-05-20,0
1996-05-21,5.836112359550562
1996-05-22,17.77518202247191
1996-05-23,0
1996-05-24,0
1996-05-25,0
1996-05-26,0
1996-05-27,0
1996-05-28,0
1996-05-29,0
1996-05-30,0
1996-05-31,0
1996-06-01,0
1996-06-02,0
1996-06-03,0
1996-06-04,0
1996-06-05,0
1996-06-06,0
1996-06-07,0
1996-06-08,0
1996-06-09,0
1996-06-10,0
1996-06-11,0
1996-06-12,0
1996-06-13,0
1996-06-14,0
1996-06-15,0
1996-06-16,0
1996-06-17,0
1996-06-18,0
1996-06-19,0
1996-06-20,0
1996-06-21,0
1996-06-22,0
1996-06-23,0
1996-06-24,0
1996-06-25,0
1996-06-26,1.8975842696629213
1996-06-27,0.07318651685393258
1996-06-28,0
1996-06-29,0
1996-06-30,0
1996-07-01,0
1996-07-02,0
1996-07-03,0
1996-07-04,0
1996-07-05,0
1996-07-06,0
1996-07-07,0
1996-07-08,0
1996-07-09,0
1996-07-10,0
1996-07-11,0
1996-07-12,0
1996-07-13,0
1996-07-14,0
1996-07-15,0
1996-07-16,0
1996-07-17,0
1996-07-18,0
1996-07-19,0
1996-07-20,0
1996-07-21,0
1996-07-22,0
1996-07-23,0
1996-07-24,0
1996-07-25,0
1996-07-26,0
1996-07-27,0
1996-07-28,0
1996-07-29,0
1996-07-30,0
1996-07-31,0
1996-08-01,0
1996-08-02,0
1996-08-03,0
1996-08-04,0
1996-08-05,0
1996-08-06,0
1996-08-07,0
1996-08-08,0
1996-08-09,0
1996-08-10,0
1996-08-11,0
1996-08-12,0
1996-08-13,0
1996-08-14,0
1996-08-15,0
1996-08-16,0
1996-08-17,0
1996-08-18,0
1996-08-19,0
1996-08-20,0
1996-08-21,0
1996-08-22,0
1996-08-23,0
1996-08-24,0
1996-08-25,0
1996-08-26,0
1996-08-27,0
1996-08-28,0
1996-08-29,0
1996-08-30,0
1996-08-31,0
1996-09-01,0
1996-09-02,0
1996-09-03,0
1996-09-04,0
1996-09-05,0
1996-09-06,0
1996-09-07,0
1996-09-08,0
1996-09-09,0
1996-09-10,0
1996-09-11,0
1996-09-12,0.0011640449438202246
1996-09-13,0
1996-09-14,1.618391011235955
1996-09-15,3.0408516853932586
1996-09-16,1.3455977528089886
1996-09-17,0
1996-09-18,0
1996-09-19,0
1996-09-20,0
1996-09-21,0
1996-09-22,0
1996-09-23,0
1996-09-24,0
1996-09-25,0
1996-09-26,0
1996-09-27,0
1996-09-28,0
1996-09-29,0
1996-09-30,0
1996-10-01,0
1996-10-02,0.17675280898876405
1996-10-03,0
1996-10-04,0
1996-10-05,0
1996-10-06,0
1996-10-07,0
1996-10-08,0
1996-10-09,0
1996-10-10,0
1996-10-11,0
1996-10-12,0
1996-10-13,0
1996-10-14,0.09819101123595506
1996-10-15,0
1996-10-16,0
1996-10-17,0.1481685393258427
1996-10-18,8.340867415730337
1996-10-19,3.0743640449438203
1996-10-20,0
1996-10-21,0
1996-10-22,0
1996-10-23,0.06798876404494382
1996-10-24,1.4627011235955056
1996-10-25,3.683979775280899
1996-10-26,1.222141573033708
1996-10-27,0
1996-10-28,1.1591640449438203
1996-10-29,17.31143595505618
1996-10-30,5.2765393258426965
1996-10-31,0.0897370786516854
1996-11-01,0
1996-11-02,0
1996-11-03,0.00349438202247191
1996-11-04,0
1996-11-05,0
1996-11-06,0
1996-11-07,0
1996-11-08,0
1996-11-09,0
1996-11-10,0
1996-11-11,0
1996-11-12,0
1996-11-13,0
1996-11-14,0
1996-11-15,0
1996-11-16,0.015941573033707867
1996-11-17,30.429339325842697
1996-11-18,26.75230786516854
1996-11-19,19.136788764044944
1996-11-20,36.399447191011234
1996-11-21,0.9981168539325843
1996-11-22,23.726377528089888
1996-11-23,5.485
1996-11-24,0.3471752808988764
1996-11-25,1.312314606741573
1996-11-26,0
1996-11-27,0
1996-11-28,0.6002224719101124
1996-11-29,0.03935505617977528
1996-11-30,0.08346516853932584
1996-12-01,12.651278651685393
1996-12-02,0.42995955056179774
1996-12-03,0.1358247191011236
1996-12-04,1.448734831460674
1996-12-05,73.7164179775281
1996-12-06,4.506085393258427
1996-12-07,2.7225910112359553
1996-12-08,14.37881573033708
1996-12-09,35.40119775280899
1996-12-10,69.88001123595505
1996-12-11,9.181065168539327
1996-12-12,18.11668988764045
1996-12-13,7.630883146067416
1996-12-14,0.15727865168539326
1996-12-15,0
1996-12-16,0
1996-12-17,0
1996-12-18,0
1996-12-19,0
1996-12-20,0
1996-12-21,26.626150561797754
1996-12-22,14.415552808988764
1996-12-23,13.382339325842697
1996-12-24,0.04573483146067416
1996-12-25,0
1996-12-26,5.0148269662921345
1996-12-27,41.2747595505618
1996-12-28,11.969925842696629
1996-12-29,25.95329213483146
1996-12-30,68.16581123595506
1996-12-31,77.3933191011236
1997-01-01,85.50170337078652
1997-01-02,41.94033258426966
1997-01-03,7.057923595505618
1997-01-04,0
1997-01-05,0.018453932584269663
1997-01-06,0
1997-01-07,0
1997-01-08,0
1997-01-09,0
1997-01-10,0
1997-01-11,0.20900898876404495
1997-01-12,1.5905101123595506
1997-01-13,0
1997-01-14,0.2961820224719101
1997-01-15,4.576516853932584
1997-01-16,0.29566966292134833
1997-01-17,0.32934606741573036
1997-01-18,0
1997-01-19,0.42776629213483147
1997-01-20,8.802759550561797
1997-01-21,16.394406741573032
1997-01-22,32.57890337078652
1997-01-23,57.76915056179775
1997-01-24,3.1337101123595503
1997-01-25,80.06928988764045
1997-01-26,37.369346067415734
1997-01-27,2.550355056179775
1997-01-28,6.09731011235955
1997-01-29,1.5548202247191012
1997-01-30,0.01041123595505618
1997-01-31,0.3408831460674157
1997-02-01,2.7835955056179773
1997-02-02,0.015193258426966292
1997-02-03,0.40471011235955057
1997-02-04,8.139211235955056
1997-02-05,0.7169033707865169
1997-02-06,0.060620224719101126
1997-02-07,0.07598876404494381
1997-02-08,1.3506719101123597
1997-02-09,0.042568539325842696
1997-02-10,2.86394606741573
1997-02-11,0.031031460674157303
1997-02-12,0
1997-02-13,0
1997-02-14,0.17929887640449438
1997-02-15,0.009035955056179776
1997-02-16,0.07469662921348315
1997-02-17,6.916550561797753
1997-02-18,0.4594292134831461
1997-02-19,1.8351258426966293
1997-02-20,1.1176359550561799
1997-02-21,0
1997-02-22,0
1997-02-23,0
1997-02-24,0
1997-02-25,0
1997-02-26,0
1997-02-27,0.29336179775280896
1997-02-28,0.07139550561797753
1997-03-01,0.4068831460674157
1997-03-02,17.489256179775282
1997-03-03,2.206294382022472
1997-03-04,0.02486741573033708
1997-03-05,0.005779775280898876
1997-03-06,0.014824719101123596
1997-03-07,0.005002247191011236
1997-03-08,0
1997-03-09,0
1997-03-10,0
1997-03-11,0
1997-03-12,0
1997-03-13,0
1997-03-14,0
1997-03-15,0.5004651685393259
1997-03-16,15.292305617977528
1997-03-17,31.096669662921347
1997-03-18,0.004301123595505618
1997-03-19,8.606741573033708e-4
1997-03-20,0.11004719101123596
1997-03-21,0
1997-03-22,0
1997-03-23,0
1997-03-24,0
1997-03-25,0
1997-03-26,0
1997-03-27,0
1997-03-28,0
1997-03-29,0
1997-03-30,0.19946966292134832
1997-03-31,2.6938674157303373
1997-04-01,0.0010179775280898876
1997-04-02,0
1997-04-03,0
1997-04-04,0
1997-04-05,0
1997-04-06,0
1997-04-07,0.028703370786516854
1997-04-08,0
1997-04-09,0
1997-04-10,0
1997-04-11,0
1997-04-12,0.20944044943820225
1997-04-13,0
1997-04-14,0
1997-04-15,0
1997-04-16,0
1997-04-17,0.2606
1997-04-18,0.4576494382022472
1997-04-19,25.888993258426968
1997-04-20,3.66523595505618
1997-04-21,1.1882539325842696
1997-04-22,2.146968539325843
1997-04-23,5.846701123595506
1997-04-24,0
1997-04-25,0
1997-04-26,0
1997-04-27,0
1997-04-28,0
1997-04-29,0
1997-04-30,0
1997-05-01,0
1997-05-02,0
1997-05-03,0.14203370786516853
1997-05-04,0.022238202247191013
1997-05-05,0
1997-05-06,0
1997-05-07,0
1997-05-08,0
1997-05-09,0.062348314606741576
1997-05-10,0
1997-05-11,0
1997-05-12,0
1997-05-13,0
1997-05-14,0
1997-05-15,0
1997-05-16,0
1997-05-17,0
1997-05-18,0
1997-05-19,0
1997-05-20,0
1997-05-21,0
1997-05-22,0.27569213483146066
1997-05-23,9.747206741573034
1997-05-24,5.5240337078651685
1997-05-25,0
1997-05-26,0.03942696629213483
1997-05-27,6.386521348314607
1997-05-28,0
1997-05-29,0
1997-05-30,0
1997-05-31,0.3363797752808989
1997-06-01,0.0328
1997-06-02,0
1997-06-03,0.9474966292134831
1997-06-04,18.01072808988764
1997-06-05,0.014431460674157303
1997-06-06,0
1997-06-07,0
1997-06-08,0
1997-06-09,0
1997-06-10,0.2424494382022472
1997-06-11,0
1997-06-12,0
1997-06-13,0
1997-06-14,0
1997-06-15,0.003591011235955056
1997-06-16,0
1997-06-17,0
1997-06-18,0
1997-06-19,0
1997-06-20,0
1997-06-21,0
1997-06-22,0
1997-06-23,0
1997-06-24,0
1997-06-25,0
1997-06-26,0
1997-06-27,0
1997-06-28,0
1997-06-29,0
1997-06-30,0.06969438202247191
1997-07-01,0.057806741573033706
1997-07-02,0
1997-07-03,0
1997-07-04,0
1997-07-05,0
1997-07-06,0
1997-07-07,0
1997-07-08,0
1997-07-09,0
1997-07-10,0
1997-07-11,0
1997-07-12,0
1997-07-13,0
1997-07-14,0
1997-07-15,0
1997-07-16,0
1997-07-17,0
1997-07-18,0
1997-07-19,0
1997-07-20,0
1997-07-21,0
1997-07-22,0
1997-07-23,0
1997-07-24,0
1997-07-25,0
1997-07-26,0
1997-07-27,0
1997-07-28,0
1997-07-29,0
1997-07-30,0
1997-07-31,0
1997-08-01,0
1997-08-02,0
1997-08-03,0
1997-08-04,0
1997-08-05,0
1997-08-06,0
1997-08-07,0
1997-08-08,0
1997-08-09,0
1997-08-10,0
1997-08-11,0
1997-08-12,0
1997-08-13,0
1997-08-14,0
1997-08-15,0
1997-08-16,0
1997-08-17,0
1997-08-18,0
1997-08-19,1.1669348314606742
1997-08-20,24.477359550561797
1997-08-21,0.8360719101123595
1997-08-22,0
1997-08-23,0
1997-08-24,0.3452651685393258
1997-08-25,0.09186741573033708
1997-08-26,0
1997-08-27,0
1997-08-28,0
1997-08-29,0
1997-08-30,0
1997-08-31,0
1997-09-01,0
1997-09-02,0
1997-09-03,0
1997-09-04,0.024674157303370785
1997-09-05,0
1997-09-06,0
1997-09-07,0
1997-09-08,0.01924494382022472
1997-09-09,0.1646
1997-09-10,0.3694629213483146
1997-09-11,0
1997-09-12,0
1997-09-13,0.07290112359550562
1997-09-14,3.756494382022472
1997-09-15,13.22340224719101
1997-09-16,0.13635955056179774
1997-09-17,0.08447415730337078
1997-09-18,0.10346067415730337
1997-09-19,0
1997-09-20,0
1997-09-21,0
1997-09-22,0
1997-09-23,0
1997-09-24,0
1997-09-25,0
1997-09-26,0
1997-09-27,0
1997-09-28,0
1997-09-29,0
1997-09-30,0
1997-10-01,0.38072359550561796
1997-10-02,6.897031460674158
1997-10-03,0.0632876404494382
1997-10-04,0.03712359550561798
1997-10-05,0
1997-10-06,0
1997-10-07,0.053831460674157304
1997-10-08,5.603977528089888
1997-10-09,42.18067191011236
1997-10-10,2.333838202247191
1997-10-11,0.08851685393258427
1997-10-12,0
1997-10-13,0
1997-10-14,0
1997-10-15,0
1997-10-16,0
1997-10-17,0
1997-10-18,0
1997-10-19,0
1997-10-20,0
1997-10-21,0
1997-10-22,0
1997-10-23,0
1997-10-24,0
1997-10-25,0
1997-10-26,0
1997-10-27,0
1997-10-28,0
1997-10-29,0.0946943820224719
1997-10-30,2.1466
1997-10-31,1.2512337078651685
1997-11-01,0.08158202247191011
1997-11-02,0
1997-11-03,0
1997-11-04,0
1997-11-05,0
1997-11-06,0.07055505617977528
1997-11-07,3.8006494382022473
1997-11-08,0
1997-11-09,0.6553573033707866
1997-11-10,14.074923595505618
1997-11-11,3.962476404494382
1997-11-12,2.1337303370786516
1997-11-13,19.46165842696629
1997-11-14,17.366159550561797
1997-11-15,19.697615730337077
1997-11-16,37.33647415730337
1997-11-17,14.18036404494382
1997-11-18,1.2254359550561797
1997-11-19,24.330204494382023
1997-11-20,2.1248426966292135
1997-11-21,1.0819460674157304
1997-11-22,3.70785393258427
1997-11-23,10.57121797752809
1997-11-24,11.469656179775281
1997-11-25,22.051152808988764
1997-11-26,34.996957303370785
1997-11-27,19.793993258426966
1997-11-28,0.3588539325842697
1997-11-29,0.9886674157303371
1997-11-30,27.60147415730337
1997-12-01,0.38933932584269665
1997-12-02,0
1997-12-03,0.5450808988764045
1997-12-04,12.784168539325842
1997-12-05,10.468757303370786
1997-12-06,5.310757303370787
1997-12-07,18.32553033707865
1997-12-08,19.394719101123595
1997-12-09,3.635305617977528
1997-12-10,0
1997-12-11,0.005384269662921349
1997-12-12,0
1997-12-13,1.076829213483146
1997-12-14,24.753847191011236
1997-12-15,10.526849438202246
1997-12-16,1.9358606741573035
1997-12-17,6.3961303370786515
1997-12-18,1.5541887640449439
1997-12-19,0.06889662921348315
1997-12-20,0.19336404494382023
1997-12-21,0.3464876404494382
1997-12-22,0
1997-12-23,0
1997-12-24,0.0016719101123595507
1997-12-25,0
1997-12-26,0
1997-12-27,0
1997-12-28,0
1997-12-29,0
1997-12-30,0
1997-12-31,0
1998-01-01,0.5180067415730337
1998-01-02,24.31205617977528
1998-01-03,20.03425393258427
1998-01-04,29.512523595505616
1998-01-05,6.766550561797753
1998-01-06,1.5219168539325842
1998-01-07,16.446642696629212
1998-01-08,0.04862696629213483
1998-01-09,2.5237213483146066
1998-01-10,19.216119101123596
1998-01-11,20.46123595505618
1998-01-12,59.27240449438202
1998-01-13,19.432613483146067
1998-01-14,18.078719101123596
1998-01-15,41.4869797752809
1998-01-16,6.976615730337079
1998-01-17,20.19353258426966
1998-01-18,24.286986516853933
1998-01-19,41.84041573033708
1998-01-20,3.4676606741573033
1998-01-21,1.2225662921348315
1998-01-22,0.1201056179775281
1998-01-23,0.6151438202247191
1998-01-24,10.316732584269664
1998-01-25,2.805532584269663
1998-01-26,32.518519101123594
1998-01-27,29.83643595505618
1998-01-28,3.2436606741573035
1998-01-29,28.513716853932586
1998-01-30,4.898532584269663
1998-01-31,6.657258426966292
1998-02-01,24.768815730337078
1998-02-02,23.208755056179776
1998-02-03,73.61227640449438
1998-02-04,15.214130337078652
1998-02-05,34.98378202247191
1998-02-06,70.56473258426966
1998-02-07,43.25879101123596
1998-02-08,35.66831011235955
1998-02-09,5.917415730337079
1998-02-10,5.0658943820224716
1998-02-11,13.90865393258427
1998-02-12,12.074184269662922
1998-02-13,16.111948314606742
1998-02-14,22.78407191011236
1998-02-15,9.511847191011237
1998-02-16,6.1317460674157305
1998-02-17,33.6615797752809
1998-02-18,6.792173033707865
1998-02-19,52.57717528089888
1998-02-20,43.56954157303371
1998-02-21,44.26870786516854
1998-02-22,21.289955056179775
1998-02-23,14.482737078651686
1998-02-24,11.197532584269663
1998-02-25,0
1998-02-26,1.0195573033707865
1998-02-27,1.362961797752809
1998-02-28,0.5763370786516854
1998-03-01,0
1998-03-02,0.21870337078651686
1998-03-03,2.2340561797752807
1998-03-04,0
1998-03-05,0.7829955056179775
1998-03-06,5.681215730337079
1998-03-07,1.039267415730337
1998-03-08,5.943912359550562
1998-03-09,0.05243370786516854
1998-03-10,0
1998-03-11,0.06812359550561797
1998-03-12,6.841521348314607
1998-03-13,26.30481797752809
1998-03-14,0.315991011235955
1998-03-15,0
1998-03-16,5.8426966292134835e-5
1998-03-17,0
1998-03-18,0
1998-03-19,0
1998-03-20,0
1998-03-21,1.0093640449438201
1998-03-22,27.016501123595507
1998-03-23,16.004496629213484
1998-03-24,23.85140224719101
1998-03-25,13.113148314606741
1998-03-26,1.0331932584269663
1998-03-27,2.0812404494382024
1998-03-28,2.5895685393258425
1998-03-29,8.561797752808989e-4
1998-03-30,0.36958651685393257
1998-03-31,15.671719101123596
1998-04-01,8.409847191011236
1998-04-02,2.1722719101123595
1998-04-03,10.722004494382022
1998-04-04,7.8089438202247194
1998-04-05,0.5552426966292134
1998-04-06,0.814038202247191
1998-04-07,2.6586314606741572
1998-04-08,0.5090943820224719
1998-04-09,11.231894382022471
1998-04-10,7.092137078651685
1998-04-11,0.889991011235955
1998-04-12,0.9452494382022472
1998-04-13,17.188671910112358
1998-04-14,0.7389595505617977
1998-04-15,1.9995280898876404
1998-04-16,0.061732584269662924
1998-04-17,0
1998-04-18,0
1998-04-19,0
1998-04-20,0
1998-04-21,0
1998-04-22,0.2240629213483146
1998-04-23,9.819094382022472
1998-04-24,6.2598179775280895
1998-04-25,0
1998-04-26,0
1998-04-27,0
1998-04-28,0
1998-04-29,0
1998-04-30,1.1362561797752808
1998-05-01,5.301991011235955
1998-05-02,13.798323595505618
1998-05-03,3.576921348314607
1998-05-04,1.1086831460674158
1998-05-05,2.6826426966292134
1998-05-06,4.042559550561798
1998-05-07,0.697391011235955
1998-05-08,0
1998-05-09,0
1998-05-10,0.40931685393258427
1998-05-11,0.5675820224719101
1998-05-12,12.807865168539326
1998-05-13,6.119973033707865
1998-05-14,0.010957303370786516
1998-05-15,0.02843370786516854
1998-05-16,0.09548764044943821
1998-05-17,0.4808
1998-05-18,0
1998-05-19,0
1998-05-20,0.00437752808988764
1998-05-21,0.019148314606741573
1998-05-22,0
1998-05-23,0
1998-05-24,0.009710112359550561
1998-05-25,1.8733303370786516
1998-05-26,0.25011685393258426
1998-05-27,5.938426966292135
1998-05-28,36.4045595505618
1998-05-29,48.4539797752809
1998-05-30,14.526316853932585
1998-05-31,0
1998-06-01,0.02602247191011236
1998-06-02,0.03628314606741573
1998-06-03,0.07570561797752809
1998-06-04,0.09982696629213483
1998-06-05,0
1998-06-06,0
1998-06-07,0.411276404494382
1998-06-08,0
1998-06-09,0
1998-06-10,0.06051011235955056
1998-06-11,0.11335730337078652
1998-06-12,0.988876404494382
1998-06-13,0.45932584269662924
1998-06-14,0
1998-06-15,0.01122247191011236
1998-06-16,0
1998-06-17,0
1998-06-18,0
1998-06-19,0
1998-06-20,0
1998-06-21,1.7977528089887642e-4
1998-06-22,0
1998-06-23,0
1998-06-24,0
1998-06-25,0
1998-06-26,0
1998-06-27,0
1998-06-28,0
1998-06-29,0
1998-06-30,0
1998-07-01,0
1998-07-02,0
1998-07-03,0
1998-07-04,0
1998-07-05,0
1998-07-06,0
1998-07-07,0
1998-07-08,0
1998-07-09,0
1998-07-10,0
1998-07-11,0
1998-07-12,0
1998-07-13,0
1998-07-14,0
1998-07-15,0
1998-07-16,0
1998-07-17,0
1998-07-18,0
1998-07-19,0
1998-07-20,0
1998-07-21,0
1998-07-22,0
1998-07-23,0
1998-07-24,0
1998-07-25,0
1998-07-26,0
1998-07-27,0
1998-07-28,0
1998-07-29,0
1998-07-30,0
1998-07-31,0
1998-08-01,0
1998-08-02,0
1998-08-03,0
1998-08-04,0
1998-08-05,0
1998-08-06,0
1998-08-07,0
1998-08-08,0
1998-08-09,0
1998-08-10,0
1998-08-11,0
1998-08-12,0
1998-08-13,0
1998-08-14,0
1998-08-15,0
1998-08-16,0
1998-08-17,0
1998-08-18,0
1998-08-19,0
1998-08-20,0
1998-08-21,0
1998-08-22,0
1998-08-23,0
1998-08-24,0
1998-08-25,0
1998-08-26,0
1998-08-27,0
1998-08-28,0
1998-08-29,0
1998-08-30,0
1998-08-31,0
1998-09-01,0
1998-09-02,0
1998-09-03,0
1998-09-04,0
1998-09-05,7.573033707865169e-4
1998-09-06,0.0010359550561797753
1998-09-07,0
1998-09-08,0
1998-09-09,0
1998-09-10,0
1998-09-11,0
1998-09-12,0
1998-09-13,0
1998-09-14,0
1998-09-15,0
1998-09-16,0
1998-09-17,0
1998-09-18,0
1998-09-19,0
1998-09-20,0
1998-09-21,0
1998-09-22,0
1998-09-23,0
1998-09-24,0
1998-09-25,0
1998-09-26,0
1998-09-27,0.1567303370786517
1998-09-28,2.520883146067416
1998-09-29,0.45517752808988765
1998-09-30,0.023647191011235955
1998-10-01,0.06387191011235954
1998-10-02,0.05160224719101124
1998-10-03,0.0057280898876404494
1998-10-04,0
1998-10-05,0
1998-10-06,0
1998-10-07,0
1998-10-08,1.1944831460674157
1998-10-09,0.0707056179775281
1998-10-10,0
1998-10-11,0
1998-10-12,0
1998-10-13,0.299761797752809
1998-10-14,0.03608089887640449
1998-10-15,0
1998-10-16,0
1998-10-17,0
1998-10-18,0
1998-10-19,0
1998-10-20,0
1998-10-21,0.25455955056179774
1998-10-22,0
1998-10-23,0.8501977528089888
1998-10-24,29.15350561797753
1998-10-25,4.828195505617978
1998-10-26,0
1998-10-27,0
1998-10-28,0.0035258426966292135
1998-10-29,0
1998-10-30,0.004417977528089888
1998-10-31,0.26031460674157303
1998-11-01,4.8419033707865164
1998-11-02,0.02244494382022472
1998-11-03,0.9038786516853933
1998-11-04,0.7070134831460674
1998-11-05,0.13462022471910112
1998-11-06,5.391420224719101
1998-11-07,32.233950561797755
1998-11-08,9.418793258426966
1998-11-09,3.1553977528089887
1998-11-10,1.7112337078651685
1998-11-11,4.779651685393258
1998-11-12,0.0024898876404494384
1998-11-13,0.02451011235955056
1998-11-14,0.04976629213483146
1998-11-15,2.2810247191011235
1998-11-16,2.5315370786516853
1998-11-17,12.158615730337079
1998-11-18,1.6050426966292135
1998-11-19,0
1998-11-20,0.022791011235955057
1998-11-21,3.2435101123595507
1998-11-22,13.066370786516854
1998-11-23,37.58545842696629
1998-11-24,32.592555056179776
1998-11-25,0.24843370786516852
1998-11-26,4.254177528089888
1998-11-27,6.783611235955056
1998-11-28,1.8710449438202248
1998-11-29,28.839339325842698
1998-11-30,32.31188539325843
1998-12-01,14.986593258426966
1998-12-02,8.162051685393259
1998-12-03,21.721087640449436
1998-12-04,0.7752067415730337
1998-12-05,0.06858426966292135
1998-12-06,11.619683146067416
1998-12-07,0.010779775280898877
1998-12-08,7.581775280898876
1998-12-09,0
1998-12-10,0.029447191011235954
1998-12-11,0
1998-12-12,0
1998-12-13,0.19160449438202248
1998-12-14,9.463584269662922
1998-12-15,0
1998-12-16,0.02651685393258427
1998-12-17,0
1998-12-18,0
1998-12-19,0
1998-12-20,1.8713595505617977
1998-12-21,0.016617977528089887
1998-12-22,0.03905393258426967
1998-12-23,0.020759550561797752
1998-12-24,0
1998-12-25,0
1998-12-26,0
1998-12-27,0.009912359550561798
1998-12-28,0.026530337078651687
1998-12-29,1.865168539325843e-4
1998-12-30,0
1998-12-31,0.7391101123595506
1999-01-01,0.0698808988764045
1999-01-02,0
1999-01-03,0
1999-01-04,0
1999-01-05,0
1999-01-06,0
1999-01-07,0
1999-01-08,0
1999-01-09,0
1999-01-10,0
1999-01-11,0
1999-01-12,0
1999-01-13,0.0044943820224719105
1999-01-14,0.005285393258426967
1999-01-15,4.749588764044944
1999-01-16,12.089267415730337
1999-01-17,8.170620224719102
1999-01-18,28.32334157303371
1999-01-19,4.777712359550562
1999-01-20,30.112116853932584
1999-01-21,17.403656179775282
1999-01-22,2.121694382022472
1999-01-23,31.83889438202247
1999-01-24,1.2185213483146067
1999-01-25,0.12327865168539326
1999-01-26,2.7058247191011238
1999-01-27,1.121456179775281
1999-01-28,0
1999-01-29,0
1999-01-30,0.03333932584269663
1999-01-31,14.14383820224719
1999-02-01,9.655995505617977
1999-02-02,5.640449438202248e-4
1999-02-03,0.03589887640449438
1999-02-04,4.404494382022472e-4
1999-02-05,0.0016359550561797754
1999-02-06,10.16009213483146
1999-02-07,99.90683370786518
1999-02-08,14.623107865168539
1999-02-09,60.88598426966292
1999-02-10,2.798665168539326
1999-02-11,0.41698426966292135
1999-02-12,0
1999-02-13,0.02706067415730337
1999-02-14,7.425177528089888
1999-02-15,0.0485370786516854
1999-02-16,19.51572808988764
1999-02-17,56.39218651685393
1999-02-18,2.313494382022472
1999-02-19,16.886651685393257
1999-02-20,0.7527617977528089
1999-02-21,28.57074382022472
1999-02-22,6.118921348314607
1999-02-23,1.8761685393258427
1999-02-24,1.3066224719101123
1999-02-25,33.101056179775284
1999-02-26,3.5156898876404497
1999-02-27,0.7616112359550562
1999-02-28,10.515862921348315
1999-03-01,15.294494382022473
1999-03-02,0
1999-03-03,12.471193258426966
1999-03-04,0.15755955056179777
1999-03-05,6.898876404494382e-4
1999-03-06,0
1999-03-07,0.22400449438202247
1999-03-08,3.2412224719101124
1999-03-09,38.78824269662921
1999-03-10,1.1140426966292134
1999-03-11,0
1999-03-12,0
1999-03-13,0.009600000000000001
1999-03-14,7.540795505617978
1999-03-15,12.562505617977529
1999-03-16,0.03354831460674157
1999-03-17,0
1999-03-18,0.015734831460674156
1999-03-19,0.00990561797752809
1999-03-20,5.693269662921348
1999-03-21,1.095923595505618
1999-03-22,1.8553348314606741
1999-03-23,12.302516853932584
1999-03-24,10.861485393258427
1999-03-25,52.2231797752809
1999-03-26,0.13521123595505619
1999-03-27,0
1999-03-28,0
1999-03-29,0.01720449438202247
1999-03-30,0.8879662921348315
1999-03-31,12.824355056179776
1999-04-01,0.516029213483146
1999-04-02,0
1999-04-03,0.005692134831460674
1999-04-04,0
1999-04-05,3.677885393258427
1999-04-06,11.895750561797753
1999-04-07,9.955056179775281e-4
1999-04-08,12.86616179775281
1999-04-09,4.647593258426967
1999-04-10,0.007869662921348315
1999-04-11,31.39486741573034
1999-04-12,3.4357415730337078
1999-04-13,0
1999-04-14,0
1999-04-15,0
1999-04-16,0
1999-04-17,0
1999-04-18,0
1999-04-19,0
1999-04-20,0
1999-04-21,0
1999-04-22,0
1999-04-23,0
1999-04-24,0
1999-04-25,0.052764044943820226
1999-04-26,0
1999-04-27,0
1999-04-28,0
1999-04-29,0
1999-04-30,0
1999-05-01,0
1999-05-02,0.24560674157303372
1999-05-03,4.058480898876405
1999-05-04,0.5739573033707865
1999-05-05,0
1999-05-06,0
1999-05-07,0
1999-05-08,0
1999-05-09,0
1999-05-10,0
1999-05-11,0
1999-05-12,0
1999-05-13,0
1999-05-14,0
1999-05-15,0.015530337078651686
1999-05-16,0
1999-05-17,0
1999-05-18,0
1999-05-19,0
1999-05-20,0
1999-05-21,0
1999-05-22,0
1999-05-23,0
1999-05-24,0
1999-05-25,0
1999-05-26,0
1999-05-27,0.011269662921348315
1999-05-28,0
1999-05-29,0.9847842696629213
1999-05-30,0.2889662921348315
1999-05-31,0
1999-06-01,0
1999-06-02,0.30151685393258426
1999-06-03,2.6295955056179774
1999-06-04,0.012887640449438202
1999-06-05,0
1999-06-06,0
1999-06-07,0
1999-06-08,0
1999-06-09,0
1999-06-10,0
1999-06-11,0
1999-06-12,0
1999-06-13,0
1999-06-14,0
1999-06-15,0
1999-06-16,0
1999-06-17,0
1999-06-18,0
1999-06-19,0
1999-06-20,0
1999-06-21,0
1999-06-22,0
1999-06-23,0
1999-06-24,0
1999-06-25,0
1999-06-26,0
1999-06-27,0
1999-06-28,0
1999-06-29,0
1999-06-30,0
1999-07-01,0
1999-07-02,0
1999-07-03,0
1999-07-04,0
1999-07-05,0
1999-07-06,0
1999-07-07,0
1999-07-08,0
1999-07-09,0
1999-07-10,0
1999-07-11,0
1999-07-12,0
1999-07-13,0
1999-07-14,0
1999-07-15,0
1999-07-16,0
1999-07-17,0
1999-07-18,0
1999-07-19,0
1999-07-20,0
1999-07-21,0
1999-07-22,0
1999-07-23,0
1999-07-24,0
1999-07-25,0
1999-07-26,0
1999-07-27,0
1999-07-28,0
1999-07-29,0
1999-07-30,0
1999-07-31,0
1999-08-01,0
1999-08-02,0
1999-08-03,0
1999-08-04,0
1999-08-05,0
1999-08-06,0
1999-08-07,0.7345393258426967
1999-08-08,0
1999-08-09,0
1999-08-10,0
1999-08-11,0
1999-08-12,0
1999-08-13,0
1999-08-14,0
1999-08-15,0
1999-08-16,0
1999-08-17,0
1999-08-18,0
1999-08-19,0
1999-08-20,0
1999-08-21,0
1999-08-22,0
1999-08-23,0
1999-08-24,0
1999-08-25,0
1999-08-26,0
1999-08-27,0
1999-08-28,0
1999-08-29,0
1999-08-30,0
1999-08-31,0
1999-09-01,0
1999-09-02,0
1999-09-03,0
1999-09-04,0
1999-09-05,0
1999-09-06,0
1999-09-07,0
1999-09-08,0
1999-09-09,0.12414831460674157
1999-09-10,0.003101123595505618
1999-09-11,0
1999-09-12,0
1999-09-13,0
1999-09-14,0
1999-09-15,0
1999-09-16,0
1999-09-17,0
1999-09-18,0
1999-09-19,0.19719101123595506
1999-09-20,0
1999-09-21,0
1999-09-22,1.3458741573033708
1999-09-23,0.05278202247191011
1999-09-24,0
1999-09-25,0
1999-09-26,0
1999-09-27,0
1999-09-28,0
1999-09-29,0
1999-09-30,0
1999-10-01,0
1999-10-02,0
1999-10-03,0
1999-10-04,0
1999-10-05,0
1999-10-06,1.5099595505617978
1999-10-07,0
1999-10-08,0
1999-10-09,0
1999-10-10,0
1999-10-11,0
1999-10-12,0
1999-10-13,0
1999-10-14,0.0024359550561797753
1999-10-15,0
1999-10-16,0
1999-10-17,0
1999-10-18,0
1999-10-19,0
1999-10-20,0
1999-10-21,0
1999-10-22,0
1999-10-23,0
1999-10-24,0
1999-10-25,0
1999-10-26,0
1999-10-27,0.12015730337078652
1999-10-28,35.98734606741573
1999-10-29,0.14442921348314605
1999-10-30,0
1999-10-31,0
1999-11-01,0
1999-11-02,0
1999-11-03,0.005035955056179775
1999-11-04,0
1999-11-05,0
1999-11-06,0
1999-11-07,0.5673640449438202
1999-11-08,40.132444943820225
1999-11-09,0.12629213483146068
1999-11-10,12.786094382022473
1999-11-11,20.53789213483146
1999-11-12,0.0351123595505618
1999-11-13,0.00636629213483146
1999-11-14,0
1999-11-15,13.156948314606742
1999-11-16,5.6084719101123595
1999-11-17,16.29400224719101
1999-11-18,0.07607415730337079
1999-11-19,19.698391011235955
1999-11-20,15.178716853932585
1999-11-21,1.380408988764045
1999-11-22,0
1999-11-23,0.08349887640449438
1999-11-24,0
1999-11-25,0
1999-11-26,0
1999-11-27,0.21542247191011235
1999-11-28,0.0021303370786516854
1999-11-29,0.13830112359550562
1999-11-30,25.659211235955055
1999-12-01,14.57323595505618
1999-12-02,3.3724651685393257
1999-12-03,0.49203595505617975
1999-12-04,0
1999-12-05,0.010532584269662922
1999-12-06,0.008139325842696629
1999-12-07,1.8314269662921348
1999-12-08,0.20645168539325842
1999-12-09,14.891831460674158
1999-12-10,3.9246696629213482
1999-12-11,0
1999-12-12,0
1999-12-13,1.4705662921348315
1999-12-14,0
1999-12-15,0
1999-12-16,0.059292134831460674
1999-12-17,0
1999-12-18,0.022220224719101123
1999-12-19,0
1999-12-20,0
1999-12-21,0
1999-12-22,0
1999-12-23,0
1999-12-24,0
1999-12-25,0
1999-12-26,0
1999-12-27,0
1999-12-28,0
1999-12-29,0
1999-12-30,0
1999-12-31,0
2000-01-01,0.058997752808988765
2000-01-02,0.4425932584269663
2000-01-03,0.023435955056179777
2000-01-04,1.7499685393258426
2000-01-05,1.4603595505617977
2000-01-06,0
2000-01-07,0
2000-01-08,0.001651685393258427
2000-01-09,0
2000-01-10,0.07027191011235956
2000-01-11,25.648880898876403
2000-01-12,11.592155056179775
2000-01-13,1.5436494382022472
2000-01-14,7.157939325842697
2000-01-15,8.166058426966293
2000-01-16,23.261408988764046
2000-01-17,1.977932584269663
2000-01-18,20.94009213483146
2000-01-19,14.05880224719101
2000-01-20,12.566076404494382
2000-01-21,2.051656179775281
2000-01-22,7.091242696629213
2000-01-23,13.270768539325843
2000-01-24,28.889768539325843
2000-01-25,10.271979775280899
2000-01-26,2.117296629213483
2000-01-27,0
2000-01-28,0
2000-01-29,0
2000-01-30,26.236424719101123
2000-01-31,18.062514606741573
2000-02-01,7.484447191011236
2000-02-02,1.6302921348314607
2000-02-03,0.014276404494382023
2000-02-04,6.849687640449438
2000-02-05,25.17394606741573
2000-02-06,12.782065168539326
2000-02-07,0
2000-02-08,0.022013483146067415
2000-02-09,0.34096629213483143
2000-02-10,11.631741573033707
2000-02-11,7.427775280898876
2000-02-12,39.985411235955056
2000-02-13,37.052773033707865
2000-02-14,53.38811910112359
2000-02-15,15.013294382022472
2000-02-16,0.961591011235955
2000-02-17,2.120703370786517
2000-02-18,0
2000-02-19,0.058617977528089886
2000-02-20,1.8457797752808989
2000-02-21,22.06419775280899
2000-02-22,1.8523123595505617
2000-02-23,33.941991011235956
2000-02-24,13.874937078651685
2000-02-25,3.6343303370786515
2000-02-26,14.505211235955056
2000-02-27,53.17469438202247
2000-02-28,10.950925842696629
2000-02-29,21.150058426966293
2000-03-01,4.703566292134831
2000-03-02,6.9429123595505615
2000-03-03,4.108305617977528
2000-03-04,0
2000-03-05,16.502487640449438
2000-03-06,3.3006
2000-03-07,0
2000-03-08,14.598685393258426
2000-03-09,31.398260674157303
2000-03-10,2.2553033707865167
2000-03-11,4.311959550561798
2000-03-12,0
2000-03-13,0
2000-03-14,0.007480898876404495
2000-03-15,0
2000-03-16,0
2000-03-17,0
2000-03-18,0
2000-03-19,0
2000-03-20,0
2000-03-21,0
2000-03-22,0
2000-03-23,0.0032359550561797752
2000-03-24,0
2000-03-25,0
2000-03-26,0
2000-03-27,0
2000-03-28,0
2000-03-29,0
2000-03-30,0
2000-03-31,0
2000-04-01,0
2000-04-02,0
2000-04-03,0
2000-04-04,0
2000-04-05,0
2000-04-06,0
2000-04-07,0
2000-04-08,0
2000-04-09,0
2000-04-10,0
2000-04-11,0
2000-04-12,0.7293910112359551
2000-04-13,10.35971011235955
2000-04-14,3.621337078651685
2000-04-15,1.5335191011235956
2000-04-16,3.3294584269662924
2000-04-17,59.09020898876405
2000-04-18,2.881993258426966
2000-04-19,0
2000-04-20,0
2000-04-21,0
2000-04-22,0.05093033707865168
2000-04-23,0
2000-04-24,0
2000-04-25,0
2000-04-26,0
2000-04-27,0.0033640449438202247
2000-04-28,0.21557752808988764
2000-04-29,0
2000-04-30,0
2000-05-01,0
2000-05-02,0.598076404494382
2000-05-03,0.06353258426966292
2000-05-04,0
2000-05-05,0
2000-05-06,0
2000-05-07,8.740024719101124
2000-05-08,12.981069662921348
2000-05-09,0.11138426966292135
2000-05-10,0.2847303370786517
2000-05-11,1.3991370786516855
2000-05-12,0
2000-05-13,0
2000-05-14,0.16953932584269663
2000-05-15,19.13743595505618
2000-05-16,5.369620224719101
2000-05-17,0
2000-05-18,0
2000-05-19,0
2000-05-20,0
2000-05-21,0
2000-05-22,0
2000-05-23,0
2000-05-24,0
2000-05-25,0
2000-05-26,0
2000-05-27,0
2000-05-28,0
2000-05-29,0
2000-05-30,0
2000-05-31,0
2000-06-01,0
2000-06-02,0
2000-06-03,0
2000-06-04,0
2000-06-05,0
2000-06-06,0
2000-06-07,0
2000-06-08,9.582591011235955
2000-06-09,1.2797550561797753
2000-06-10,0
2000-06-11,0
2000-06-12,0
2000-06-13,0
2000-06-14,0
2000-06-15,0
2000-06-16,0
2000-06-17,0
2000-06-18,0.031056179775280898
2000-06-19,0
2000-06-20,0
2000-06-21,0
2000-06-22,0
2000-06-23,0
2000-06-24,0
2000-06-25,0
2000-06-26,0
2000-06-27,0.04945393258426966
2000-06-28,0
2000-06-29,0
2000-06-30,0
2000-07-01,0
2000-07-02,0
2000-07-03,0
2000-07-04,0
2000-07-05,0
2000-07-06,0
2000-07-07,0
2000-07-08,0
2000-07-09,0
2000-07-10,0
2000-07-11,0
2000-07-12,0
2000-07-13,0
2000-07-14,0
2000-07-15,0
2000-07-16,0
2000-07-17,0
2000-07-18,0
2000-07-19,0
2000-07-20,0
2000-07-21,0
2000-07-22,0
2000-07-23,0
2000-07-24,0
2000-07-25,0
2000-07-26,0
2000-07-27,0
2000-07-28,0
2000-07-29,0
2000-07-30,0
2000-07-31,0
2000-08-01,0
2000-08-02,0
2000-08-03,0
2000-08-04,0.003
2000-08-05,0
2000-08-06,0
2000-08-07,0
2000-08-08,0
2000-08-09,0
2000-08-10,0
2000-08-11,0
2000-08-12,0
2000-08-13,0
2000-08-14,0
2000-08-15,0
2000-08-16,0
2000-08-17,0
2000-08-18,0
2000-08-19,0
2000-08-20,0
2000-08-21,0
2000-08-22,0
2000-08-23,0
2000-08-24,0
2000-08-25,0
2000-08-26,0
2000-08-27,0
2000-08-28,0
2000-08-29,0
2000-08-30,0.032213483146067416
2000-08-31,0
2000-09-01,1.046132584269663
2000-09-02,6.095921348314607
2000-09-03,0.16983595505617977
2000-09-04,0
2000-09-05,0
2000-09-06,0
2000-09-07,0
2000-09-08,0
2000-09-09,0
2000-09-10,0
2000-09-11,0
2000-09-12,0
2000-09-13,0
2000-09-14,0.005098876404494382
2000-09-15,0
2000-09-16,0
2000-09-17,0
2000-09-18,0
2000-09-19,0
2000-09-20,0
2000-09-21,0.15222696629213484
2000-09-22,0.792761797752809
2000-09-23,0.10444044943820224
2000-09-24,0
2000-09-25,0
2000-09-26,0
2000-09-27,0
2000-09-28,0
2000-09-29,0
2000-09-30,0
2000-10-01,0
2000-10-02,0
2000-10-03,0
2000-10-04,0
2000-10-05,0
2000-10-06,0
2000-10-07,0
2000-10-08,0
2000-10-09,0.6023483146067415
2000-10-10,5.041265168539326
2000-10-11,4.666752808988764
2000-10-12,0.17201573033707865
2000-10-13,0
2000-10-14,0
2000-10-15,0
2000-10-16,0
2000-10-17,0
2000-10-18,0
2000-10-19,0
2000-10-20,0.09042921348314607
2000-10-21,0.9253662921348315
2000-10-22,0
2000-10-23,0
2000-10-24,0
2000-10-25,4.1889505617977525
2000-10-26,22.766905617977528
2000-10-27,4.824426966292135
2000-10-28,8.085608988764045
2000-10-29,31.88563595505618
2000-10-30,18.62260224719101
2000-10-31,3.3851842696629215
2000-11-01,0
2000-11-02,0
2000-11-03,0
2000-11-04,0
2000-11-05,0
2000-11-06,0
2000-11-07,0
2000-11-08,0.1854629213483146
2000-11-09,0.023004494382022473
2000-11-10,0.009492134831460674
2000-11-11,0.019453932584269664
2000-11-12,0
2000-11-13,9.662921348314607e-4
2000-11-14,9.189458426966292
2000-11-15,0.09543595505617977
2000-11-16,5.516267415730337
2000-11-17,0
2000-11-18,0
2000-11-19,0
2000-11-20,0
2000-11-21,1.542752808988764
2000-11-22,4.980492134831461
2000-11-23,0
2000-11-24,2.6022044943820224
2000-11-25,0
2000-11-26,0
2000-11-27,0
2000-11-28,1.3835191011235954
2000-11-29,18.706667415730337
2000-11-30,4.6550988764044945
2000-12-01,0
2000-12-02,4.0898876404494384e-4
2000-12-03,0
2000-12-04,0
2000-12-05,0
2000-12-06,0
2000-12-07,0.07447865168539326
2000-12-08,0.02412808988764045
2000-12-09,0.10196629213483147
2000-12-10,0.366714606741573
2000-12-11,0
2000-12-12,10.331112359550561
2000-12-13,2.092105617977528
2000-12-14,14.345696629213483
2000-12-15,7.0154719101123595
2000-12-16,0
2000-12-17,0
2000-12-18,0
2000-12-19,0
2000-12-20,0
2000-12-21,0.014002247191011235
2000-12-22,5.366357303370786
2000-12-23,0.899991011235955
2000-12-24,0.7599505617977528
2000-12-25,0
2000-12-26,0
2000-12-27,0
2000-12-28,0
2000-12-29,0
2000-12-30,0
2000-12-31,0
2001-01-01,0
2001-01-02,0
2001-01-03,0
2001-01-04,0
2001-01-05,0
2001-01-06,0
2001-01-07,0
2001-01-08,16.5792
2001-01-09,5.541460674157303
2001-01-10,13.137058426966291
2001-01-11,34.72716404494382
2001-01-12,13.731570786516855
2001-01-13,0.09307640449438202
2001-01-14,0.24919101123595505
2001-01-15,0.028413483146067415
2001-01-16,0
2001-01-17,0
2001-01-18,0
2001-01-19,0
2001-01-20,0
2001-01-21,0
2001-01-22,0
2001-01-23,2.2666921348314606
2001-01-24,41.904471910112356
2001-01-25,4.896404494382023
2001-01-26,30.885008988764046
2001-01-27,11.236262921348315
2001-01-28,0
2001-01-29,4.182867415730337
2001-01-30,0.2951662921348315
2001-01-31,0
2001-02-01,0
2001-02-02,0
2001-02-03,0
2001-02-04,0
2001-02-05,0
2001-02-06,0.04830337078651686
2001-02-07,0
2001-02-08,5.8426966292134835e-5
2001-02-09,5.531573033707865
2001-02-10,24.00839775280899
2001-02-11,13.399910112359551
2001-02-12,21.385226966292134
2001-02-13,4.88038202247191
2001-02-14,0.25639775280898874
2001-02-15,0.08325168539325843
2001-02-16,0.968
2001-02-17,3.357132584269663
2001-02-18,23.779328089887642
2001-02-19,10.180191011235955
2001-02-20,34.861465168539326
2001-02-21,25.803631460674158
2001-02-22,22.40221797752809
2001-02-23,24.298339325842697
2001-02-24,10.001420224719102
2001-02-25,26.656878651685393
2001-02-26,3.6942314606741573
2001-02-27,0
2001-02-28,0
2001-03-01,0
2001-03-02,5.26907191011236
2001-03-03,3.3985977528089886
2001-03-04,19.171170786516853
2001-03-05,42.6161797752809
2001-03-06,1.0272067415730337
2001-03-07,0.023141573033707865
2001-03-08,0
2001-03-09,0
2001-03-10,0
2001-03-11,0
2001-03-12,0
2001-03-13,0
2001-03-14,0
2001-03-15,0
2001-03-16,0
2001-03-17,0.18968314606741574
2001-03-18,0
2001-03-19,0
2001-03-20,0
2001-03-21,0
2001-03-22,0
2001-03-23,0
2001-03-24,0
2001-03-25,14.452510112359551
2001-03-26,0
2001-03-27,1.752808988764045e-4
2001-03-28,0.07872359550561799
2001-03-29,0.022462921348314607
2001-03-30,0
2001-03-31,0
2001-04-01,0
2001-04-02,0.03431460674157303
2001-04-03,0
2001-04-04,0
2001-04-05,0.3025573033707865
2001-04-06,3.9857887640449436
2001-04-07,5.8924988764044945
2001-04-08,0.7812516853932584
2001-04-09,4.637105617977528
2001-04-10,0
2001-04-11,0.17523146067415732
2001-04-12,0.046065168539325844
2001-04-13,0
2001-04-14,0
2001-04-15,0
2001-04-16,0
2001-04-17,4.242548314606742
2001-04-18,3.258426966292135e-4
2001-04-19,1.7531123595505618
2001-04-20,2.7574898876404492
2001-04-21,13.478044943820224
2001-04-22,0
2001-04-23,0
2001-04-24,0
2001-04-25,0
2001-04-26,0
2001-04-27,0
2001-04-28,0
2001-04-29,2.584269662921348e-4
2001-04-30,0
2001-05-01,0
2001-05-02,0
2001-05-03,0
2001-05-04,0
2001-05-05,0
2001-05-06,0
2001-05-07,0
2001-05-08,0
2001-05-09,0
2001-05-10,0
2001-05-11,0
2001-05-12,5.50561797752809e-4
2001-05-13,0
2001-05-14,0
2001-05-15,0
2001-05-16,0.07878202247191012
2001-05-17,0
2001-05-18,0
2001-05-19,0
2001-05-20,0
2001-05-21,0
2001-05-22,0
2001-05-23,0
2001-05-24,0
2001-05-25,0
2001-05-26,0
2001-05-27,0
2001-05-28,0
2001-05-29,0
2001-05-30,0
2001-05-31,0
2001-06-01,0
2001-06-02,0
2001-06-03,0
2001-06-04,0
2001-06-05,0
2001-06-06,0
2001-06-07,0
2001-06-08,0
2001-06-09,0
2001-06-10,0
2001-06-11,0
2001-06-12,0
2001-06-13,0
2001-06-14,0
2001-06-15,0
2001-06-16,0
2001-06-17,0
2001-06-18,0
2001-06-19,0
2001-06-20,0
2001-06-21,0
2001-06-22,0
2001-06-23,0
2001-06-24,0
2001-06-25,0
2001-06-26,0
2001-06-27,8.626714606741572
2001-06-28,10.76920224719101
2001-06-29,0
2001-06-30,0
2001-07-01,0
2001-07-02,0
2001-07-03,0
2001-07-04,0
2001-07-05,0
2001-07-06,0
2001-07-07,0
2001-07-08,0
2001-07-09,0
2001-07-10,0
2001-07-11,0
2001-07-12,0
2001-07-13,0
2001-07-14,0
2001-07-15,0
2001-07-16,0
2001-07-17,0
2001-07-18,0
2001-07-19,0
2001-07-20,0
2001-07-21,0
2001-07-22,0
2001-07-23,0
2001-07-24,0
2001-07-25,0
2001-07-26,0
2001-07-27,0
2001-07-28,0
2001-07-29,0
2001-07-30,0
2001-07-31,0
2001-08-01,0
2001-08-02,0
2001-08-03,0
2001-08-04,0
2001-08-05,0
2001-08-06,0
2001-08-07,0
2001-08-08,0
2001-08-09,0
2001-08-10,0
2001-08-11,0
2001-08-12,0
2001-08-13,0
2001-08-14,0
2001-08-15,0
2001-08-16,0
2001-08-17,0
2001-08-18,0
2001-08-19,0
2001-08-20,0
2001-08-21,0
2001-08-22,0
2001-08-23,0
2001-08-24,0
2001-08-25,0
2001-08-26,0
2001-08-27,0
2001-08-28,0
2001-08-29,0
2001-08-30,0.13774606741573034
2001-08-31,0
2001-09-01,0
2001-09-02,0
2001-09-03,0
2001-09-04,0
2001-09-05,0
2001-09-06,0
2001-09-07,0
2001-09-08,0
2001-09-09,0
2001-09-10,0
2001-09-11,0
2001-09-12,0
2001-09-13,0
2001-09-14,0
2001-09-15,0
2001-09-16,0
2001-09-17,0
2001-09-18,0
2001-09-19,0
2001-09-20,0
2001-09-21,0
2001-09-22,0
2001-09-23,0
2001-09-24,0
2001-09-25,4.929161797752809
2001-09-26,0.04982471910112359
2001-09-27,0
2001-09-28,0
2001-09-29,0
2001-09-30,0
2001-10-01,0
2001-10-02,0
2001-10-03,0
2001-10-04,0
2001-10-05,0
2001-10-06,0
2001-10-07,0
2001-10-08,0
2001-10-09,0
2001-10-10,0
2001-10-11,0
2001-10-12,0
2001-10-13,0
2001-10-14,0
2001-10-15,0
2001-10-16,0
2001-10-17,0
2001-10-18,0
2001-10-19,0
2001-10-20,0
2001-10-21,0
2001-10-22,0
2001-10-23,0
2001-10-24,0
2001-10-25,0
2001-10-26,0
2001-10-27,0
2001-10-28,0.07538426966292135
2001-10-29,0
2001-10-30,30.279085393258427
2001-10-31,14.825031460674158
2001-11-01,0.051721348314606744
2001-11-02,0
2001-11-03,0
2001-11-04,0
2001-11-05,0
2001-11-06,0
2001-11-07,0
2001-11-08,0
2001-11-09,0.037487640449438205
2001-11-10,0
2001-11-11,26.205824719101123
2001-11-12,42.25699325842697
2001-11-13,35.603467415730336
2001-11-14,13.323683146067415
2001-11-15,2.121065168539326
2001-11-16,0.8717730337078652
2001-11-17,11.188132584269663
2001-11-18,0.04248988764044944
2001-11-19,0.33746741573033706
2001-11-20,8.37583595505618
2001-11-21,7.522995505617978
2001-11-22,40.58009438202247
2001-11-23,1.1653483146067416
2001-11-24,24.16913258426966
2001-11-25,19.42581797752809
2001-11-26,0.07809662921348315
2001-11-27,0
2001-11-28,1.1593977528089887
2001-11-29,60.99950786516854
2001-11-30,2.4175011235955055
2001-12-01,39.196975280898876
2001-12-02,51.71694157303371
2001-12-03,20.10112584269663
2001-12-04,1.401667415730337
2001-12-05,10.359728089887641
2001-12-06,32.22595056179775
2001-12-07,0.1190247191011236
2001-12-08,0
2001-12-09,3.7173348314606742
2001-12-10,0.0276
2001-12-11,0
2001-12-12,0
2001-12-13,0
2001-12-14,41.004379775280896
2001-12-15,0.002761797752808989
2001-12-16,0.9055168539325843
2001-12-17,26.346804494382024
2001-12-18,2.1324898876404492
2001-12-19,4.4437213483146065
2001-12-20,15.753714606741573
2001-12-21,20.97475056179775
2001-12-22,17.873757303370787
2001-12-23,15.842080898876404
2001-12-24,0.06922921348314608
2001-12-25,2.745802247191011
2001-12-26,2.9351842696629213
2001-12-27,0.6547303370786517
2001-12-28,13.565703370786517
2001-12-29,27.443991011235955
2001-12-30,5.130543820224719
2001-12-31,28.238737078651685
2002-01-01,13.397134831460674
2002-01-02,71.6365595505618
2002-01-03,10.369244943820224
2002-01-04,0.025170786516853932
2002-01-05,4.435485393258427
2002-01-06,37.09209213483146
2002-01-07,3.9886561797752806
2002-01-08,0.9486606741573034
2002-01-09,0.47491460674157304
2002-01-10,0
2002-01-11,0
2002-01-12,0
2002-01-13,0
2002-01-14,0
2002-01-15,0
2002-01-16,0
2002-01-17,0
2002-01-18,0
2002-01-19,0
2002-01-20,0
2002-01-21,1.493543820224719
2002-01-22,4.677550561797752
2002-01-23,0.017159550561797753
2002-01-24,0
2002-01-25,0
2002-01-26,3.777808988764045
2002-01-27,6.758379775280899
2002-01-28,2.7351887640449437
2002-01-29,1.2391865168539327
2002-01-30,0.033132584269662924
2002-01-31,0
2002-02-01,1.3656134831460673
2002-02-02,0.4734112359550562
2002-02-03,0
2002-02-04,0
2002-02-05,0
2002-02-06,0
2002-02-07,2.896696629213483
2002-02-08,18.472770786516854
2002-02-09,0
2002-02-10,0
2002-02-11,0
2002-02-12,0
2002-02-13,9.01123595505618e-4
2002-02-14,0.06167865168539326
2002-02-15,0
2002-02-16,0.12078426966292134
2002-02-17,14.563739325842697
2002-02-18,0.032262921348314606
2002-02-19,15.104651685393259
2002-02-20,21.88587415730337
2002-02-21,2.0365011235955057
2002-02-22,0
2002-02-23,2.520247191011236
2002-02-24,2.010076404494382
2002-02-25,0.020157303370786517
2002-02-26,0
2002-02-27,0
2002-02-28,0
2002-03-01,0
2002-03-02,0
2002-03-03,0
2002-03-04,0
2002-03-05,0
2002-03-06,13.790824719101124
2002-03-07,17.071613483146066
2002-03-08,2.6852247191011234
2002-03-09,0
2002-03-10,19.38088988764045
2002-03-11,0.1545370786516854
2002-03-12,0
2002-03-13,2.4658876404494383
2002-03-14,2.1452719101123594
2002-03-15,0
2002-03-16,0.3253707865168539
2002-03-17,0.8685977528089888
2002-03-18,1.9363393258426966
2002-03-19,0
2002-03-20,0
2002-03-21,2.719101123595506e-4
2002-03-22,1.229332584269663
2002-03-23,29.174231460674157
2002-03-24,6.3638
2002-03-25,0
2002-03-26,0
2002-03-27,0
2002-03-28,0
2002-03-29,0
2002-03-30,0
2002-03-31,0
2002-04-01,0
2002-04-02,0
2002-04-03,0
2002-04-04,0
2002-04-05,0.289961797752809
2002-04-06,4.157303370786517e-4
2002-04-07,0
2002-04-08,0.07869662921348314
2002-04-09,1.5375775280898876
2002-04-10,2.041460674157303
2002-04-11,0.1404179775280899
2002-04-12,0
2002-04-13,0
2002-04-14,0
2002-04-15,0
2002-04-16,0
2002-04-17,8.56251011235955
2002-04-18,0.6690696629213483
2002-04-19,0.39087191011235956
2002-04-20,0
2002-04-21,0
2002-04-22,0
2002-04-23,0
2002-04-24,0
2002-04-25,0
2002-04-26,0
2002-04-27,0.07691685393258427
2002-04-28,0
2002-04-29,2.3437955056179773
2002-04-30,3.073505617977528
2002-05-01,1.6407640449438203
2002-05-02,0
2002-05-03,0
2002-05-04,0
2002-05-05,0
2002-05-06,0
2002-05-07,0
2002-05-08,0
2002-05-09,0
2002-05-10,0
2002-05-11,0
2002-05-12,0
2002-05-13,0
2002-05-14,0
2002-05-15,0
2002-05-16,0
2002-05-17,0
2002-05-18,0.038361797752808985
2002-05-19,0.10766966292134832
2002-05-20,8.695593258426966
2002-05-21,17.308923595505618
2002-05-22,1.8202247191011236e-4
2002-05-23,0
2002-05-24,0
2002-05-25,0
2002-05-26,0
2002-05-27,0
2002-05-28,0.04343820224719101
2002-05-29,0
2002-05-30,0
2002-05-31,0
2002-06-01,0
2002-06-02,0
2002-06-03,0
2002-06-04,0
2002-06-05,0
2002-06-06,0
2002-06-07,0
2002-06-08,0
2002-06-09,0
2002-06-10,0
2002-06-11,0
2002-06-12,0
2002-06-13,0
2002-06-14,0
2002-06-15,0
2002-06-16,0
2002-06-17,0
2002-06-18,0
2002-06-19,0
2002-06-20,0
2002-06-21,0
2002-06-22,0
2002-06-23,0
2002-06-24,0
2002-06-25,0
2002-06-26,0
2002-06-27,0
2002-06-28,0
2002-06-29,0
2002-06-30,0
2002-07-01,0
2002-07-02,0
2002-07-03,0
2002-07-04,0
2002-07-05,0
2002-07-06,0
2002-07-07,0
2002-07-08,0
2002-07-09,0
2002-07-10,0
2002-07-11,0
2002-07-12,0
2002-07-13,0
2002-07-14,0
2002-07-15,0
2002-07-16,0
2002-07-17,0
2002-07-18,0
2002-07-19,0
2002-07-20,0
2002-07-21,0
2002-07-22,0
2002-07-23,0
2002-07-24,0
2002-07-25,0
2002-07-26,0
2002-07-27,0
2002-07-28,0
2002-07-29,0
2002-07-30,0
2002-07-31,0
2002-08-01,0
2002-08-02,0
2002-08-03,0
2002-08-04,0
2002-08-05,0
2002-08-06,3.977528089887641e-4
2002-08-07,0
2002-08-08,0
2002-08-09,0
2002-08-10,0
2002-08-11,0
2002-08-12,0
2002-08-13,0
2002-08-14,0
2002-08-15,0
2002-08-16,0
2002-08-17,0
2002-08-18,0
2002-08-19,0
2002-08-20,0
2002-08-21,0
2002-08-22,0
2002-08-23,0
2002-08-24,0
2002-08-25,0
2002-08-26,0
2002-08-27,0
2002-08-28,0
2002-08-29,0
2002-08-30,0
2002-08-31,0
2002-09-01,0
2002-09-02,0
2002-09-03,0
2002-09-04,0
2002-09-05,0
2002-09-06,0
2002-09-07,0
2002-09-08,0
2002-09-09,0
2002-09-10,0
2002-09-11,0
2002-09-12,0
2002-09-13,0
2002-09-14,0
2002-09-15,0
2002-09-16,0
2002-09-17,0
2002-09-18,0
2002-09-19,0
2002-09-20,0
2002-09-21,0
2002-09-22,0
2002-09-23,0
2002-09-24,0
2002-09-25,0
2002-09-26,0
2002-09-27,0
2002-09-28,0
2002-09-29,0
2002-09-30,0
2002-10-01,0
2002-10-02,0
2002-10-03,0
2002-10-04,0
2002-10-05,0
2002-10-06,0
2002-10-07,0
2002-10-08,0
2002-10-09,0
2002-10-10,0
2002-10-11,0
2002-10-12,0
2002-10-13,0
2002-10-14,0
2002-10-15,0
2002-10-16,0
2002-10-17,0
2002-10-18,0
2002-10-19,0
2002-10-20,0
2002-10-21,0
2002-10-22,0.001701123595505618
2002-10-23,0
2002-10-24,0
2002-10-25,0.1349865168539326
2002-10-26,0
2002-10-27,0
2002-10-28,0
2002-10-29,0
2002-10-30,0.001701123595505618
2002-10-31,0
2002-11-01,0
2002-11-02,0
2002-11-03,0
2002-11-04,0
2002-11-05,0
2002-11-06,0.010728089887640449
2002-11-07,30.03174157303371
2002-11-08,56.393687640449436
2002-11-09,18.099851685393258
2002-11-10,15.089112359550562
2002-11-11,5.726797752808989
2002-11-12,0.6381370786516853
2002-11-13,5.801460674157303
2002-11-14,0
2002-11-15,0
2002-11-16,0.02786741573033708
2002-11-17,0.12613258426966292
2002-11-18,0
2002-11-19,0
2002-11-20,0
2002-11-21,0
2002-11-22,0
2002-11-23,0
2002-11-24,0.06942471910112359
2002-11-25,0
2002-11-26,0
2002-11-27,0
2002-11-28,0
2002-11-29,0
2002-11-30,0
2002-12-01,0
2002-12-02,0
2002-12-03,6.067415730337079e-5
2002-12-04,0.06330786516853933
2002-12-05,0.0302561797752809
2002-12-06,0.12537752808988764
2002-12-07,0.12141573033707866
2002-12-08,6.067415730337079e-5
2002-12-09,4.447865168539326
2002-12-10,11.570683146067415
2002-12-11,1.0813393258426967
2002-12-12,0.3232157303370786
2002-12-13,44.39323370786517
2002-12-14,131.2897393258427
2002-12-15,56.67792359550562
2002-12-16,78.48746741573034
2002-12-17,16.548901123595506
2002-12-18,3.7084831460674157
2002-12-19,7.982047191011236
2002-12-20,52.89400898876404
2002-12-21,36.872586516853936
2002-12-22,1.969476404494382
2002-12-23,0
2002-12-24,0.23815056179775282
2002-12-25,1.0729168539325842
2002-12-26,9.194103370786516
2002-12-27,23.178824719101122
2002-12-28,27.009658426966293
2002-12-29,33.22190561797753
2002-12-30,14.018128089887641
2002-12-31,44.24120674157303
2003-01-01,4.4865483146067415
2003-01-02,0.005716853932584269
2003-01-03,0.02228314606741573
2003-01-04,0.02250112359550562
2003-01-05,0.8080966292134831
2003-01-06,0
2003-01-07,0
2003-01-08,0
2003-01-09,1.3452741573033709
2003-01-10,20.71663820224719
2003-01-11,15.04381797752809
2003-01-12,6.096608988764045
2003-01-13,58.82371011235955
2003-01-14,10.428534831460674
2003-01-15,2.6184606741573035
2003-01-16,0
2003-01-17,0.02302247191011236
2003-01-18,0
2003-01-19,0
2003-01-20,0.014332584269662921
2003-01-21,6.629611235955056
2003-01-22,12.510224719101124
2003-01-23,28.020611235955055
2003-01-24,1.1897775280898877
2003-01-25,1.7153842696629213
2003-01-26,0
2003-01-27,0.10540000000000001
2003-01-28,0.05997303370786517
2003-01-29,0
2003-01-30,0.04187191011235955
2003-01-31,0
2003-02-01,0.23652808988764046
2003-02-02,0.04303595505617978
2003-02-03,0
2003-02-04,0.01737303370786517
2003-02-05,0
2003-02-06,0
2003-02-07,0
2003-02-08,0
2003-02-09,0
2003-02-10,0
2003-02-11,0.01487191011235955
2003-02-12,0.04521123595505618
2003-02-13,25.690683146067414
2003-02-14,4.1528337078651685
2003-02-15,0.23482247191011235
2003-02-16,32.79590786516854
2003-02-17,1.6492134831460674
2003-02-18,0.045874157303370786
2003-02-19,2.9471932584269664
2003-02-20,1.6196921348314606
2003-02-21,0
2003-02-22,0
2003-02-23,0
2003-02-24,0.00821123595505618
2003-02-25,0.47839101123595507
2003-02-26,0.05187865168539326
2003-02-27,1.178685393258427
2003-02-28,0
2003-03-01,0.10570112359550561
2003-03-02,0
2003-03-03,0.008876404494382022
2003-03-04,1.3829752808988764
2003-03-05,0
2003-03-06,0
2003-03-07,0
2003-03-08,0
2003-03-09,0.015098876404494381
2003-03-10,0.8857932584269663
2003-03-11,0.40101123595505617
2003-03-12,0.16174157303370787
2003-03-13,0.344523595505618
2003-03-14,34.34376853932584
2003-03-15,46.118894382022475
2003-03-16,9.72003595505618
2003-03-17,2.0036247191011234
2003-03-18,0
2003-03-19,0.03180674157303371
2003-03-20,8.22827191011236
2003-03-21,0.043997752808988766
2003-03-22,0.016074157303370785
2003-03-23,5.715676404494382
2003-03-24,0.04608314606741573
2003-03-25,0.01164494382022472
2003-03-26,5.736278651685393
2003-03-27,0.31700449438202244
2003-03-28,0
2003-03-29,0
2003-03-30,0
2003-03-31,0.3253820224719101
2003-04-01,0.0053730337078651685
2003-04-02,3.201062921348315
2003-04-03,4.983907865168539
2003-04-04,15.014887640449437
2003-04-05,2.1311370786516854
2003-04-06,0.04211011235955056
2003-04-07,0.5255438202247191
2003-04-08,0
2003-04-09,0
2003-04-10,0.0020157303370786517
2003-04-11,1.3612876404494383
2003-04-12,19.627487640449438
2003-04-13,37.75938876404494
2003-04-14,6.537867415730337
2003-04-15,0.5785213483146068
2003-04-16,5.582575280898876
2003-04-17,7.317901123595505
2003-04-18,0
2003-04-19,0.09495730337078652
2003-04-20,0
2003-04-21,0.2698202247191011
2003-04-22,4.867242696629213
2003-04-23,0.12585842696629213
2003-04-24,33.80485393258427
2003-04-25,11.116999999999999
2003-04-26,16.918860674157305
2003-04-27,1.9813415730337078
2003-04-28,22.468375280898876
2003-04-29,26.266591011235956
2003-04-30,11.430530337078652
2003-05-01,0.7184808988764045
2003-05-02,0.7910179775280899
2003-05-03,12.684076404494382
2003-05-04,3.5866988764044945
2003-05-05,0.9232898876404495
2003-05-06,0
2003-05-07,1.8338404494382023
2003-05-08,1.3555078651685393
2003-05-09,1.2116
2003-05-10,0
2003-05-11,0
2003-05-12,0
2003-05-13,0
2003-05-14,0
2003-05-15,0
2003-05-16,0
2003-05-17,0
2003-05-18,0
2003-05-19,0
2003-05-20,0
2003-05-21,0
2003-05-22,0
2003-05-23,0
2003-05-24,0
2003-05-25,0
2003-05-26,0
2003-05-27,0
2003-05-28,0
2003-05-29,0
2003-05-30,0.007206741573033708
2003-05-31,0
2003-06-01,0
2003-06-02,0
2003-06-03,0
2003-06-04,0
2003-06-05,0
2003-06-06,0
2003-06-07,0
2003-06-08,0
2003-06-09,0
2003-06-10,0
2003-06-11,0
2003-06-12,0
2003-06-13,0
2003-06-14,0
2003-06-15,0
2003-06-16,0
2003-06-17,0
2003-06-18,0
2003-06-19,0
2003-06-20,0
2003-06-21,0
2003-06-22,0
2003-06-23,0
2003-06-24,0
2003-06-25,0
2003-06-26,0
2003-06-27,0
2003-06-28,0
2003-06-29,0
2003-06-30,0
2003-07-01,0
2003-07-02,0
2003-07-03,0
2003-07-04,0
2003-07-05,0
2003-07-06,0
2003-07-07,0
2003-07-08,0
2003-07-09,0
2003-07-10,0
2003-07-11,0
2003-07-12,0
2003-07-13,2.404494382022472e-4
2003-07-14,0
2003-07-15,0
2003-07-16,0
2003-07-17,0
2003-07-18,0
2003-07-19,0
2003-07-20,0
2003-07-21,0
2003-07-22,0
2003-07-23,0
2003-07-24,0.0031011235955056182
2003-07-25,2.51685393258427e-4
2003-07-26,0.29288988764044943
2003-07-27,0
2003-07-28,0
2003-07-29,0
2003-07-30,0
2003-07-31,0
2003-08-01,0.7663955056179775
2003-08-02,0.1618
2003-08-03,4.539325842696629e-4
2003-08-04,0
2003-08-05,0
2003-08-06,0
2003-08-07,0
2003-08-08,0
2003-08-09,0
2003-08-10,0
2003-08-11,0
2003-08-12,0
2003-08-13,0
2003-08-14,0
2003-08-15,0
2003-08-16,0
2003-08-17,0
2003-08-18,0
2003-08-19,0
2003-08-20,0
2003-08-21,0
2003-08-22,0.19614831460674156
2003-08-23,0
2003-08-24,0
2003-08-25,0
2003-08-26,0
2003-08-27,0
2003-08-28,0
2003-08-29,0
2003-08-30,0
2003-08-31,0
2003-09-01,0
2003-09-02,0
2003-09-03,0.10190337078651686
2003-09-04,0.9759258426966292
2003-09-05,0
2003-09-06,0
2003-09-07,0.03715505617977528
2003-09-08,0
2003-09-09,0
2003-09-10,1.31721797752809
2003-09-11,0
2003-09-12,0
2003-09-13,0
2003-09-14,0
2003-09-15,0
2003-09-16,0
2003-09-17,0
2003-09-18,0
2003-09-19,0
2003-09-20,0
2003-09-21,0
2003-09-22,0
2003-09-23,0
2003-09-24,0
2003-09-25,0
2003-09-26,0
2003-09-27,0
2003-09-28,0
2003-09-29,0
2003-09-30,0
2003-10-01,0
2003-10-02,0
2003-10-03,0
2003-10-04,0
2003-10-05,0
2003-10-06,0
2003-10-07,0
2003-10-08,0
2003-10-09,0
2003-10-10,0
2003-10-11,0
2003-10-12,0
2003-10-13,0
2003-10-14,0
2003-10-15,0
2003-10-16,0
2003-10-17,0
2003-10-18,0
2003-10-19,0
2003-10-20,0
2003-10-21,0
2003-10-22,0
2003-10-23,0
2003-10-24,0
2003-10-25,0
2003-10-26,0
2003-10-27,0
2003-10-28,0
2003-10-29,0
2003-10-30,0.00557752808988764
2003-10-31,0.2732134831460674
2003-11-01,0.9953910112359551
2003-11-02,0.08214606741573034
2003-11-03,7.014808988764045
2003-11-04,0.004844943820224719
2003-11-05,1.4792449438202246
2003-11-06,1.5842
2003-11-07,4.842737078651686
2003-11-08,18.687337078651684
2003-11-09,43.812644943820224
2003-11-10,6.9594786516853935
2003-11-11,0
2003-11-12,0.014647191011235955
2003-11-13,0
2003-11-14,0.6319842696629213
2003-11-15,16.435557303370786
2003-11-16,1.1179775280898876
2003-11-17,2.8390179775280897
2003-11-18,0.01822247191011236
2003-11-19,8.269662921348315e-4
2003-11-20,0
2003-11-21,0
2003-11-22,0
2003-11-23,0
2003-11-24,0
2003-11-25,0
2003-11-26,0.35662696629213486
2003-11-27,0
2003-11-28,0.026307865168539325
2003-11-29,7.822062921348315
2003-11-30,11.792325842696629
2003-12-01,21.713602247191012
2003-12-02,30.540026966292135
2003-12-03,0.8922898876404495
2003-12-04,0.01822921348314607
2003-12-05,18.38071235955056
2003-12-06,11.816667415730336
2003-12-07,28.425860674157303
2003-12-08,0.8418966292134832
2003-12-09,0
2003-12-10,39.2381797752809
2003-12-11,14.699006741573033
2003-12-12,0.7912943820224719
2003-12-13,26.445815730337078
2003-12-14,37.43760224719101
2003-12-15,0
2003-12-16,0
2003-12-17,0.024759550561797752
2003-12-18,0
2003-12-19,0.11332584269662922
2003-12-20,20.528334831460676
2003-12-21,20.484213483146068
2003-12-22,0
2003-12-23,5.245460674157304
2003-12-24,57.6150202247191
2003-12-25,15.096624719101124
2003-12-26,8.337078651685393e-4
2003-12-27,0
2003-12-28,0.013224719101123597
2003-12-29,58.453175280898876
2003-12-30,44.34844269662921
2003-12-31,0.07118426966292135
2004-01-01,29.965388764044945
2004-01-02,26.631701123595505
2004-01-03,5.170238202247191
2004-01-04,0.08996179775280899
2004-01-05,0
2004-01-06,0
2004-01-07,8.13747191011236
2004-01-08,9.868791011235954
2004-01-09,8.894355056179775
2004-01-10,20.241644943820226
2004-01-11,0.046305617977528093
2004-01-12,0
2004-01-13,0.7799168539325843
2004-01-14,0.6190584269662921
2004-01-15,5.591795505617977
2004-01-16,0.007575280898876405
2004-01-17,0
2004-01-18,0.009038202247191011
2004-01-19,0
2004-01-20,0
2004-01-21,0
2004-01-22,0
2004-01-23,0
2004-01-24,8.116058426966292
2004-01-25,0.7921685393258427
2004-01-26,0.028647191011235956
2004-01-27,7.365844943820225
2004-01-28,8.155930337078651
2004-01-29,0.2227573033707865
2004-01-30,0.8045797752808989
2004-01-31,1.2653460674157304
2004-02-01,1.4102426966292134
2004-02-02,16.21507415730337
2004-02-03,36.84823146067416
2004-02-04,3.7613191011235956
2004-02-05,0
2004-02-06,0
2004-02-07,4.356923595505618
2004-02-08,0
2004-02-09,0.006642696629213483
2004-02-10,0
2004-02-11,0
2004-02-12,0
2004-02-13,0.002471910112359551
2004-02-14,4.653516853932584
2004-02-15,6.735802247191011
2004-02-16,24.837586516853932
2004-02-17,88.66968988764044
2004-02-18,65.02116179775281
2004-02-19,0.058667415730337076
2004-02-20,0.10520224719101123
2004-02-21,0.03919775280898876
2004-02-22,2.1480359550561796
2004-02-23,2.8195573033707864
2004-02-24,8.278977528089888
2004-02-25,33.27129213483146
2004-02-26,47.949721348314604
2004-02-27,11.78479775280899
2004-02-28,0.012456179775280898
2004-02-29,0.018103370786516852
2004-03-01,4.325408988764045
2004-03-02,8.578341573033708
2004-03-03,0
2004-03-04,0.04302022471910112
2004-03-05,7.393258426966293e-4
2004-03-06,0
2004-03-07,0
2004-03-08,0
2004-03-09,0
2004-03-10,0
2004-03-11,0
2004-03-12,0
2004-03-13,0
2004-03-14,0
2004-03-15,0
2004-03-16,0
2004-03-17,0
2004-03-18,0
2004-03-19,0
2004-03-20,0
2004-03-21,0
2004-03-22,0
2004-03-23,0
2004-03-24,0
2004-03-25,0.04535730337078652
2004-03-26,25.93901797752809
2004-03-27,8.747948314606742
2004-03-28,0.49629662921348316
2004-03-29,0
2004-03-30,0.43329662921348316
2004-03-31,0.09308988764044944
2004-04-01,0
2004-04-02,0
2004-04-03,0
2004-04-04,0
2004-04-05,0
2004-04-06,0
2004-04-07,0
2004-04-08,0
2004-04-09,0
2004-04-10,0
2004-04-11,0
2004-04-12,0
2004-04-13,0
2004-04-14,0.3938741573033708
2004-04-15,3.201123595505618
2004-04-16,0.17314831460674157
2004-04-17,0.7421168539325843
2004-04-18,1.8988786516853933
2004-04-19,4.567085393258427
2004-04-20,19.109478651685393
2004-04-21,4.369296629213483
2004-04-22,1.024591011235955
2004-04-23,0
2004-04-24,0
2004-04-25,0
2004-04-26,0.5758224719101124
2004-04-27,0
2004-04-28,0
2004-04-29,0
2004-04-30,0
2004-05-01,0
2004-05-02,0
2004-05-03,0
2004-05-04,0
2004-05-05,0
2004-05-06,0.1313011235955056
2004-05-07,0.32655280898876404
2004-05-08,2.1996359550561797
2004-05-09,0
2004-05-10,0
2004-05-11,0
2004-05-12,0
2004-05-13,0
2004-05-14,0
2004-05-15,0
2004-05-16,0
2004-05-17,0
2004-05-18,0.1224314606741573
2004-05-19,0.47121573033707864
2004-05-20,0
2004-05-21,0.0041528089887640455
2004-05-22,0
2004-05-23,0.42153932584269665
2004-05-24,0
2004-05-25,0
2004-05-26,0
2004-05-27,0
2004-05-28,0.04104269662921348
2004-05-29,0.3007056179775281
2004-05-30,0
2004-05-31,0
2004-06-01,0
2004-06-02,0
2004-06-03,0
2004-06-04,0
2004-06-05,0
2004-06-06,0
2004-06-07,0
2004-06-08,0.12487415730337079
2004-06-09,1.3700112359550563
2004-06-10,0.019053932584269663
2004-06-11,0
2004-06-12,0
2004-06-13,0
2004-06-14,0
2004-06-15,0
2004-06-16,0
2004-06-17,0
2004-06-18,0
2004-06-19,0
2004-06-20,0
2004-06-21,0
2004-06-22,0
2004-06-23,0
2004-06-24,0
2004-06-25,0
2004-06-26,0
2004-06-27,0
2004-06-28,0
2004-06-29,0
2004-06-30,0
2004-07-01,0
2004-07-02,0
2004-07-03,0
2004-07-04,0
2004-07-05,0
2004-07-06,0
2004-07-07,0
2004-07-08,0
2004-07-09,0
2004-07-10,0
2004-07-11,0
2004-07-12,0
2004-07-13,0
2004-07-14,0
2004-07-15,0
2004-07-16,0
2004-07-17,0
2004-07-18,0
2004-07-19,0
2004-07-20,0
2004-07-21,0
2004-07-22,0
2004-07-23,0
2004-07-24,1.9775280898876404e-4
2004-07-25,1.7977528089887642e-4
2004-07-26,0
2004-07-27,0
2004-07-28,0
2004-07-29,0
2004-07-30,0
2004-07-31,0
2004-08-01,0
2004-08-02,0
2004-08-03,0
2004-08-04,0
2004-08-05,0
2004-08-06,0
2004-08-07,0
2004-08-08,0
2004-08-09,0
2004-08-10,0
2004-08-11,0
2004-08-12,0
2004-08-13,0
2004-08-14,0
2004-08-15,0
2004-08-16,0
2004-08-17,0
2004-08-18,0
2004-08-19,0
2004-08-20,5.8426966292134835e-5
2004-08-21,0
2004-08-22,0
2004-08-23,0
2004-08-24,0
2004-08-25,0
2004-08-26,0
2004-08-27,0
2004-08-28,0
2004-08-29,0
2004-08-30,0
2004-08-31,0
2004-09-01,0
2004-09-02,0
2004-09-03,0
2004-09-04,0
2004-09-05,0
2004-09-06,0
2004-09-07,0
2004-09-08,0
2004-09-09,0
2004-09-10,0
2004-09-11,0
2004-09-12,0
2004-09-13,0
2004-09-14,0
2004-09-15,0
2004-09-16,0
2004-09-17,0
2004-09-18,0
2004-09-19,0.4433955056179775
2004-09-20,2.169761797752809
2004-09-21,0.053157303370786516
2004-09-22,0
2004-09-23,0
2004-09-24,0
2004-09-25,0
2004-09-26,0
2004-09-27,0
2004-09-28,0
2004-09-29,0
2004-09-30,0
2004-10-01,0
2004-10-02,0
2004-10-03,0.015148314606741573
2004-10-04,0
2004-10-05,0
2004-10-06,0
2004-10-07,0
2004-10-08,0
2004-10-09,0.47293483146067417
2004-10-10,0.03474831460674157
2004-10-11,0
2004-10-12,0.031247191011235954
2004-10-13,0
2004-10-14,0
2004-10-15,0
2004-10-16,0
2004-10-17,3.431062921348315
2004-10-18,11.603417977528089
2004-10-19,37.279860674157305
2004-10-20,28.194498876404495
2004-10-21,1.3566629213483146
2004-10-22,0.013195505617977528
2004-10-23,1.5380966292134832
2004-10-24,6.729591011235955
2004-10-25,0.23782247191011235
2004-10-26,28.887429213483145
2004-10-27,0.8488786516853932
2004-10-28,0.00630561797752809
2004-10-29,0
2004-10-30,0
2004-10-31,0
2004-11-01,0.00291685393258427
2004-11-02,0
2004-11-03,0.18780449438202246
2004-11-04,3.691894382022472
2004-11-05,0.8367842696629213
2004-11-06,0
2004-11-07,0
2004-11-08,0
2004-11-09,0
2004-11-10,11.41294606741573
2004-11-11,17.403734831460675
2004-11-12,11.25176404494382
2004-11-13,1.1757573033707864
2004-11-14,5.842696629213483e-4
2004-11-15,0.008725842696629214
2004-11-16,0
2004-11-17,0
2004-11-18,0.05293707865168539
2004-11-19,0
2004-11-20,0
2004-11-21,0
2004-11-22,0
2004-11-23,6.606741573033708e-4
2004-11-24,0
2004-11-25,0.029334831460674157
2004-11-26,1.0227168539325844
2004-11-27,16.597161797752808
2004-11-28,4.22287415730337
2004-11-29,0
2004-11-30,0.021375280898876404
2004-12-01,0
2004-12-02,0.006285393258426967
2004-12-03,0
2004-12-04,0
2004-12-05,0
2004-12-06,0.23397078651685393
2004-12-07,62.92572584269663
2004-12-08,70.02134831460674
2004-12-09,17.625916853932583
2004-12-10,0.02652359550561798
2004-12-11,0.0046
2004-12-12,0.006285393258426967
2004-12-13,2.923952808988764
2004-12-14,1.6653078651685393
2004-12-15,0.045294382022471914
2004-12-16,0.027462921348314608
2004-12-17,0.0017685393258426968
2004-12-18,0.009844943820224718
2004-12-19,0.0014022471910112358
2004-12-20,0.02613258426966292
2004-12-21,0.0017685393258426968
2004-12-22,0
2004-12-23,0
2004-12-24,0
2004-12-25,0
2004-12-26,1.4683303370786518
2004-12-27,68.35143595505617
2004-12-28,39.04517303370787
2004-12-29,9.382786516853933
2004-12-30,28.072696629213482
2004-12-31,14.621193258426967
2005-01-01,18.035240449438202
2005-01-02,12.109633707865168
2005-01-03,14.356447191011236
2005-01-04,1.6394876404494383
2005-01-05,1.421285393258427
2005-01-06,1.6421191011235956
2005-01-07,8.266851685393258
2005-01-08,25.594534831460674
2005-01-09,14.95245617977528
2005-01-10,2.540876404494382
2005-01-11,30.926750561797753
2005-01-12,5.03312808988764
2005-01-13,0
2005-01-14,0
2005-01-15,0.0027662921348314607
2005-01-16,0.08221123595505618
2005-01-17,0.010006741573033709
2005-01-18,3.48314606741573e-4
2005-01-19,0.023847191011235953
2005-01-20,0
2005-01-21,0.0016247191011235956
2005-01-22,0
2005-01-23,0
2005-01-24,0
2005-01-25,0
2005-01-26,23.2666
2005-01-27,10.162833707865168
2005-01-28,28.16468764044944
2005-01-29,6.861660674157303
2005-01-30,0
2005-01-31,0
2005-02-01,0
2005-02-02,0
2005-02-03,0
2005-02-04,0
2005-02-05,0
2005-02-06,0
2005-02-07,2.464894382022472
2005-02-08,0.1436247191011236
2005-02-09,0
2005-02-10,0
2005-02-11,0
2005-02-12,0
2005-02-13,3.824287640449438
2005-02-14,3.954755056179775
2005-02-15,2.2224067415730335
2005-02-16,7.032303370786517
2005-02-17,2.4218044943820223
2005-02-18,8.418669662921348
2005-02-19,17.019352808988764
2005-02-20,17.067770786516853
2005-02-21,16.898732584269663
2005-02-22,4.997759550561797
2005-02-23,0.028146067415730336
2005-02-24,0.006703370786516854
2005-02-25,0
2005-02-26,0
2005-02-27,8.36105617977528
2005-02-28,33.45541348314607
2005-03-01,0.7273393258426967
2005-03-02,18.283449438202247
2005-03-03,0.016683146067415732
2005-03-04,6.771040449438202
2005-03-05,0.994514606741573
2005-03-06,0
2005-03-07,2.921348314606742e-4
2005-03-08,2.921348314606742e-4
2005-03-09,0
2005-03-10,0
2005-03-11,0
2005-03-12,0
2005-03-13,0
2005-03-14,0
2005-03-15,0
2005-03-16,0
2005-03-17,0
2005-03-18,0
2005-03-19,35.98209887640449
2005-03-20,23.736233707865168
2005-03-21,18.448247191011237
2005-03-22,46.99686966292135
2005-03-23,16.15543595505618
2005-03-24,1.1169505617977529
2005-03-25,0.007993258426966292
2005-03-26,0
2005-03-27,0.24661348314606743
2005-03-28,38.618116853932584
2005-03-29,7.629204494382022
2005-03-30,1.5792876404494383
2005-03-31,0
2005-04-01,0
2005-04-02,0
2005-04-03,0.5494719101123595
2005-04-04,25.75174606741573
2005-04-05,0
2005-04-06,0
2005-04-07,9.266103370786517
2005-04-08,13.810413483146068
2005-04-09,17.6031595505618
2005-04-10,1.7737752808988763
2005-04-11,0
2005-04-12,0
2005-04-13,0.2635325842696629
2005-04-14,0.13702921348314606
2005-04-15,0
2005-04-16,0
2005-04-17,0
2005-04-18,0
2005-04-19,0
2005-04-20,0
2005-04-21,0
2005-04-22,0
2005-04-23,5.902361797752809
2005-04-24,2.7668292134831463
2005-04-25,0.0029303370786516853
2005-04-26,0
2005-04-27,0.04478202247191011
2005-04-28,0.17896629213483148
2005-04-29,0.004737078651685394
2005-04-30,0
2005-05-01,0
2005-05-02,0
2005-05-03,0
2005-05-04,0.009083146067415731
2005-05-05,24.887044943820225
2005-05-06,1.4576966292134832
2005-05-07,1.866905617977528
2005-05-08,9.915977528089888
2005-05-09,29.074067415730337
2005-05-10,6.85756404494382
2005-05-11,0.16960449438202246
2005-05-12,0.16848314606741574
2005-05-13,0.13357078651685392
2005-05-14,0.06788539325842696
2005-05-15,0.004170786516853932
2005-05-16,1.1309797752808988
2005-05-17,2.269885393258427
2005-05-18,33.284366292134834
2005-05-19,47.74403820224719
2005-05-20,3.2723595505617977
2005-05-21,0.006642696629213483
2005-05-22,0
2005-05-23,0
2005-05-24,0
2005-05-25,0
2005-05-26,0
2005-05-27,0
2005-05-28,0
2005-05-29,0
2005-05-30,0
2005-05-31,0
2005-06-01,0
2005-06-02,0
2005-06-03,0
2005-06-04,0
2005-06-05,0
2005-06-06,0
2005-06-07,6.067415730337079e-5
2005-06-08,4.3117685393258425
2005-06-09,19.53330561797753
2005-06-10,0.01181123595505618
2005-06-11,0
2005-06-12,0
2005-06-13,0
2005-06-14,0
2005-06-15,0
2005-06-16,0.05723820224719101
2005-06-17,12.682676404494382
2005-06-18,4.734179775280899
2005-06-19,1.7394404494382023
2005-06-20,0.15533033707865168
2005-06-21,0
2005-06-22,0
2005-06-23,0
2005-06-24,0
2005-06-25,0
2005-06-26,0
2005-06-27,0
2005-06-28,0
2005-06-29,0
2005-06-30,0
2005-07-01,0
2005-07-02,0
2005-07-03,0
2005-07-04,0
2005-07-05,0
2005-07-06,0
2005-07-07,0
2005-07-08,0
2005-07-09,0
2005-07-10,0
2005-07-11,0
2005-07-12,0
2005-07-13,0
2005-07-14,0
2005-07-15,0
2005-07-16,0
2005-07-17,0
2005-07-18,0
2005-07-19,0
2005-07-20,0
2005-07-21,0
2005-07-22,0
2005-07-23,0
2005-07-24,0
2005-07-25,0
2005-07-26,0
2005-07-27,0
2005-07-28,0
2005-07-29,0
2005-07-30,0
2005-07-31,0
2005-08-01,0
2005-08-02,0
2005-08-03,0
2005-08-04,0
2005-08-05,0
2005-08-06,0
2005-08-07,0
2005-08-08,0
2005-08-09,0
2005-08-10,0
2005-08-11,0
2005-08-12,0
2005-08-13,0
2005-08-14,0
2005-08-15,0
2005-08-16,0
2005-08-17,0
2005-08-18,0
2005-08-19,0
2005-08-20,0
2005-08-21,0
2005-08-22,0
2005-08-23,0
2005-08-24,0
2005-08-25,0
2005-08-26,0
2005-08-27,0
2005-08-28,0
2005-08-29,0
2005-08-30,0
2005-08-31,0
2005-09-01,0
2005-09-02,0
2005-09-03,0
2005-09-04,0
2005-09-05,0
2005-09-06,0
2005-09-07,0
2005-09-08,0
2005-09-09,0
2005-09-10,0
2005-09-11,0
2005-09-12,0
2005-09-13,0
2005-09-14,0
2005-09-15,0
2005-09-16,0
2005-09-17,0
2005-09-18,0
2005-09-19,0
2005-09-20,0
2005-09-21,0
2005-09-22,0
2005-09-23,0
2005-09-24,0
2005-09-25,0
2005-09-26,0
2005-09-27,0.14857528089887642
2005-09-28,0
2005-09-29,0
2005-09-30,0
2005-10-01,0
2005-10-02,0
2005-10-03,0
2005-10-04,0
2005-10-05,0
2005-10-06,0
2005-10-07,0
2005-10-08,0
2005-10-09,0
2005-10-10,0
2005-10-11,0
2005-10-12,0
2005-10-13,0
2005-10-14,0
2005-10-15,2.787456179775281
2005-10-16,0.3538629213483146
2005-10-17,0
2005-10-18,0
2005-10-19,0
2005-10-20,0
2005-10-21,0
2005-10-22,0
2005-10-23,0.3492651685393259
2005-10-24,0
2005-10-25,0.0222
2005-10-26,7.236907865168539
2005-10-27,1.209979775280899
2005-10-28,18.946433707865168
2005-10-29,7.8808561797752805
2005-10-30,0.04475056179775281
2005-10-31,0
2005-11-01,0.006557303370786517
2005-11-02,0
2005-11-03,0.0021797752808988763
2005-11-04,17.770480898876404
2005-11-05,0.09456179775280898
2005-11-06,1.5016966292134832
2005-11-07,9.243703370786516
2005-11-08,41.504076404494384
2005-11-09,0.7371865168539325
2005-11-10,0
2005-11-11,0.0455438202247191
2005-11-12,0.054310112359550564
2005-11-13,0
2005-11-14,0
2005-11-15,0
2005-11-16,0
2005-11-17,0
2005-11-18,0
2005-11-19,0
2005-11-20,0
2005-11-21,0
2005-11-22,0
2005-11-23,0
2005-11-24,0
2005-11-25,15.182824719101124
2005-11-26,8.202737078651685
2005-11-27,0
2005-11-28,0.6244314606741573
2005-11-29,34.519483146067415
2005-11-30,0.6790112359550562
2005-12-01,32.048770786516855
2005-12-02,43.73795056179775
2005-12-03,2.3375977528089886
2005-12-04,0
2005-12-05,0.022217977528089888
2005-12-06,0
2005-12-07,0
2005-12-08,1.4451730337078652
2005-12-09,0.040701123595505616
2005-12-10,0
2005-12-11,0
2005-12-12,0
2005-12-13,0.0017123595505617979
2005-12-14,0.0068
2005-12-15,0.0017123595505617979
2005-12-16,0.023564044943820226
2005-12-17,0.01978202247191011
2005-12-18,50.12600449438202
2005-12-19,52.85797752808989
2005-12-20,11.475341573033708
2005-12-21,27.232112359550563
2005-12-22,36.29348764044944
2005-12-23,30.27052359550562
2005-12-24,0.3666943820224719
2005-12-25,5.105584269662922
2005-12-26,33.417033707865166
2005-12-27,6.086233707865168
2005-12-28,85.14327415730337
2005-12-29,21.43917752808989
2005-12-30,14.356204494382023
2005-12-31,134.84229213483147
2006-01-01,20.17685393258427
2006-01-02,48.245975280898875
2006-01-03,3.2088808988764046
2006-01-04,27.61286741573034
2006-01-05,0.03464044943820225
2006-01-06,0.0012741573033707865
2006-01-07,2.1577415730337077
2006-01-08,1.0408741573033709
2006-01-09,0
2006-01-10,0.03143595505617978
2006-01-11,7.197083146067416
2006-01-12,0.5915528089887641
2006-01-13,7.707865168539327e-4
2006-01-14,19.246157303370786
2006-01-15,9.907973033707865
2006-01-16,0.027253932584269665
2006-01-17,1.855629213483146
2006-01-18,27.463759550561797
2006-01-19,10.59814606741573
2006-01-20,0.02405168539325843
2006-01-21,7.477125842696629
2006-01-22,0.03903370786516854
2006-01-23,0.00744494382022472
2006-01-24,0
2006-01-25,0
2006-01-26,1.5320134831460674
2006-01-27,7.61805393258427
2006-01-28,3.7911033707865167
2006-01-29,23.520694382022473
2006-01-30,3.077667415730337
2006-01-31,15.605597752808988
2006-02-01,4.36943595505618
2006-02-02,22.79383595505618
2006-02-03,0.9318966292134832
2006-02-04,5.28716404494382
2006-02-05,1.0932876404494383
2006-02-06,0
2006-02-07,0
2006-02-08,0
2006-02-09,0
2006-02-10,0
2006-02-11,0
2006-02-12,0
2006-02-13,0
2006-02-14,0
2006-02-15,0
2006-02-16,0
2006-02-17,0.16293258426966292
2006-02-18,2.0825258426966293
2006-02-19,1.5207820224719102
2006-02-20,0.018932584269662923
2006-02-21,0
2006-02-22,0
2006-02-23,0
2006-02-24,0.005561797752808989
2006-02-25,0
2006-02-26,0
2006-02-27,60.998775280898876
2006-02-28,62.309516853932585
2006-03-01,8.448842696629214
2006-03-02,14.393083146067415
2006-03-03,18.80966741573034
2006-03-04,7.194065168539326
2006-03-05,19.853770786516854
2006-03-06,63.5440808988764
2006-03-07,17.46794157303371
2006-03-08,2.832991011235955
2006-03-09,0.6610157303370786
2006-03-10,5.436337078651685
2006-03-11,4.309741573033708
2006-03-12,2.594058426966292
2006-03-13,2.778905617977528
2006-03-14,26.776379775280898
2006-03-15,6.0948
2006-03-16,6.552892134831461
2006-03-17,21.753851685393258
2006-03-18,0.8822853932584269
2006-03-19,0
2006-03-20,0.6146247191011236
2006-03-21,7.718303370786517
2006-03-22,0.008229213483146067
2006-03-23,0
2006-03-24,15.700714606741574
2006-03-25,18.281577528089887
2006-03-26,5.19218202247191
2006-03-27,0
2006-03-28,13.9112202247191
2006-03-29,19.159141573033708
2006-03-30,5.420728089887641
2006-03-31,8.289966292134832
2006-04-01,44.2812808988764
2006-04-02,6.665959550561798
2006-04-03,31.378788764044945
2006-04-04,5.997204494382022
2006-04-05,15.372332584269662
2006-04-06,1.006285393258427
2006-04-07,0
2006-04-08,14.165265168539326
2006-04-09,3.4248741573033707
2006-04-10,6.559213483146068
2006-04-11,9.535752808988764
2006-04-12,65.45678651685394
2006-04-13,16.563519101123596
2006-04-14,0
2006-04-15,0.0975123595505618
2006-04-16,22.70556404494382
2006-04-17,8.46963595505618
2006-04-18,0
2006-04-19,0
2006-04-20,0
2006-04-21,0
2006-04-22,0.003552808988764045
2006-04-23,4.241397752808989
2006-04-24,0.08205168539325843
2006-04-25,0.033662921348314605
2006-04-26,0
2006-04-27,0
2006-04-28,0
2006-04-29,0
2006-04-30,0
2006-05-01,0
2006-05-02,0
2006-05-03,0
2006-05-04,0
2006-05-05,2.49438202247191e-4
2006-05-06,0
2006-05-07,0
2006-05-08,0
2006-05-09,0
2006-05-10,0
2006-05-11,0
2006-05-12,0
2006-05-13,0
2006-05-14,0
2006-05-15,0
2006-05-16,0
2006-05-17,0
2006-05-18,0
2006-05-19,0.001750561797752809
2006-05-20,5.249584269662921
2006-05-21,1.3507865168539326
2006-05-22,6.635278651685393
2006-05-23,0.6589865168539326
2006-05-24,2.067678651685393
2006-05-25,1.6027842696629213
2006-05-26,0
2006-05-27,0.11652584269662922
2006-05-28,0
2006-05-29,0
2006-05-30,0
2006-05-31,0
2006-06-01,0.014687640449438202
2006-06-02,0.06078426966292135
2006-06-03,0
2006-06-04,0
2006-06-05,0
2006-06-06,0
2006-06-07,0
2006-06-08,0
2006-06-09,0
2006-06-10,0
2006-06-11,0
2006-06-12,0.004011235955056179
2006-06-13,0
2006-06-14,0
2006-06-15,0.002743820224719101
2006-06-16,0
2006-06-17,0
2006-06-18,0
2006-06-19,0
2006-06-20,0
2006-06-21,0
2006-06-22,0
2006-06-23,0
2006-06-24,0
2006-06-25,0
2006-06-26,0
2006-06-27,0
2006-06-28,0
2006-06-29,0
2006-06-30,0
2006-07-01,0
2006-07-02,0
2006-07-03,0
2006-07-04,0
2006-07-05,0
2006-07-06,0
2006-07-07,0
2006-07-08,0
2006-07-09,0
2006-07-10,0
2006-07-11,0
2006-07-12,0
2006-07-13,0
2006-07-14,0
2006-07-15,0
2006-07-16,0
2006-07-17,0
2006-07-18,0
2006-07-19,0
2006-07-20,0
2006-07-21,0
2006-07-22,0
2006-07-23,0
2006-07-24,0
2006-07-25,0
2006-07-26,4.292134831460674e-4
2006-07-27,0
2006-07-28,0.007188764044943821
2006-07-29,0.08540224719101124
2006-07-30,0
2006-07-31,0.009602247191011236
2006-08-01,0
2006-08-02,0
2006-08-03,0
2006-08-04,0
2006-08-05,0
2006-08-06,0
2006-08-07,0
2006-08-08,0
2006-08-09,0
2006-08-10,0
2006-08-11,0
2006-08-12,0
2006-08-13,0
2006-08-14,0
2006-08-15,0
2006-08-16,0
2006-08-17,0
2006-08-18,0
2006-08-19,0
2006-08-20,0
2006-08-21,0
2006-08-22,0
2006-08-23,0
2006-08-24,0
2006-08-25,0
2006-08-26,0
2006-08-27,0
2006-08-28,0
2006-08-29,0
2006-08-30,0
2006-08-31,0
2006-09-01,0
2006-09-02,0
2006-09-03,0
2006-09-04,0
2006-09-05,0
2006-09-06,0
2006-09-07,0
2006-09-08,0
2006-09-09,0
2006-09-10,0
2006-09-11,0
2006-09-12,0
2006-09-13,0
2006-09-14,0
2006-09-15,0.07442247191011236
2006-09-16,0.015235955056179775
2006-09-17,0
2006-09-18,0
2006-09-19,0
2006-09-20,0
2006-09-21,0
2006-09-22,0
2006-09-23,0
2006-09-24,0
2006-09-25,0
2006-09-26,0
2006-09-27,0
2006-09-28,0
2006-09-29,0
2006-09-30,0
2006-10-01,0
2006-10-02,0
2006-10-03,0
2006-10-04,0.013074157303370786
2006-10-05,4.594323595505618
2006-10-06,3.6007460674157303
2006-10-07,0
2006-10-08,0
2006-10-09,0
2006-10-10,0
2006-10-11,0
2006-10-12,0.0016831460674157303
2006-10-13,0
2006-10-14,0
2006-10-15,0
2006-10-16,0.11955955056179776
2006-10-17,0
2006-10-18,0
2006-10-19,0
2006-10-20,0
2006-10-21,0
2006-10-22,0
2006-10-23,0
2006-10-24,0
2006-10-25,0
2006-10-26,0
2006-10-27,0
2006-10-28,0
2006-10-29,0
2006-10-30,0
2006-10-31,0
2006-11-01,0.020453932584269665
2006-11-02,7.084901123595506
2006-11-03,19.78189438202247
2006-11-04,0.2445685393258427
2006-11-05,0
2006-11-06,0
2006-11-07,0
2006-11-08,1.0035056179775281
2006-11-09,0.02902696629213483
2006-11-10,0
2006-11-11,12.72032584269663
2006-11-12,1.5739438202247191
2006-11-13,16.19767640449438
2006-11-14,23.283132584269662
2006-11-15,0
2006-11-16,5.916991011235955
2006-11-17,3.7767393258426964
2006-11-18,0
2006-11-19,0
2006-11-20,0
2006-11-21,0.406114606741573
2006-11-22,0.9830314606741573
2006-11-23,5.272847191011236
2006-11-24,0
2006-11-25,0
2006-11-26,0.2061325842696629
2006-11-27,22.004478651685393
2006-11-28,1.5153550561797753
2006-11-29,0
2006-11-30,0.017948314606741574
2006-12-01,0
2006-12-02,0
2006-12-03,0
2006-12-04,0
2006-12-05,0
2006-12-06,0
2006-12-07,0
2006-12-08,0
2006-12-09,23.562831460674158
2006-12-10,29.344885393258426
2006-12-11,5.387352808988764
2006-12-12,34.575278651685394
2006-12-13,5.707413483146067
2006-12-14,5.91183595505618
2006-12-15,6.642303370786517
2006-12-16,0.06557303370786517
2006-12-17,0
2006-12-18,0
2006-12-19,0.020152808988764044
2006-12-20,0
2006-12-21,3.9986359550561796
2006-12-22,26.371896629213484
2006-12-23,0.01457752808988764
2006-12-24,0.06140674157303371
2006-12-25,0.04025393258426966
2006-12-26,9.93518202247191
2006-12-27,68.7126606741573
2006-12-28,0.27003370786516856
2006-12-29,0
2006-12-30,0
2006-12-31,0
2007-01-01,0
2007-01-02,0
2007-01-03,0
2007-01-04,12.01281573033708
2007-01-05,2.0248674157303372
2007-01-06,0
2007-01-07,1.1772292134831461
2007-01-08,0
2007-01-09,0
2007-01-10,9.752808988764045e-4
2007-01-11,0.03806741573033708
2007-01-12,0
2007-01-13,0
2007-01-14,0
2007-01-15,0
2007-01-16,0.06090561797752809
2007-01-17,0.42118426966292133
2007-01-18,0
2007-01-19,0.0317685393258427
2007-01-20,0.01663370786516854
2007-01-21,0
2007-01-22,0
2007-01-23,0
2007-01-24,0
2007-01-25,0
2007-01-26,0
2007-01-27,2.3762921348314605
2007-01-28,0
2007-01-29,0
2007-01-30,0
2007-01-31,0
2007-02-01,0
2007-02-02,0
2007-02-03,0
2007-02-04,0
2007-02-05,0
2007-02-06,0
2007-02-07,5.31723595505618
2007-02-08,19.76158651685393
2007-02-09,64.57387865168539
2007-02-10,53.9963393258427
2007-02-11,41.9064
2007-02-12,1.5901842696629214
2007-02-13,15.354125842696629
2007-02-14,0
2007-02-15,0
2007-02-16,0
2007-02-17,0
2007-02-18,0
2007-02-19,0
2007-02-20,0
2007-02-21,3.1579280898876405
2007-02-22,35.93265842696629
2007-02-23,8.56523595505618
2007-02-24,1.7838494382022472
2007-02-25,30.402440449438203
2007-02-26,13.17763370786517
2007-02-27,12.370083146067415
2007-02-28,13.658501123595506
2007-03-01,1.7984539325842697
2007-03-02,0.6840404494382022
2007-03-03,0
2007-03-04,0
2007-03-05,0
2007-03-06,0
2007-03-07,0
2007-03-08,1.0785955056179775
2007-03-09,0
2007-03-10,0
2007-03-11,0
2007-03-12,0
2007-03-13,0
2007-03-14,1.275696629213483
2007-03-15,0
2007-03-16,0
2007-03-17,0
2007-03-18,0
2007-03-19,0
2007-03-20,0.6200359550561798
2007-03-21,0.03980898876404494
2007-03-22,0
2007-03-23,0
2007-03-24,0
2007-03-25,0
2007-03-26,2.4504134831460673
2007-03-27,9.416995505617978
2007-03-28,0.26678202247191013
2007-03-29,0
2007-03-30,0.01493932584269663
2007-03-31,0
2007-04-01,0
2007-04-02,0
2007-04-03,0
2007-04-04,0
2007-04-05,0
2007-04-06,0
2007-04-07,0.24765393258426968
2007-04-08,0.053725842696629215
2007-04-09,0.07960674157303371
2007-04-10,0
2007-04-11,2.2924
2007-04-12,8.2576
2007-04-13,0
2007-04-14,2.738334831460674
2007-04-15,4.368197752808989
2007-04-16,0
2007-04-17,0
2007-04-18,0.2541640449438202
2007-04-19,0.0010898876404494382
2007-04-20,8.20312808988764
2007-04-21,6.292134831460675e-5
2007-04-22,35.987078651685394
2007-04-23,0.5873483146067415
2007-04-24,0
2007-04-25,0
2007-04-26,0
2007-04-27,0
2007-04-28,0
2007-04-29,0
2007-04-30,0
2007-05-01,0
2007-05-02,6.572361797752809
2007-05-03,0.7376337078651686
2007-05-04,9.741514606741573
2007-05-05,0.030352808988764045
2007-05-06,0
2007-05-07,0
2007-05-08,0
2007-05-09,0
2007-05-10,0
2007-05-11,0
2007-05-12,0
2007-05-13,0
2007-05-14,0
2007-05-15,0
2007-05-16,0
2007-05-17,0
2007-05-18,0
2007-05-19,0
2007-05-20,0
2007-05-21,0
2007-05-22,0
2007-05-23,0
2007-05-24,0
2007-05-25,0
2007-05-26,0
2007-05-27,0
2007-05-28,0
2007-05-29,0
2007-05-30,0
2007-05-31,0
2007-06-01,0
2007-06-02,0
2007-06-03,0
2007-06-04,0
2007-06-05,0
2007-06-06,0
2007-06-07,0
2007-06-08,0
2007-06-09,0
2007-06-10,0
2007-06-11,0
2007-06-12,0
2007-06-13,5.8426966292134835e-5
2007-06-14,0.0016741573033707865
2007-06-15,0
2007-06-16,0
2007-06-17,0
2007-06-18,0
2007-06-19,0
2007-06-20,0
2007-06-21,0
2007-06-22,0
2007-06-23,0
2007-06-24,0
2007-06-25,0
2007-06-26,0
2007-06-27,0
2007-06-28,0
2007-06-29,0
2007-06-30,0
2007-07-01,0
2007-07-02,0
2007-07-03,0
2007-07-04,0
2007-07-05,0
2007-07-06,0
2007-07-07,0
2007-07-08,0
2007-07-09,0
2007-07-10,0
2007-07-11,0.09747191011235955
2007-07-12,0.3970426966292135
2007-07-13,0
2007-07-14,0
2007-07-15,0
2007-07-16,0
2007-07-17,0
2007-07-18,2.868006741573034
2007-07-19,0.4870157303370787
2007-07-20,0
2007-07-21,0
2007-07-22,0
2007-07-23,0
2007-07-24,0
2007-07-25,0
2007-07-26,0
2007-07-27,0
2007-07-28,0
2007-07-29,0
2007-07-30,0
2007-07-31,0
2007-08-01,0
2007-08-02,0
2007-08-03,0
2007-08-04,0
2007-08-05,0
2007-08-06,0
2007-08-07,0
2007-08-08,0
2007-08-09,0
2007-08-10,0
2007-08-11,0
2007-08-12,0
2007-08-13,0
2007-08-14,0
2007-08-15,0
2007-08-16,0
2007-08-17,0
2007-08-18,0
2007-08-19,0
2007-08-20,0
2007-08-21,0
2007-08-22,0
2007-08-23,0
2007-08-24,0
2007-08-25,0
2007-08-26,0
2007-08-27,0
2007-08-28,0
2007-08-29,0
2007-08-30,0
2007-08-31,0
2007-09-01,0
2007-09-02,0
2007-09-03,0
2007-09-04,0
2007-09-05,0
2007-09-06,0
2007-09-07,0
2007-09-08,0.02738426966292135
2007-09-09,0
2007-09-10,0
2007-09-11,0
2007-09-12,0
2007-09-13,0
2007-09-14,0
2007-09-15,0
2007-09-16,0
2007-09-17,0
2007-09-18,0
2007-09-19,0
2007-09-20,0.3520898876404494
2007-09-21,0
2007-09-22,0.0023101123595505616
2007-09-23,1.9839573033707865
2007-09-24,0
2007-09-25,0
2007-09-26,0
2007-09-27,0
2007-09-28,0
2007-09-29,0
2007-09-30,0
2007-10-01,0.6243438202247191
2007-10-02,0
2007-10-03,0
2007-10-04,0
2007-10-05,0.05201123595505618
2007-10-06,0
2007-10-07,0
2007-10-08,0
2007-10-09,0.002069662921348315
2007-10-10,30.445278651685392
2007-10-11,0.6165258426966292
2007-10-12,8.89732584269663
2007-10-13,16.05701348314607
2007-10-14,0.01131685393258427
2007-10-15,0
2007-10-16,5.978433707865168
2007-10-17,10.867476404494383
2007-10-18,0.6894224719101124
2007-10-19,7.712597752808989
2007-10-20,11.322692134831462
2007-10-21,0.04938202247191011
2007-10-22,0
2007-10-23,0
2007-10-24,0
2007-10-25,0
2007-10-26,0
2007-10-27,0
2007-10-28,0
2007-10-29,0
2007-10-30,0.0012808988764044945
2007-10-31,0
2007-11-01,0
2007-11-02,0
2007-11-03,0
2007-11-04,0
2007-11-05,0
2007-11-06,0
2007-11-07,0
2007-11-08,0
2007-11-09,0
2007-11-10,0.4572314606741573
2007-11-11,14.652777528089887
2007-11-12,0.029680898876404495
2007-11-13,1.6399056179775282
2007-11-14,0.05744943820224719
2007-11-15,0
2007-11-16,0
2007-11-17,0
2007-11-18,3.370786516853933e-4
2007-11-19,2.34676404494382
2007-11-20,1.4779640449438203
2007-11-21,0
2007-11-22,0
2007-11-23,0
2007-11-24,0
2007-11-25,0
2007-11-26,0
2007-11-27,0.02249438202247191
2007-11-28,0.029680898876404495
2007-11-29,0
2007-11-30,0
2007-12-01,0.0011258426966292135
2007-12-02,1.3177213483146066
2007-12-03,6.385768539325842
2007-12-04,34.779413483146065
2007-12-05,0.8989483146067416
2007-12-06,0.1353752808988764
2007-12-07,24.99641797752809
2007-12-08,0.005110112359550562
2007-12-09,0
2007-12-10,0.09554606741573034
2007-12-11,0
2007-12-12,0
2007-12-13,0
2007-12-14,0
2007-12-15,0.014139325842696629
2007-12-16,0.032712359550561794
2007-12-17,13.52171011235955
2007-12-18,32.98765393258427
2007-12-19,21.951269662921348
2007-12-20,33.8332404494382
2007-12-21,0
2007-12-22,0
2007-12-23,7.750532584269663
2007-12-24,0.22985393258426967
2007-12-25,0
2007-12-26,0.040889887640449436
2007-12-27,0
2007-12-28,8.711755056179776
2007-12-29,7.89754606741573
2007-12-30,4.548229213483146
2007-12-31,0
2008-01-01,0
2008-01-02,1.4831460674157303e-4
2008-01-03,5.898240449438203
2008-01-04,92.19162696629213
2008-01-05,62.72835280898877
2008-01-06,17.385687640449436
2008-01-07,6.158694382022472
2008-01-08,4.7342831460674155
2008-01-09,23.658447191011238
2008-01-10,12.883213483146067
2008-01-11,3.470161797752809
2008-01-12,0.8266224719101124
2008-01-13,0.8458337078651685
2008-01-14,0.0378561797752809
2008-01-15,0
2008-01-16,0
2008-01-17,0
2008-01-18,0.027393258426966292
2008-01-19,0
2008-01-20,2.3146067415730337e-4
2008-01-21,0.03866966292134831
2008-01-22,7.805191011235955
2008-01-23,1.667591011235955
2008-01-24,2.050341573033708
2008-01-25,15.946388764044944
2008-01-26,96.10930337078652
2008-01-27,16.91263370786517
2008-01-28,13.415065168539325
2008-01-29,3.2290426966292136
2008-01-30,10.105887640449438
2008-01-31,5.342813483146068
2008-02-01,38.1697393258427
2008-02-02,1.55861797752809
2008-02-03,43.067411235955056
2008-02-04,3.649997752808989
2008-02-05,0
2008-02-06,0.19344269662921348
2008-02-07,0
2008-02-08,0
2008-02-09,0
2008-02-10,0
2008-02-11,0
2008-02-12,0
2008-02-13,0
2008-02-14,0
2008-02-15,0
2008-02-16,0
2008-02-17,0
2008-02-18,0
2008-02-19,0.022912359550561798
2008-02-20,4.047096629213483
2008-02-21,1.1455146067415731
2008-02-22,9.550002247191012
2008-02-23,1.5113865168539327
2008-02-24,35.288606741573034
2008-02-25,23.700386516853932
2008-02-26,0
2008-02-27,0
2008-02-28,0
2008-02-29,0
2008-03-01,3.056179775280899e-4
2008-03-02,0.16639550561797753
2008-03-03,0
2008-03-04,0
2008-03-05,0
2008-03-06,0
2008-03-07,0
2008-03-08,0
2008-03-09,0
2008-03-10,0
2008-03-11,0
2008-03-12,0
2008-03-13,2.3187213483146065
2008-03-14,1.8502337078651685
2008-03-15,5.975269662921348
2008-03-16,1.0943752808988765
2008-03-17,0
2008-03-18,0
2008-03-19,0
2008-03-20,0.07937977528089887
2008-03-21,0
2008-03-22,0
2008-03-23,0
2008-03-24,0
2008-03-25,0
2008-03-26,0
2008-03-27,0.9088112359550562
2008-03-28,0
2008-03-29,4.6672202247191015
2008-03-30,0
2008-03-31,0
2008-04-01,0
2008-04-02,0
2008-04-03,0
2008-04-04,0
2008-04-05,0
2008-04-06,0
2008-04-07,0.07039775280898877
2008-04-08,0
2008-04-09,0
2008-04-10,0
2008-04-11,0
2008-04-12,0
2008-04-13,0
2008-04-14,0
2008-04-15,0.04502921348314607
2008-04-16,0
2008-04-17,0
2008-04-18,0
2008-04-19,0
2008-04-20,0
2008-04-21,0
2008-04-22,0
2008-04-23,10.074056179775281
2008-04-24,1.8130988764044944
2008-04-25,0
2008-04-26,0
2008-04-27,0
2008-04-28,0
2008-04-29,0
2008-04-30,0
2008-05-01,0
2008-05-02,2.2696629213483148e-4
2008-05-03,0
2008-05-04,0
2008-05-05,0
2008-05-06,0
2008-05-07,0
2008-05-08,0
2008-05-09,0
2008-05-10,0
2008-05-11,0
2008-05-12,0
2008-05-13,0
2008-05-14,0
2008-05-15,0
2008-05-16,0
2008-05-17,0
2008-05-18,0
2008-05-19,0
2008-05-20,0
2008-05-21,0
2008-05-22,0
2008-05-23,0
2008-05-24,0
2008-05-25,0.8899662921348315
2008-05-26,0
2008-05-27,0
2008-05-28,4.4719101123595503e-4
2008-05-29,0
2008-05-30,0
2008-05-31,0
2008-06-01,0
2008-06-02,0
2008-06-03,0
2008-06-04,0
2008-06-05,0
2008-06-06,0
2008-06-07,0
2008-06-08,0
2008-06-09,0
2008-06-10,0
2008-06-11,0
2008-06-12,0
2008-06-13,0
2008-06-14,0
2008-06-15,0
2008-06-16,0
2008-06-17,0
2008-06-18,0
2008-06-19,0
2008-06-20,0
2008-06-21,0
2008-06-22,0.038303370786516855
2008-06-23,0
2008-06-24,0
2008-06-25,0
2008-06-26,0
2008-06-27,0
2008-06-28,0
2008-06-29,0
2008-06-30,0
2008-07-01,0
2008-07-02,0
2008-07-03,0
2008-07-04,0
2008-07-05,0
2008-07-06,0
2008-07-07,0
2008-07-08,0
2008-07-09,0
2008-07-10,0
2008-07-11,0
2008-07-12,0
2008-07-13,0
2008-07-14,0
2008-07-15,0
2008-07-16,0
2008-07-17,0
2008-07-18,0
2008-07-19,0
2008-07-20,0
2008-07-21,0
2008-07-22,0
2008-07-23,0
2008-07-24,0
2008-07-25,0
2008-07-26,0
2008-07-27,0
2008-07-28,0
2008-07-29,0
2008-07-30,0
2008-07-31,0
2008-08-01,0
2008-08-02,0
2008-08-03,0
2008-08-04,0
2008-08-05,0
2008-08-06,0
2008-08-07,0
2008-08-08,0
2008-08-09,0
2008-08-10,0
2008-08-11,0
2008-08-12,0
2008-08-13,0
2008-08-14,0
2008-08-15,0
2008-08-16,0
2008-08-17,0
2008-08-18,0.011786516853932585
2008-08-19,0
2008-08-20,0
2008-08-21,0
2008-08-22,0
2008-08-23,0
2008-08-24,0
2008-08-25,0
2008-08-26,0
2008-08-27,0
2008-08-28,0
2008-08-29,0
2008-08-30,0
2008-08-31,0
2008-09-01,0
2008-09-02,0
2008-09-03,0
2008-09-04,0
2008-09-05,0
2008-09-06,0
2008-09-07,0
2008-09-08,0
2008-09-09,0
2008-09-10,0
2008-09-11,0
2008-09-12,0
2008-09-13,0
2008-09-14,0
2008-09-15,0
2008-09-16,0
2008-09-17,0
2008-09-18,0
2008-09-19,0
2008-09-20,2.1919865168539325
2008-09-21,0
2008-09-22,0
2008-09-23,0
2008-09-24,0
2008-09-25,0
2008-09-26,0
2008-09-27,0
2008-09-28,0
2008-09-29,0
2008-09-30,0
2008-10-01,0
2008-10-02,1.0891505617977528
2008-10-03,0.8147280898876404
2008-10-04,33.931103370786516
2008-10-05,2.089098876404494
2008-10-06,0
2008-10-07,0
2008-10-08,0
2008-10-09,0
2008-10-10,0
2008-10-11,0
2008-10-12,0
2008-10-13,0
2008-10-14,0
2008-10-15,0
2008-10-16,0
2008-10-17,0
2008-10-18,0
2008-10-19,0
2008-10-20,0
2008-10-21,0
2008-10-22,0
2008-10-23,0
2008-10-24,0
2008-10-25,0
2008-10-26,0
2008-10-27,0
2008-10-28,0
2008-10-29,0
2008-10-30,4.292134831460674e-4
2008-10-31,11.54596404494382
2008-11-01,28.50153258426966
2008-11-02,39.11883146067416
2008-11-03,1.2223505617977528
2008-11-04,27.561121348314607
2008-11-05,0.508570786516854
2008-11-06,1.0638831460674159
2008-11-07,0.05553932584269663
2008-11-08,0
2008-11-09,3.8196
2008-11-10,0
2008-11-11,0
2008-11-12,0.13028988764044944
2008-11-13,0
2008-11-14,0
2008-11-15,0
2008-11-16,0
2008-11-17,0
2008-11-18,0
2008-11-19,0
2008-11-20,0.5743528089887641
2008-11-21,0.8242449438202247
2008-11-22,0
2008-11-23,0
2008-11-24,0
2008-11-25,0
2008-11-26,0.7114786516853933
2008-11-27,0.6289730337078652
2008-11-28,3.303370786516854e-4
2008-11-29,0
2008-11-30,0
2008-12-01,0
2008-12-02,0.02230561797752809
2008-12-03,0
2008-12-04,0
2008-12-05,0
2008-12-06,0
2008-12-07,0
2008-12-08,0
2008-12-09,0
2008-12-10,0
2008-12-11,0
2008-12-12,0
2008-12-13,0.2705011235955056
2008-12-14,0.1765056179775281
2008-12-15,15.28883595505618
2008-12-16,4.881613483146068
2008-12-17,0.037732584269662924
2008-12-18,0
2008-12-19,15.622303370786517
2008-12-20,0.1275752808988764
2008-12-21,2.6646584269662923
2008-12-22,16.021260674157304
2008-12-23,3.461047191011236
2008-12-24,12.429280898876405
2008-12-25,36.380557303370786
2008-12-26,1.8042516853932584
2008-12-27,5.48314606741573e-4
2008-12-28,4.938184269662921
2008-12-29,2.000761797752809
2008-12-30,0.5065662921348315
2008-12-31,0.12026516853932584
2009-01-01,0
2009-01-02,5.493157303370786
2009-01-03,3.149276404494382
2009-01-04,0
2009-01-05,1.4194966292134832
2009-01-06,5.23965393258427
2009-01-07,0.046067415730337076
2009-01-08,0.0038089887640449438
2009-01-09,0.012501123595505618
2009-01-10,0
2009-01-11,0
2009-01-12,0
2009-01-13,0
2009-01-14,0
2009-01-15,0
2009-01-16,0
2009-01-17,0
2009-01-18,0
2009-01-19,0
2009-01-20,0
2009-01-21,0
2009-01-22,3.1286449438202246
2009-01-23,1.0174359550561798
2009-01-24,1.1207955056179775
2009-01-25,0.0035752808988764044
2009-01-26,0.01903820224719101
2009-01-27,0
2009-01-28,0.018975280898876404
2009-01-29,0
2009-01-30,0
2009-01-31,0
2009-02-01,0
2009-02-02,0
2009-02-03,0
2009-02-04,0
2009-02-05,3.978779775280899
2009-02-06,19.828280898876404
2009-02-07,5.685098876404495
2009-02-08,0.0063370786516853935
2009-02-09,5.913570786516854
2009-02-10,0.07215505617977529
2009-02-11,13.65905393258427
2009-02-12,8.935231460674157
2009-02-13,13.189460674157303
2009-02-14,12.503103370786517
2009-02-15,27.237995505617977
2009-02-16,34.193231460674156
2009-02-17,31.349519101123594
2009-02-18,8.173898876404495
2009-02-19,0.9949662921348315
2009-02-20,0
2009-02-21,0
2009-02-22,33.25963146067416
2009-02-23,41.280242696629216
2009-02-24,18.000975280898878
2009-02-25,0.7950988764044944
2009-02-26,11.81605617977528
2009-02-27,0.19299775280898876
2009-02-28,0.018451685393258425
2009-03-01,8.28060224719101
2009-03-02,34.92469213483146
2009-03-03,24.830121348314606
2009-03-04,10.48365617977528
2009-03-05,1.701761797752809
2009-03-06,0.050047191011235954
2009-03-07,0
2009-03-08,0
2009-03-09,0
2009-03-10,0
2009-03-11,0
2009-03-12,0
2009-03-13,0
2009-03-14,0
2009-03-15,3.2554157303370785
2009-03-16,6.717516853932584
2009-03-17,4.366887640449439
2009-03-18,0.003397752808988764
2009-03-19,0
2009-03-20,0
2009-03-21,0
2009-03-22,12.187132584269662
2009-03-23,1.080152808988764
2009-03-24,0
2009-03-25,0
2009-03-26,0
2009-03-27,0
2009-03-28,0
2009-03-29,0
2009-03-30,0
2009-03-31,0
2009-04-01,0
2009-04-02,0
2009-04-03,0.03902696629213483
2009-04-04,0
2009-04-05,0
2009-04-06,0
2009-04-07,0
2009-04-08,6.866166292134832
2009-04-09,0.5772112359550562
2009-04-10,8.613539325842696
2009-04-11,0.1135685393258427
2009-04-12,0
2009-04-13,0
2009-04-14,0
2009-04-15,0
2009-04-16,0
2009-04-17,0
2009-04-18,0
2009-04-19,0
2009-04-20,0.011970786516853934
2009-04-21,0
2009-04-22,0
2009-04-23,0
2009-04-24,0
2009-04-25,0
2009-04-26,0
2009-04-27,0
2009-04-28,0
2009-04-29,0
2009-04-30,0
2009-05-01,0.0019078651685393258
2009-05-02,18.504991011235955
2009-05-03,23.149939325842695
2009-05-04,5.686543820224719
2009-05-05,31.719728089887642
2009-05-06,1.3862696629213482
2009-05-07,2.8000651685393256
2009-05-08,0
2009-05-09,0
2009-05-10,0
2009-05-11,0
2009-05-12,0
2009-05-13,0
2009-05-14,0
2009-05-15,0
2009-05-16,0
2009-05-17,0
2009-05-18,0
2009-05-19,0
2009-05-20,0
2009-05-21,0
2009-05-22,0
2009-05-23,0
2009-05-24,0
2009-05-25,0
2009-05-26,0
2009-05-27,0
2009-05-28,0
2009-05-29,0
2009-05-30,0.0104561797752809
2009-05-31,0
2009-06-01,0
2009-06-02,0
2009-06-03,0.2701415730337079
2009-06-04,0.5913483146067415
2009-06-05,0
2009-06-06,0
2009-06-07,4.8764044943820227e-4
2009-06-08,0
2009-06-09,0
2009-06-10,0
2009-06-11,0
2009-06-12,0
2009-06-13,0
2009-06-14,0
2009-06-15,0
2009-06-16,0.04952584269662921
2009-06-17,0
2009-06-18,0
2009-06-19,0
2009-06-20,0
2009-06-21,0
2009-06-22,0
2009-06-23,0
2009-06-24,0
2009-06-25,0
2009-06-26,0
2009-06-27,0
2009-06-28,0
2009-06-29,0
2009-06-30,0
2009-07-01,0
2009-07-02,0
2009-07-03,0
2009-07-04,0
2009-07-05,0.002597752808988764
2009-07-06,0.00230561797752809
2009-07-07,0
2009-07-08,0
2009-07-09,0
2009-07-10,0
2009-07-11,0
2009-07-12,0
2009-07-13,0
2009-07-14,0
2009-07-15,0
2009-07-16,0
2009-07-17,0
2009-07-18,0
2009-07-19,0
2009-07-20,0
2009-07-21,0.00230561797752809
2009-07-22,0
2009-07-23,0
2009-07-24,0
2009-07-25,0
2009-07-26,0
2009-07-27,0
2009-07-28,0
2009-07-29,0
2009-07-30,0
2009-07-31,0.00230561797752809
2009-08-01,0
2009-08-02,0
2009-08-03,0
2009-08-04,0
2009-08-05,0
2009-08-06,0.009685393258426966
2009-08-07,0.05544044943820225
2009-08-08,0
2009-08-09,0
2009-08-10,0
2009-08-11,0
2009-08-12,0
2009-08-13,0
2009-08-14,0
2009-08-15,0
2009-08-16,0
2009-08-17,0
2009-08-18,0
2009-08-19,0
2009-08-20,0.01467191011235955
2009-08-21,0
2009-08-22,0
2009-08-23,0
2009-08-24,0
2009-08-25,0
2009-08-26,0
2009-08-27,0
2009-08-28,0
2009-08-29,0
2009-08-30,0
2009-08-31,0
2009-09-01,0
2009-09-02,0
2009-09-03,0
2009-09-04,0
2009-09-05,0
2009-09-06,0
2009-09-07,0
2009-09-08,0
2009-09-09,0
2009-09-10,0
2009-09-11,0
2009-09-12,0.3348449438202247
2009-09-13,0.039503370786516855
2009-09-14,2.8151370786516856
2009-09-15,0.016438202247191013
2009-09-16,0
2009-09-17,0
2009-09-18,0
2009-09-19,0
2009-09-20,3.2359550561797753e-4
2009-09-21,0
2009-09-22,0
2009-09-23,0
2009-09-24,0
2009-09-25,0.009110112359550561
2009-09-26,0
2009-09-27,0
2009-09-28,0
2009-09-29,0
2009-09-30,0
2009-10-01,0
2009-10-02,0
2009-10-03,0
2009-10-04,0
2009-10-05,0
2009-10-06,0
2009-10-07,0
2009-10-08,0
2009-10-09,0
2009-10-10,0
2009-10-11,0.009501123595505619
2009-10-12,0.1299258426966292
2009-10-13,29.546269662921347
2009-10-14,65.5471595505618
2009-10-15,5.505285393258427
2009-10-16,1.30618202247191
2009-10-17,0.01786516853932584
2009-10-18,0.002703370786516854
2009-10-19,3.0541168539325843
2009-10-20,7.906543820224719
2009-10-21,0
2009-10-22,0
2009-10-23,0.00815505617977528
2009-10-24,0
2009-10-25,0
2009-10-26,2.202247191011236e-4
2009-10-27,0.0497370786516854
2009-10-28,0
2009-10-29,0
2009-10-30,0
2009-10-31,0
2009-11-01,0
2009-11-02,0
2009-11-03,0
2009-11-04,0
2009-11-05,1.494941573033708
2009-11-06,11.572420224719101
2009-11-07,2.4996719101123595
2009-11-08,0
2009-11-09,0
2009-11-10,0.3147101123595506
2009-11-11,5.8426966292134835e-5
2009-11-12,0.0010179775280898878
2009-11-13,0
2009-11-14,0.12108539325842697
2009-11-15,0
2009-11-16,6.067415730337079e-5
2009-11-17,0.0018359550561797753
2009-11-18,6.926047191011236
2009-11-19,0
2009-11-20,2.5396426966292136
2009-11-21,20.579606741573034
2009-11-22,4.116948314606741
2009-11-23,1.1184134831460675
2009-11-24,0
2009-11-25,0
2009-11-26,0
2009-11-27,1.6548674157303371
2009-11-28,0.3286179775280899
2009-11-29,0
2009-11-30,0
2009-12-01,0
2009-12-02,0
2009-12-03,0
2009-12-04,0
2009-12-05,0.024213483146067416
2009-12-06,0
2009-12-07,0.48957752808988764
2009-12-08,0
2009-12-09,0
2009-12-10,0
2009-12-11,5.112883146067416
2009-12-12,10.54272584269663
2009-12-13,29.992883146067417
2009-12-14,0.44626516853932585
2009-12-15,0.33076629213483144
2009-12-16,31.367480898876405
2009-12-17,1.257647191011236
2009-12-18,1.2576449438202246
2009-12-19,0.5131393258426966
2009-12-20,0.22148539325842695
2009-12-21,9.13765393258427
2009-12-22,4.764889887640449
2009-12-23,0
2009-12-24,0
2009-12-25,0
2009-12-26,0.04014831460674157
2009-12-27,9.645199999999999
2009-12-28,0.12924044943820226
2009-12-29,0.12087865168539326
2009-12-30,10.508640449438202
2009-12-31,0.3006134831460674
2010-01-01,4.829022471910112
2010-01-02,14.97580224719101
2010-01-03,0.03482022471910112
2010-01-04,0
2010-01-05,0
2010-01-06,0.008321348314606743
2010-01-07,0.024044943820224717
2010-01-08,0.31309662921348314
2010-01-09,0.3835123595505618
2010-01-10,0.010404494382022473
2010-01-11,0
2010-01-12,35.73756179775281
2010-01-13,22.22488988764045
2010-01-14,0.8552269662921348
2010-01-15,0.008952808988764046
2010-01-16,0
2010-01-17,5.354287640449439
2010-01-18,42.03750337078652
2010-01-19,59.55979101123596
2010-01-20,53.09950112359551
2010-01-21,48.29732584269663
2010-01-22,20.932483146067415
2010-01-23,12.181548314606742
2010-01-24,3.6242606741573034
2010-01-25,37.45052584269663
2010-01-26,51.368047191011236
2010-01-27,0.7460539325842697
2010-01-28,0.01455056179775281
2010-01-29,0.017685393258426964
2010-01-30,8.060267415730337
2010-01-31,0.8913460674157303
2010-02-01,0.18215730337078653
2010-02-02,1.3904247191011236
2010-02-03,1.5998539325842696
2010-02-04,0.12125393258426966
2010-02-05,45.27141348314607
2010-02-06,15.354339325842696
2010-02-07,4.829480898876405
2010-02-08,0.002361797752808989
2010-02-09,6.94289213483146
2010-02-10,0.5912179775280899
2010-02-11,0.18636404494382022
2010-02-12,8.067916853932584
2010-02-13,1.4919752808988764
2010-02-14,0
2010-02-15,0.006651685393258427
2010-02-16,0
2010-02-17,0
2010-02-18,0
2010-02-19,0
2010-02-20,0.12432134831460674
2010-02-21,0.015714606741573035
2010-02-22,0.3000247191011236
2010-02-23,0.006413483146067415
2010-02-24,43.68217303370786
2010-02-25,0.22556404494382024
2010-02-26,2.6879775280898874
2010-02-27,30.313934831460674
2010-02-28,2.116
2010-03-01,0.02021573033707865
2010-03-02,16.47288764044944
2010-03-03,22.083004494382024
2010-03-04,7.795838202247191
2010-03-05,0.021265168539325842
2010-03-06,0
2010-03-07,0.03361573033707865
2010-03-08,0.1314067415730337
2010-03-09,2.555067415730337
2010-03-10,8.307137078651685
2010-03-11,0.23490337078651685
2010-03-12,4.565431460674158
2010-03-13,26.526811235955055
2010-03-14,0.8866696629213483
2010-03-15,0
2010-03-16,0
2010-03-17,0
2010-03-18,0
2010-03-19,0
2010-03-20,0
2010-03-21,0.02657303370786517
2010-03-22,0.05112359550561798
2010-03-23,0
2010-03-24,0
2010-03-25,8.490465168539325
2010-03-26,3.9101191011235956
2010-03-27,0
2010-03-28,0.21399550561797753
2010-03-29,7.402285393258427
2010-03-30,15.158791011235955
2010-03-31,11.485988764044944
2010-04-01,16.648121348314607
2010-04-02,1.3095101123595505
2010-04-03,17.47230561797753
2010-04-04,2.374539325842697
2010-04-05,31.926892134831462
2010-04-06,6.7466
2010-04-07,0.05638651685393258
2010-04-08,0
2010-04-09,0
2010-04-10,0
2010-04-11,5.375806741573034
2010-04-12,66.92121123595506
2010-04-13,8.395148314606741
2010-04-14,0.6420516853932584
2010-04-15,1.5191168539325843
2010-04-16,0
2010-04-17,4.044943820224719e-4
2010-04-18,0
2010-04-19,0
2010-04-20,12.14076404494382
2010-04-21,3.5024359550561797
2010-04-22,0.07272808988764046
2010-04-23,6.584269662921348e-4
2010-04-24,0
2010-04-25,0
2010-04-26,0
2010-04-27,23.52761797752809
2010-04-28,13.88520224719101
2010-04-29,8.004993258426966
2010-04-30,0.7977191011235956
2010-05-01,0
2010-05-02,0
2010-05-03,0
2010-05-04,0
2010-05-05,0
2010-05-06,0
2010-05-07,0
2010-05-08,0
2010-05-09,0.0014606741573033708
2010-05-10,1.1261797752808989
2010-05-11,10.37996404494382
2010-05-12,0.005
2010-05-13,0
2010-05-14,0
2010-05-15,0
2010-05-16,0
2010-05-17,0.001449438202247191
2010-05-18,13.550831460674157
2010-05-19,5.078651685393259e-4
2010-05-20,3.777912359550562
2010-05-21,0
2010-05-22,0.8653955056179775
2010-05-23,0.17170786516853934
2010-05-24,6.224719101123596e-4
2010-05-25,0.7088696629213483
2010-05-26,13.818008988764046
2010-05-27,8.724274157303372
2010-05-28,15.100622471910112
2010-05-29,0
2010-05-30,0
2010-05-31,0
2010-06-01,0.021348314606741574
2010-06-02,0
2010-06-03,0.5219640449438202
2010-06-04,2.340444943820225
2010-06-05,2.1908044943820224
2010-06-06,2.0674157303370786e-4
2010-06-07,0.0047752808988764045
2010-06-08,0
2010-06-09,1.0975595505617977
2010-06-10,0.2043258426966292
2010-06-11,0
2010-06-12,0
2010-06-13,0
2010-06-14,0
2010-06-15,0
2010-06-16,0
2010-06-17,0
2010-06-18,0
2010-06-19,0
2010-06-20,0
2010-06-21,0
2010-06-22,0
2010-06-23,0
2010-06-24,0
2010-06-25,0
2010-06-26,0
2010-06-27,0
2010-06-28,0
2010-06-29,0
2010-06-30,0
2010-07-01,0
2010-07-02,0
2010-07-03,0
2010-07-04,0
2010-07-05,0
2010-07-06,0.0052988764044943825
2010-07-07,0
2010-07-08,0
2010-07-09,0
2010-07-10,0
2010-07-11,0
2010-07-12,0
2010-07-13,0
2010-07-14,0
2010-07-15,0
2010-07-16,0
2010-07-17,0
2010-07-18,0
2010-07-19,0
2010-07-20,0
2010-07-21,0
2010-07-22,0
2010-07-23,0
2010-07-24,0
2010-07-25,0
2010-07-26,0
2010-07-27,0
2010-07-28,0
2010-07-29,0.03064494382022472
2010-07-30,0.0010651685393258427
2010-07-31,0
2010-08-01,0
2010-08-02,0
2010-08-03,0
2010-08-04,0
2010-08-05,0
2010-08-06,0
2010-08-07,0
2010-08-08,0
2010-08-09,0
2010-08-10,5.685393258426966e-4
2010-08-11,0.06779550561797754
2010-08-12,5.685393258426966e-4
2010-08-13,0.04528539325842697
2010-08-14,0
2010-08-15,0
2010-08-16,0
2010-08-17,0
2010-08-18,0
2010-08-19,0
2010-08-20,5.685393258426966e-4
2010-08-21,0.037766292134831465
2010-08-22,0.01646067415730337
2010-08-23,0
2010-08-24,0
2010-08-25,0
2010-08-26,0
2010-08-27,0
2010-08-28,0
2010-08-29,0
2010-08-30,0
2010-08-31,0
2010-09-01,0
2010-09-02,0
2010-09-03,0
2010-09-04,0
2010-09-05,0
2010-09-06,0
2010-09-07,0
2010-09-08,0.0018606741573033707
2010-09-09,0.0027775280898876408
2010-09-10,0
2010-09-11,0
2010-09-12,0
2010-09-13,0.007743820224719101
2010-09-14,0
2010-09-15,0.007743820224719101
2010-09-16,0
2010-09-17,0.002460674157303371
2010-09-18,0.04478876404494382
2010-09-19,2.4747865168539325
2010-09-20,2.4036651685393258
2010-09-21,0.02378876404494382
2010-09-22,0
2010-09-23,0
2010-09-24,8.067415730337079e-4
2010-09-25,0
2010-09-26,0
2010-09-27,0.0013303370786516854
2010-09-28,0
2010-09-29,0
2010-09-30,0
2010-10-01,0
2010-10-02,0
2010-10-03,0
2010-10-04,0
2010-10-05,0
2010-10-06,0.0228
2010-10-07,0.1409056179775281
2010-10-08,0
2010-10-09,0
2010-10-10,0
2010-10-11,0
2010-10-12,0
2010-10-13,0
2010-10-14,0
2010-10-15,0
2010-10-16,0
2010-10-17,0.22423595505617977
2010-10-18,1.6095168539325841
2010-10-19,0
2010-10-20,0
2010-10-21,0
2010-10-22,2.216579775280899
2010-10-23,8.131260674157303
2010-10-24,81.37998651685393
2010-10-25,58.77220898876404
2010-10-26,0.2606089887640449
2010-10-27,0.03478876404494382
2010-10-28,10.471505617977527
2010-10-29,30.87196853932584
2010-10-30,8.2930202247191
2010-10-31,1.1641573033707866
2010-11-01,0.0012808988764044943
2010-11-02,0
2010-11-03,0
2010-11-04,0
2010-11-05,0
2010-11-06,0.11551685393258428
2010-11-07,30.16069213483146
2010-11-08,4.45547191011236
2010-11-09,0
2010-11-10,5.627712359550562
2010-11-11,0.0029707865168539325
2010-11-12,0
2010-11-13,0
2010-11-14,0
2010-11-15,0
2010-11-16,0
2010-11-17,0
2010-11-18,0
2010-11-19,0.14152808988764046
2010-11-20,5.249561797752809
2010-11-21,28.349083146067414
2010-11-22,6.444152808988764
2010-11-23,10.542676404494381
2010-11-24,1.064791011235955
2010-11-25,0
2010-11-26,0
2010-11-27,12.357451685393258
2010-11-28,7.171283146067416
2010-11-29,0.001948314606741573
2010-11-30,4.98876404494382e-4
2010-12-01,1.842696629213483e-4
2010-12-02,0.7001730337078651
2010-12-03,11.387660674157303
2010-12-04,1.1530719101123597
2010-12-05,2.339498876404494
2010-12-06,41.0412
2010-12-07,1.351773033707865
2010-12-08,10.805907865168539
2010-12-09,7.109474157303371
2010-12-10,2.3432808988764044
2010-12-11,0.8969370786516854
2010-12-12,0.0082561797752809
2010-12-13,0.00806067415730337
2010-12-14,14.634604494382023
2010-12-15,2.2693348314606743
2010-12-16,0.002847191011235955
2010-12-17,2.550220224719101
2010-12-18,23.61523370786517
2010-12-19,24.714435955056178
2010-12-20,21.02826966292135
2010-12-21,15.261833707865168
2010-12-22,31.270312359550562
2010-12-23,0.9140314606741573
2010-12-24,0
2010-12-25,0
2010-12-26,30.097485393258427
2010-12-27,9.93776404494382
2010-12-28,1.5443460674157303
2010-12-29,55.968193258426965
2010-12-30,0.4288584269662921
2010-12-31,0.4714449438202247
2011-01-01,10.268276404494381
2011-01-02,10.099737078651685
2011-01-03,1.3457595505617979
2011-01-04,0.004359550561797753
2011-01-05,0
2011-01-06,0
2011-01-07,4.674157303370786e-4
2011-01-08,8.584269662921348e-4
2011-01-09,0.0017910112359550562
2011-01-10,0
2011-01-11,4.044943820224719e-4
2011-01-12,2.6964921348314608
2011-01-13,4.356251685393258
2011-01-14,8.921647191011235
2011-01-15,0
2011-01-16,6.067415730337079e-5
2011-01-17,0
2011-01-18,0.001847191011235955
2011-01-19,0
2011-01-20,0
2011-01-21,0
2011-01-22,0
2011-01-23,0
2011-01-24,0
2011-01-25,0
2011-01-26,0
2011-01-27,0
2011-01-28,0
2011-01-29,1.1910112359550563e-4
2011-01-30,16.43410561797753
2011-01-31,2.0689438202247192
2011-02-01,0
2011-02-02,0
2011-02-03,0
2011-02-04,0
2011-02-05,0
2011-02-06,0
2011-02-07,0
2011-02-08,0
2011-02-09,0
2011-02-10,0
2011-02-11,0
2011-02-12,0
2011-02-13,0
2011-02-14,10.594851685393259
2011-02-15,17.63294157303371
2011-02-16,67.48832359550562
2011-02-17,14.747543820224719
2011-02-18,20.781739325842697
2011-02-19,5.758739325842696
2011-02-20,0.27870112359550564
2011-02-21,0.0641752808988764
2011-02-22,0
2011-02-23,0.025885393258426967
2011-02-24,0.23150337078651687
2011-02-25,21.307011235955056
2011-02-26,2.72774606741573
2011-02-27,0.025885393258426967
2011-02-28,0.041957303370786514
2011-03-01,1.9954179775280898
2011-03-02,21.012155056179775
2011-03-03,6.494408988764045
2011-03-04,0.06297977528089888
2011-03-05,0.012292134831460674
2011-03-06,15.554287640449438
2011-03-07,6.213620224719101
2011-03-08,2.993191011235955
2011-03-09,0.6617213483146067
2011-03-10,0.0663370786516854
2011-03-11,5.876249438202247
2011-03-12,0
2011-03-13,0.23483595505617977
2011-03-14,20.22663370786517
2011-03-15,4.841373033707865
2011-03-16,42.64570786516854
2011-03-17,1.2978786516853933
2011-03-18,16.172973033707866
2011-03-19,24.748712359550563
2011-03-20,47.89330786516854
2011-03-21,5.267341573033708
2011-03-22,0.4833191011235955
2011-03-23,27.584134831460673
2011-03-24,25.82983595505618
2011-03-25,38.28058202247191
2011-03-26,26.408716853932585
2011-03-27,5.997402247191011
2011-03-28,5.7937483146067414
2011-03-29,0.0013123595505617977
2011-03-30,0
2011-03-31,0
2011-04-01,0
2011-04-02,0
2011-04-03,0
2011-04-04,0
2011-04-05,0
2011-04-06,0
2011-04-07,0.6724719101123595
2011-04-08,0.1692
2011-04-09,7.280898876404494e-4
2011-04-10,0
2011-04-11,2.5168539325842694e-4
2011-04-12,0.034570786516853934
2011-04-13,1.8578719101123595
2011-04-14,2.8973865168539326
2011-04-15,0.22318876404494384
2011-04-16,0.8471460674157304
2011-04-17,0.11427640449438202
2011-04-18,0.822561797752809
2011-04-19,2.3180157303370788
2011-04-20,0.1597573033707865
2011-04-21,7.3699415730337074
2011-04-22,5.932584269662921e-4
2011-04-23,0
2011-04-24,2.4901573033707867
2011-04-25,4.580721348314607
2011-04-26,0.6903123595505618
2011-04-27,0
2011-04-28,0
2011-04-29,0
2011-04-30,0
2011-05-01,0
2011-05-02,0
2011-05-03,0
2011-05-04,0
2011-05-05,0
2011-05-06,0
2011-05-07,0
2011-05-08,0.030793258426966293
2011-05-09,0
2011-05-10,0.021078651685393256
2011-05-11,0
2011-05-12,0
2011-05-13,0
2011-05-14,0.0028179775280898875
2011-05-15,7.132391011235955
2011-05-16,6.134141573033708
2011-05-17,15.1200202247191
2011-05-18,10.16819775280899
2011-05-19,0.1809438202247191
2011-05-20,0
2011-05-21,0
2011-05-22,0
2011-05-23,0
2011-05-24,0
2011-05-25,1.2249955056179775
2011-05-26,10.717883146067416
2011-05-27,1.2177303370786516
2011-05-28,0.37068314606741576
2011-05-29,3.566516853932584
2011-05-30,0
2011-05-31,5.17541797752809
2011-06-01,2.7797191011235953
2011-06-02,7.430240449438203
2011-06-03,0.19187191011235954
2011-06-04,8.649714606741574
2011-06-05,19.254449438202247
2011-06-06,6.7045415730337075
2011-06-07,0.06865168539325843
2011-06-08,0
2011-06-09,0
2011-06-10,0
2011-06-11,0
2011-06-12,0
2011-06-13,0
2011-06-14,0
2011-06-15,0
2011-06-16,0
2011-06-17,0
2011-06-18,0
2011-06-19,0
2011-06-20,0
2011-06-21,0
2011-06-22,0
2011-06-23,0
2011-06-24,0
2011-06-25,0
2011-06-26,0
2011-06-27,0
2011-06-28,3.9918831460674156
2011-06-29,11.19727415730337
2011-06-30,0.19719101123595506
2011-07-01,0
2011-07-02,0
2011-07-03,0
2011-07-04,0
2011-07-05,0
2011-07-06,0
2011-07-07,0
2011-07-08,0
2011-07-09,0
2011-07-10,0
2011-07-11,0
2011-07-12,0
2011-07-13,0
2011-07-14,0
2011-07-15,0
2011-07-16,0.001656179775280899
2011-07-17,0.012359550561797753
2011-07-18,0
2011-07-19,0.0033752808988764048
2011-07-20,0
2011-07-21,0
2011-07-22,0
2011-07-23,0
2011-07-24,0
2011-07-25,0
2011-07-26,0
2011-07-27,0
2011-07-28,0
2011-07-29,0
2011-07-30,0.013577528089887641
2011-07-31,0.0015573033707865168
2011-08-01,0.039799999999999995
2011-08-02,0.1527865168539326
2011-08-03,0
2011-08-04,0
2011-08-05,0
2011-08-06,0
2011-08-07,0.02530561797752809
2011-08-08,0
2011-08-09,0
2011-08-10,0
2011-08-11,0
2011-08-12,0
2011-08-13,0
2011-08-14,0
2011-08-15,0
2011-08-16,0
2011-08-17,0
2011-08-18,0
2011-08-19,0.0292561797752809
2011-08-20,0
2011-08-21,0.007851685393258426
2011-08-22,0
2011-08-23,0
2011-08-24,0
2011-08-25,0
2011-08-26,0
2011-08-27,0
2011-08-28,0
2011-08-29,0
2011-08-30,0
2011-08-31,0
2011-09-01,0
2011-09-02,0
2011-09-03,0
2011-09-04,0
2011-09-05,0
2011-09-06,0
2011-09-07,0
2011-09-08,0
2011-09-09,0
2011-09-10,0
2011-09-11,1.50561797752809e-4
2011-09-12,0.03898876404494382
2011-09-13,0
2011-09-14,0
2011-09-15,0
2011-09-16,0
2011-09-17,0
2011-09-18,0
2011-09-19,0
2011-09-20,0
2011-09-21,0
2011-09-22,0
2011-09-23,0
2011-09-24,0
2011-09-25,0.11035280898876405
2011-09-26,0.3908179775280899
2011-09-27,0
2011-09-28,0
2011-09-29,0
2011-09-30,0.05586966292134831
2011-10-01,0
2011-10-02,0.15022247191011237
2011-10-03,1.5298314606741572
2011-10-04,24.969287640449437
2011-10-05,34.649867415730334
2011-10-06,8.350793258426966
2011-10-07,2.044550561797753
2011-10-08,0
2011-10-09,0
2011-10-10,1.004914606741573
2011-10-11,17.86388988764045
2011-10-12,0
2011-10-13,0
2011-10-14,0
2011-10-15,0
2011-10-16,0
2011-10-17,0
2011-10-18,0
2011-10-19,0
2011-10-20,0
2011-10-21,0
2011-10-22,0
2011-10-23,0
2011-10-24,0
2011-10-25,0
2011-10-26,0
2011-10-27,0
2011-10-28,0
2011-10-29,0
2011-10-30,0
2011-10-31,0
2011-11-01,0
2011-11-02,0
2011-11-03,0
2011-11-04,0.7169752808988764
2011-11-05,0.04528089887640449
2011-11-06,16.58552584269663
2011-11-07,0.2744516853932584
2011-11-08,0
2011-11-09,0
2011-11-10,0
2011-11-11,0
2011-11-12,4.028289887640449
2011-11-13,0.0038651685393258427
2011-11-14,0
2011-11-15,0
2011-11-16,0
2011-11-17,0.009973033707865168
2011-11-18,1.4097011235955057
2011-11-19,3.480285393258427
2011-11-20,24.623166292134833
2011-11-21,1.5146584269662922
2011-11-22,0.4154134831460674
2011-11-23,0.18608539325842696
2011-11-24,36.09927415730337
2011-11-25,2.767008988764045
2011-11-26,0.33078202247191013
2011-11-27,0.0011235955056179776
2011-11-28,0
2011-11-29,0.00437752808988764
2011-11-30,0
2011-12-01,0
2011-12-02,0
2011-12-03,0
2011-12-04,0
2011-12-05,0
2011-12-06,0
2011-12-07,0
2011-12-08,7.865168539325841e-5
2011-12-09,0
2011-12-10,0
2011-12-11,6.292134831460675e-5
2011-12-12,0.00210561797752809
2011-12-13,0.0012067415730337078
2011-12-14,0.0010314606741573034
2011-12-15,5.979285393258427
2011-12-16,0.053247191011235956
2011-12-17,0
2011-12-18,7.865168539325841e-5
2011-12-19,0
2011-12-20,0
2011-12-21,0
2011-12-22,0
2011-12-23,0
2011-12-24,0
2011-12-25,0
2011-12-26,0
2011-12-27,0
2011-12-28,0
2011-12-29,0.04104269662921348
2011-12-30,0.6881415730337079
2011-12-31,2.1024651685393256
2012-01-01,0
2012-01-02,0
2012-01-03,0.06638651685393258
2012-01-04,0
2012-01-05,0
2012-01-06,0
2012-01-07,0
2012-01-08,0
2012-01-09,0
2012-01-10,0
2012-01-11,0
2012-01-12,0
2012-01-13,0
2012-01-14,0.017523595505617977
2012-01-15,0
2012-01-16,0
2012-01-17,0
2012-01-18,0.002449438202247191
2012-01-19,2.1549123595505617
2012-01-20,33.18519775280899
2012-01-21,80.31040674157303
2012-01-22,4.97576404494382
2012-01-23,71.02766741573033
2012-01-24,1.7210112359550562
2012-01-25,0.37251460674157305
2012-01-26,1.1346876404494382
2012-01-27,0.34676404494382024
2012-01-28,0
2012-01-29,0.01602696629213483
2012-01-30,4.7415730337078656e-4
2012-01-31,0
2012-02-01,2.6828157303370785
2012-02-02,0.12756404494382023
2012-02-03,0
2012-02-04,0
2012-02-05,0
2012-02-06,0
2012-02-07,13.506838202247192
2012-02-08,10.09585617977528
2012-02-09,0
2012-02-10,1.952303370786517
2012-02-11,3.680638202247191
2012-02-12,0
2012-02-13,11.317487640449437
2012-02-14,1.0890651685393258
2012-02-15,0.5931213483146067
2012-02-16,0
2012-02-17,0
2012-02-18,0.03876179775280899
2012-02-19,0
2012-02-20,0.2979415730337079
2012-02-21,0.014658426966292135
2012-02-22,0
2012-02-23,0
2012-02-24,0
2012-02-25,0.1043752808988764
2012-02-26,0
2012-02-27,0
2012-02-28,0
2012-02-29,27.233658426966294
2012-03-01,7.474080898876404
2012-03-02,2.6845101123595505
2012-03-03,0
2012-03-04,0
2012-03-05,0
2012-03-06,0.25787640449438204
2012-03-07,0
2012-03-08,0
2012-03-09,0
2012-03-10,0
2012-03-11,1.507808988764045
2012-03-12,2.5698808988764044
2012-03-13,22.013773033707864
2012-03-14,55.68885842696629
2012-03-15,7.2081842696629215
2012-03-16,12.807591011235955
2012-03-17,24.001988764044945
2012-03-18,0.32424943820224716
2012-03-19,0.025842696629213485
2012-03-20,0.36430112359550565
2012-03-21,1.2702539325842697
2012-03-22,2.465683146067416
2012-03-23,0.12724494382022472
2012-03-24,8.245339325842696
2012-03-25,13.876451685393258
2012-03-26,1.6783595505617976
2012-03-27,24.51543820224719
2012-03-28,62.029026966292136
2012-03-29,0.11780674157303371
2012-03-30,9.54358426966292
2012-03-31,8.52538202247191
2012-04-01,19.94072584269663
2012-04-02,0
2012-04-03,0
2012-04-04,1.819761797752809
2012-04-05,0.022793258426966292
2012-04-06,0
2012-04-07,0
2012-04-08,0
2012-04-09,0
2012-04-10,4.377352808988764
2012-04-11,7.125155056179775
2012-04-12,18.227555056179774
2012-04-13,19.23596404494382
2012-04-14,1.0038426966292135
2012-04-15,0
2012-04-16,0
2012-04-17,0
2012-04-18,7.325842696629213e-4
2012-04-19,0.016683146067415732
2012-04-20,2.741573033707865e-4
2012-04-21,0
2012-04-22,0
2012-04-23,0.06675955056179776
2012-04-24,1.9257842696629215
2012-04-25,1.1750651685393259
2012-04-26,3.2462516853932586
2012-04-27,0.9171213483146067
2012-04-28,0.004887640449438202
2012-04-29,0
2012-04-30,0
2012-05-01,0
2012-05-02,0
2012-05-03,1.5009752808988763
2012-05-04,7.0744584269662925
2012-05-05,0.04250561797752809
2012-05-06,0
2012-05-07,0
2012-05-08,0
2012-05-09,0
2012-05-10,0
2012-05-11,0
2012-05-12,0
2012-05-13,0
2012-05-14,0
2012-05-15,0
2012-05-16,0
2012-05-17,0
2012-05-18,0
2012-05-19,0
2012-05-20,0
2012-05-21,0
2012-05-22,0.019579775280898874
2012-05-23,0
2012-05-24,0
2012-05-25,0
2012-05-26,0.5202157303370787
2012-05-27,0.03195955056179775
2012-05-28,0.005647191011235955
2012-05-29,0
2012-05-30,0
2012-05-31,0
2012-06-01,0
2012-06-02,0
2012-06-03,0
2012-06-04,0.22890337078651685
2012-06-05,1.7286426966292134
2012-06-06,0
2012-06-07,0
2012-06-08,0
2012-06-09,0
2012-06-10,0
2012-06-11,0
2012-06-12,0
2012-06-13,0
2012-06-14,0
2012-06-15,0
2012-06-16,0
2012-06-17,0
2012-06-18,0
2012-06-19,0
2012-06-20,0
2012-06-21,0
2012-06-22,0
2012-06-23,0.6582157303370787
2012-06-24,0
2012-06-25,0
2012-06-26,0
2012-06-27,0
2012-06-28,0
2012-06-29,0
2012-06-30,0
2012-07-01,0.0044831460674157305
2012-07-02,0
2012-07-03,0
2012-07-04,0
2012-07-05,0
2012-07-06,0
2012-07-07,0
2012-07-08,0
2012-07-09,0
2012-07-10,0
2012-07-11,0
2012-07-12,0
2012-07-13,0
2012-07-14,0
2012-07-15,0
2012-07-16,0.029566292134831463
2012-07-17,0.07650786516853933
2012-07-18,0.007817977528089888
2012-07-19,0
2012-07-20,0
2012-07-21,0
2012-07-22,0
2012-07-23,0
2012-07-24,0
2012-07-25,0
2012-07-26,0
2012-07-27,0.004644943820224719
2012-07-28,0
2012-07-29,0
2012-07-30,0
2012-07-31,0
2012-08-01,0
2012-08-02,0
2012-08-03,0
2012-08-04,0
2012-08-05,0.003925842696629213
2012-08-06,0
2012-08-07,0
2012-08-08,0
2012-08-09,0
2012-08-10,0
2012-08-11,0
2012-08-12,0
2012-08-13,0
2012-08-14,0
2012-08-15,0
2012-08-16,0
2012-08-17,0
2012-08-18,0
2012-08-19,0
2012-08-20,0
2012-08-21,0
2012-08-22,0
2012-08-23,0
2012-08-24,0
2012-08-25,0.003002247191011236
2012-08-26,0
2012-08-27,0
2012-08-28,0
2012-08-29,0
2012-08-30,0
2012-08-31,0
2012-09-01,0
2012-09-02,0
2012-09-03,0
2012-09-04,0
2012-09-05,0
2012-09-06,0
2012-09-07,0
2012-09-08,0
2012-09-09,0
2012-09-10,0
2012-09-11,0
2012-09-12,0
2012-09-13,0
2012-09-14,0
2012-09-15,0
2012-09-16,0
2012-09-17,0
2012-09-18,0
2012-09-19,0
2012-09-20,0
2012-09-21,0
2012-09-22,0
2012-09-23,0
2012-09-24,0
2012-09-25,0
2012-09-26,0
2012-09-27,0
2012-09-28,0
2012-09-29,0
2012-09-30,0
2012-10-01,0
2012-10-02,0
2012-10-03,0
2012-10-04,0
2012-10-05,0
2012-10-06,0
2012-10-07,0
2012-10-08,0
2012-10-09,0
2012-10-10,0.04273932584269663
2012-10-11,0.005575280898876405
2012-10-12,0.003550561797752809
2012-10-13,0.008242696629213484
2012-10-14,0
2012-10-15,0
2012-10-16,0.019397752808988762
2012-10-17,0
2012-10-18,0
2012-10-19,0
2012-10-20,0
2012-10-21,0
2012-10-22,18.82582247191011
2012-10-23,10.02623595505618
2012-10-24,8.86592808988764
2012-10-25,3.520161797752809
2012-10-26,0
2012-10-27,0
2012-10-28,0
2012-10-29,0.003804494382022472
2012-10-30,9.775280898876404e-4
2012-10-31,0.19362471910112358
2012-11-01,22.976561797752808
2012-11-02,0.4177258426966292
2012-11-03,0
2012-11-04,0
2012-11-05,0.009184269662921348
2012-11-06,0
2012-11-07,0
2012-11-08,0.0012516853932584271
2012-11-09,3.76943595505618
2012-11-10,0.3608719101123596
2012-11-11,0
2012-11-12,0
2012-11-13,0.06427415730337079
2012-11-14,0.08522247191011235
2012-11-15,0.009184269662921348
2012-11-16,0.20350337078651687
2012-11-17,46.538024719101124
2012-11-18,18.463296629213485
2012-11-19,1.8081348314606742
2012-11-20,20.305770786516852
2012-11-21,40.52690786516854
2012-11-22,2.6238808988764046
2012-11-23,0.029238202247191012
2012-11-24,0
2012-11-25,1.2134831460674158e-4
2012-11-26,0
2012-11-27,0
2012-11-28,15.41198202247191
2012-11-29,30.173101123595504
2012-11-30,107.93626741573034
2012-12-01,32.33907191011236
2012-12-02,75.7580808988764
2012-12-03,9.64748988764045
2012-12-04,0.973076404494382
2012-12-05,34.08679775280899
2012-12-06,1.533370786516854
2012-12-07,0
2012-12-08,0
2012-12-09,0
2012-12-10,0
2012-12-11,0
2012-12-12,3.2881595505617978
2012-12-13,0.04167865168539326
2012-12-14,0.002166292134831461
2012-12-15,0.1819370786516854
2012-12-16,8.404233707865169
2012-12-17,16.577249438202248
2012-12-18,0.9408561797752809
2012-12-19,0
2012-12-20,0.1573056179775281
2012-12-21,73.0313191011236
2012-12-22,38.02175056179775
2012-12-23,35.39190561797753
2012-12-24,35.234970786516854
2012-12-25,0.8118067415730337
2012-12-26,30.266303370786517
2012-12-27,2.0354224719101124
2012-12-28,0
2012-12-29,4.3073280898876405
2012-12-30,0
2012-12-31,0
2013-01-01,0
2013-01-02,0
2013-01-03,0
2013-01-04,0.0207438202247191
2013-01-05,0
2013-01-06,18.859083146067416
2013-01-07,0.014076404494382022
2013-01-08,0
2013-01-09,0
2013-01-10,1.2193011235955056
2013-01-11,0
2013-01-12,0
2013-01-13,0
2013-01-14,0
2013-01-15,0
2013-01-16,0.01730561797752809
2013-01-17,0
2013-01-18,0
2013-01-19,0
2013-01-20,0
2013-01-21,0
2013-01-22,0
2013-01-23,0.0062876404494382025
2013-01-24,14.099844943820225
2013-01-25,0.11682247191011236
2013-01-26,0.1556629213483146
2013-01-27,0.005460674157303371
2013-01-28,0.034226966292134835
2013-01-29,0.023993258426966292
2013-01-30,0
2013-01-31,0
2013-02-01,0
2013-02-02,0
2013-02-03,0
2013-02-04,0
2013-02-05,0.0020786516853932586
2013-02-06,0.02516179775280899
2013-02-07,4.706298876404494
2013-02-08,2.4102494382022472
2013-02-09,0
2013-02-10,0.007220224719101124
2013-02-11,0
2013-02-12,0
2013-02-13,0
2013-02-14,0.018134831460674156
2013-02-15,0
2013-02-16,0
2013-02-17,0
2013-02-18,0
2013-02-19,4.410842696629214
2013-02-20,3.752555056179775
2013-02-21,0
2013-02-22,0
2013-02-23,0.03239101123595506
2013-02-24,0
2013-02-25,0
2013-02-26,0
2013-02-27,0
2013-02-28,0.16913483146067415
2013-03-01,0
2013-03-02,0
2013-03-03,7.977528089887641e-4
2013-03-04,0.018469662921348315
2013-03-05,0.17593483146067415
2013-03-06,34.576611235955056
2013-03-07,3.6839101123595506
2013-03-08,0
2013-03-09,0
2013-03-10,0
2013-03-11,0
2013-03-12,0
2013-03-13,0
2013-03-14,0
2013-03-15,0
2013-03-16,0
2013-03-17,0
2013-03-18,0
2013-03-19,0
2013-03-20,13.270568539325843
2013-03-21,5.875946067415731
2013-03-22,0
2013-03-23,0
2013-03-24,0.0025370786516853935
2013-03-25,0
2013-03-26,0.4010696629213483
2013-03-27,0.13193707865168539
2013-03-28,0.13845168539325842
2013-03-29,0.6350898876404494
2013-03-30,0.0251438202247191
2013-03-31,3.4178876404494383
2013-04-01,11.0632
2013-04-02,0.4298516853932584
2013-04-03,0.293923595505618
2013-04-04,16.594442696629212
2013-04-05,7.931269662921348
2013-04-06,1.9647460674157304
2013-04-07,1.865608988764045
2013-04-08,4.164678651685393
2013-04-09,0
2013-04-10,0
2013-04-11,0
2013-04-12,0.3477325842696629
2013-04-13,0
2013-04-14,0
2013-04-15,0
2013-04-16,0
2013-04-17,0
2013-04-18,0
2013-04-19,0
2013-04-20,0
2013-04-21,0
2013-04-22,0
2013-04-23,0
2013-04-24,0
2013-04-25,0
2013-04-26,0
2013-04-27,0
2013-04-28,0
2013-04-29,0
2013-04-30,0
2013-05-01,0
2013-05-02,0
2013-05-03,0
2013-05-04,0
2013-05-05,0
2013-05-06,0.1505438202247191
2013-05-07,1.1466719101123595
2013-05-08,0
2013-05-09,0
2013-05-10,0
2013-05-11,0
2013-05-12,0
2013-05-13,0
2013-05-14,0
2013-05-15,0
2013-05-16,0
2013-05-17,0
2013-05-18,0
2013-05-19,0
2013-05-20,0
2013-05-21,0
2013-05-22,0
2013-05-23,0
2013-05-24,0
2013-05-25,0
2013-05-26,0.008314606741573034
2013-05-27,0.01076629213483146
2013-05-28,6.814465168539326
2013-05-29,0.5154314606741573
2013-05-30,0.1208696629213483
2013-05-31,0
2013-06-01,0
2013-06-02,0
2013-06-03,0
2013-06-04,0
2013-06-05,0
2013-06-06,0
2013-06-07,0
2013-06-08,0
2013-06-09,0.00826741573033708
2013-06-10,1.4354876404494383
2013-06-11,0.5745640449438202
2013-06-12,0
2013-06-13,0
2013-06-14,0
2013-06-15,0
2013-06-16,0
2013-06-17,0
2013-06-18,0
2013-06-19,0
2013-06-20,0
2013-06-21,0
2013-06-22,0
2013-06-23,0
2013-06-24,0.6455303370786517
2013-06-25,14.209748314606742
2013-06-26,15.232112359550563
2013-06-27,0.6260269662921348
2013-06-28,0
2013-06-29,0
2013-06-30,0
2013-07-01,0
2013-07-02,0
2013-07-03,0
2013-07-04,0.6915887640449438
2013-07-05,0.01269438202247191
2013-07-06,0
2013-07-07,0
2013-07-08,0
2013-07-09,0
2013-07-10,0
2013-07-11,0
2013-07-12,0
2013-07-13,0
2013-07-14,0
2013-07-15,0.017375280898876404
2013-07-16,1.303370786516854e-4
2013-07-17,0
2013-07-18,0
2013-07-19,0
2013-07-20,0
2013-07-21,0
2013-07-22,0
2013-07-23,0
2013-07-24,0
2013-07-25,0
2013-07-26,0
2013-07-27,0
2013-07-28,0.03348089887640449
2013-07-29,2.4719101123595505e-4
2013-07-30,0.004716853932584269
2013-07-31,5.617977528089887e-5
2013-08-01,0
2013-08-02,0
2013-08-03,0
2013-08-04,0
2013-08-05,0
2013-08-06,0
2013-08-07,0
2013-08-08,0.021231460674157304
2013-08-09,0
2013-08-10,0
2013-08-11,0
2013-08-12,0
2013-08-13,0
2013-08-14,0
2013-08-15,0
2013-08-16,0
2013-08-17,0
2013-08-18,0
2013-08-19,0
2013-08-20,0
2013-08-21,0
2013-08-22,0
2013-08-23,0
2013-08-24,0
2013-08-25,0.03483820224719101
2013-08-26,0
2013-08-27,0
2013-08-28,0
2013-08-29,0
2013-08-30,0
2013-08-31,0
2013-09-01,0
2013-09-02,0
2013-09-03,0
2013-09-04,0
2013-09-05,0
2013-09-06,0
2013-09-07,0
2013-09-08,0
2013-09-09,0
2013-09-10,0
2013-09-11,0.23055955056179775
2013-09-12,0.020303370786516856
2013-09-13,0.0017280898876404496
2013-09-14,0
2013-09-15,0
2013-09-16,0
2013-09-17,0
2013-09-18,0
2013-09-19,0
2013-09-20,0
2013-09-21,6.638773033707865
2013-09-22,5.618797752808989
2013-09-23,0
2013-09-24,0.012507865168539327
2013-09-25,0
2013-09-26,0
2013-09-27,0
2013-09-28,0
2013-09-29,0.42137303370786516
2013-09-30,6.233689887640449
2013-10-01,2.2421101123595504
2013-10-02,0
2013-10-03,0
2013-10-04,0
2013-10-05,0
2013-10-06,0
2013-10-07,0
2013-10-08,0
2013-10-09,0
2013-10-10,0
2013-10-11,0
2013-10-12,0
2013-10-13,0
2013-10-14,0
2013-10-15,0
2013-10-16,0
2013-10-17,0
2013-10-18,0
2013-10-19,0
2013-10-20,0
2013-10-21,0
2013-10-22,0
2013-10-23,0
2013-10-24,0
2013-10-25,0
2013-10-26,0
2013-10-27,0
2013-10-28,0
2013-10-29,0
2013-10-30,0
2013-10-31,0
2013-11-01,0
2013-11-02,0
2013-11-03,0
2013-11-04,0
2013-11-05,0
2013-11-06,0
2013-11-07,0
2013-11-08,0
2013-11-09,0
2013-11-10,0
2013-11-11,0
2013-11-12,0
2013-11-13,0.013671910112359551
2013-11-14,0
2013-11-15,0
2013-11-16,0
2013-11-17,0
2013-11-18,0
2013-11-19,7.307042696629214
2013-11-20,24.871577528089887
2013-11-21,2.405523595505618
2013-11-22,0
2013-11-23,0
2013-11-24,0
2013-11-25,0
2013-11-26,0
2013-11-27,0
2013-11-28,0
2013-11-29,0
2013-11-30,0
2013-12-01,0
2013-12-02,0
2013-12-03,0.13515280898876406
2013-12-04,0
2013-12-05,0
2013-12-06,0
2013-12-07,13.789683146067416
2013-12-08,0
2013-12-09,0
2013-12-10,0
2013-12-11,0
2013-12-12,0
2013-12-13,0
2013-12-14,0
2013-12-15,0.012813483146067416
2013-12-16,0
2013-12-17,0
2013-12-18,0.0025887640449438203
2013-12-19,6.044943820224719e-4
2013-12-20,0
2013-12-21,0
2013-12-22,0
2013-12-23,0
2013-12-24,0
2013-12-25,0
2013-12-26,0
2013-12-27,0
2013-12-28,0
2013-12-29,0
2013-12-30,0
2013-12-31,0
2014-01-01,0
2014-01-02,0
2014-01-03,0.005101123595505618
2014-01-04,0
2014-01-05,0
2014-01-06,0
2014-01-07,0
2014-01-08,0.002932584269662921
2014-01-09,0.2393303370786517
2014-01-10,0
2014-01-11,0.14140224719101124
2014-01-12,4.359296629213483
2014-01-13,0.0077280898876404495
2014-01-14,0
2014-01-15,0
2014-01-16,0
2014-01-17,0
2014-01-18,0
2014-01-19,0
2014-01-20,0
2014-01-21,0
2014-01-22,0
2014-01-23,0
2014-01-24,0
2014-01-25,0
2014-01-26,0
2014-01-27,0
2014-01-28,0.0820741573033708
2014-01-29,1.4563258426966292
2014-01-30,3.5940764044943823
2014-01-31,0.007674157303370787
2014-02-01,0.061069662921348314
2014-02-02,5.459141573033708
2014-02-03,10.054903370786517
2014-02-04,0
2014-02-05,0.004065168539325843
2014-02-06,22.55165168539326
2014-02-07,5.50070786516854
2014-02-08,60.941815730337076
2014-02-09,111.22517752808989
2014-02-10,20.67952584269663
2014-02-11,0.048267415730337083
2014-02-12,0.0454314606741573
2014-02-13,1.6216269662921348
2014-02-14,0.8506629213483147
2014-02-15,0.3501438202247191
2014-02-16,7.16154606741573
2014-02-17,0
2014-02-18,0
2014-02-19,1.3529415730337078
2014-02-20,0.05489662921348314
2014-02-21,0
2014-02-22,0
2014-02-23,0
2014-02-24,0
2014-02-25,0
2014-02-26,1.4528067415730337
2014-02-27,53.47620224719101
2014-02-28,16.551170786516852
2014-03-01,19.620213483146067
2014-03-02,1.1630966292134832
2014-03-03,9.145813483146068
2014-03-04,36.40744943820225
2014-03-05,1.657941573033708
2014-03-06,16.806858426966294
2014-03-07,0.8706921348314607
2014-03-08,0
2014-03-09,0.42115280898876406
2014-03-10,9.110557303370786
2014-03-11,0
2014-03-12,0
2014-03-13,0
2014-03-14,0
2014-03-15,0
2014-03-16,0
2014-03-17,0.01438876404494382
2014-03-18,0
2014-03-19,0
2014-03-20,0
2014-03-21,0
2014-03-22,0
2014-03-23,0
2014-03-24,0
2014-03-25,1.3882674157303372
2014-03-26,18.05978426966292
2014-03-27,9.62392808988764
2014-03-28,2.9719483146067414
2014-03-29,35.257988764044946
2014-03-30,4.959173033707865
2014-03-31,0.1724449438202247
2014-04-01,32.68439101123595
2014-04-02,14.759458426966292
2014-04-03,0
2014-04-04,3.4322629213483147
2014-04-05,5.444265168539326
2014-04-06,0
2014-04-07,0
2014-04-08,0
2014-04-09,0
2014-04-10,0
2014-04-11,0
2014-04-12,0
2014-04-13,0
2014-04-14,0
2014-04-15,0
2014-04-16,0
2014-04-17,0
2014-04-18,0
2014-04-19,0
2014-04-20,0
2014-04-21,0
2014-04-22,0.793370786516854
2014-04-23,0
2014-04-24,0.018651685393258427
2014-04-25,2.06961797752809
2014-04-26,4.83007191011236
2014-04-27,2.239606741573034
2014-04-28,0.36359550561797754
2014-04-29,0
2014-04-30,0
2014-05-01,0
2014-05-02,0
2014-05-03,0
2014-05-04,0
2014-05-05,0.00946067415730337
2014-05-06,0.05379550561797753
2014-05-07,0
2014-05-08,0.00238876404494382
2014-05-09,2.173426966292135
2014-05-10,0
2014-05-11,0
2014-05-12,0
2014-05-13,0
2014-05-14,0
2014-05-15,0
2014-05-16,0
2014-05-17,0
2014-05-18,0
2014-05-19,0
2014-05-20,0
2014-05-21,0
2014-05-22,0
2014-05-23,0
2014-05-24,0
2014-05-25,0
2014-05-26,0
2014-05-27,0
2014-05-28,0
2014-05-29,0
2014-05-30,0
2014-05-31,0
2014-06-01,0
2014-06-02,0
2014-06-03,0
2014-06-04,0
2014-06-05,0
2014-06-06,0
2014-06-07,0
2014-06-08,0
2014-06-09,0
2014-06-10,0
2014-06-11,0
2014-06-12,0
2014-06-13,0
2014-06-14,0
2014-06-15,0
2014-06-16,0
2014-06-17,0
2014-06-18,0
2014-06-19,0
2014-06-20,0
2014-06-21,0
2014-06-22,0
2014-06-23,0
2014-06-24,0
2014-06-25,0
2014-06-26,0.04717752808988764
2014-06-27,0
2014-06-28,0
2014-06-29,0
2014-06-30,0
2014-07-01,0
2014-07-02,0
2014-07-03,0
2014-07-04,0
2014-07-05,0
2014-07-06,0
2014-07-07,0
2014-07-08,0
2014-07-09,0.03929662921348315
2014-07-10,0.02244269662921348
2014-07-11,0.03635505617977528
2014-07-12,0
2014-07-13,0
2014-07-14,0
2014-07-15,0
2014-07-16,0
2014-07-17,0
2014-07-18,0.009865168539325843
2014-07-19,0.0015797752808988765
2014-07-20,0
2014-07-21,0.0011865168539325842
2014-07-22,0.06284494382022472
2014-07-23,0.03980449438202247
2014-07-24,0
2014-07-25,0
2014-07-26,0
2014-07-27,0
2014-07-28,0
2014-07-29,0
2014-07-30,0
2014-07-31,0
2014-08-01,0
2014-08-02,0
2014-08-03,0.022975280898876405
2014-08-04,0.03378202247191011
2014-08-05,0.007813483146067415
2014-08-06,0.3565685393258427
2014-08-07,0
2014-08-08,0
2014-08-09,0
2014-08-10,0
2014-08-11,0
2014-08-12,0
2014-08-13,0
2014-08-14,0
2014-08-15,0
2014-08-16,0
2014-08-17,0.07044269662921349
2014-08-18,0.010862921348314606
2014-08-19,0.0012292134831460675
2014-08-20,0.19977977528089888
2014-08-21,0.09399550561797752
2014-08-22,0
2014-08-23,0
2014-08-24,0
2014-08-25,0.045824719101123595
2014-08-26,0
2014-08-27,0
2014-08-28,0
2014-08-29,0
2014-08-30,0
2014-08-31,0
2014-09-01,0
2014-09-02,0
2014-09-03,0.0017393258426966292
2014-09-04,0
2014-09-05,0
2014-09-06,0
2014-09-07,0
2014-09-08,0
2014-09-09,0
2014-09-10,0
2014-09-11,0
2014-09-12,0
2014-09-13,0
2014-09-14,0
2014-09-15,0
2014-09-16,0
2014-09-17,0
2014-09-18,4.20925393258427
2014-09-19,3.405730337078652
2014-09-20,4.4943820224719103e-4
2014-09-21,0
2014-09-22,0
2014-09-23,0
2014-09-24,0.11507415730337078
2014-09-25,9.844662921348315
2014-09-26,1.3649303370786516
2014-09-27,5.3104
2014-09-28,0
2014-09-29,0
2014-09-30,0
2014-10-01,0
2014-10-02,0
2014-10-03,0
2014-10-04,0
2014-10-05,0
2014-10-06,0
2014-10-07,0
2014-10-08,0
2014-10-09,0
2014-10-10,0
2014-10-11,0
2014-10-12,0
2014-10-13,0
2014-10-14,0
2014-10-15,7.664139325842696
2014-10-16,0.5180943820224719
2014-10-17,0
2014-10-18,2.2204134831460673
2014-10-19,0
2014-10-20,1.4521146067415731
2014-10-21,2.6348
2014-10-22,0
2014-10-23,0.1243685393258427
2014-10-24,3.1167752808988762
2014-10-25,8.4113797752809
2014-10-26,8.41180224719101
2014-10-27,0.02687865168539326
2014-10-28,0
2014-10-29,0
2014-10-30,0
2014-10-31,5.421959550561798
2014-11-01,6.70158202247191
2014-11-02,0
2014-11-03,0
2014-11-04,0
2014-11-05,0
2014-11-06,0
2014-11-07,0
2014-11-08,5.8426966292134835e-5
2014-11-09,0
2014-11-10,0
2014-11-11,6.831460674157304e-4
2014-11-12,0
2014-11-13,12.836779775280899
2014-11-14,1.2427977528089889
2014-11-15,0.25148314606741573
2014-11-16,0
2014-11-17,0
2014-11-18,0
2014-11-19,3.1983303370786516
2014-11-20,14.566332584269663
2014-11-21,17.066777528089887
2014-11-22,22.453408988764046
2014-11-23,3.812647191011236
2014-11-24,0
2014-11-25,0
2014-11-26,0
2014-11-27,0
2014-11-28,0.020896629213483144
2014-11-29,20.087593258426967
2014-11-30,20.23356629213483
2014-12-01,5.739546067415731
2014-12-02,10.506321348314607
2014-12-03,56.59957752808989
2014-12-04,35.544065168539326
2014-12-05,2.5758426966292136
2014-12-06,37.28765393258427
2014-12-07,0.30873483146067415
2014-12-08,2.9191011235955058
2014-12-09,7.039420224719101
2014-12-10,0.8407235955056179
2014-12-11,114.74018426966292
2014-12-12,60.709361797752806
2014-12-13,4.300159550561798
2014-12-14,0.0025370786516853935
2014-12-15,9.771373033707865
2014-12-16,20.212552808988764
2014-12-17,31.34834606741573
2014-12-18,11.279080898876405
2014-12-19,20.114287640449437
2014-12-20,8.168878651685393
2014-12-21,13.684916853932585
2014-12-22,1.1031033707865168
2014-12-23,0.0025370786516853935
2014-12-24,0.06314157303370786
2014-12-25,2.3779370786516854
2014-12-26,0
2014-12-27,0
2014-12-28,0.025768539325842697
2014-12-29,0
2014-12-30,0
2014-12-31,0
2015-01-01,0
2015-01-02,0
2015-01-03,0
2015-01-04,0.0031146067415730337
2015-01-05,0
2015-01-06,0
2015-01-07,0
2015-01-08,0
2015-01-09,0
2015-01-10,0
2015-01-11,0
2015-01-12,0
2015-01-13,0
2015-01-14,0
2015-01-15,0
2015-01-16,4.368725842696629
2015-01-17,4.217651685393259
2015-01-18,0.9294134831460674
2015-01-19,1.088923595505618
2015-01-20,0.10788314606741572
2015-01-21,0
2015-01-22,0
2015-01-23,0
2015-01-24,0
2015-01-25,0
2015-01-26,0
2015-01-27,0
2015-01-28,0
2015-01-29,0
2015-01-30,0
2015-01-31,0
2015-02-01,0
2015-02-02,0
2015-02-03,0.01411685393258427
2015-02-04,0.034995505617977526
2015-02-05,0.060775280898876405
2015-02-06,18.71912584269663
2015-02-07,116.73686292134832
2015-02-08,7.897083146067416
2015-02-09,44.988024719101126
2015-02-10,3.111294382022472
2015-02-11,0
2015-02-12,0
2015-02-13,0
2015-02-14,0
2015-02-15,0
2015-02-16,0
2015-02-17,0.025631460674157305
2015-02-18,0.009626966292134831
2015-02-19,4.96629213483146e-4
2015-02-20,0.003991011235955056
2015-02-21,0
2015-02-22,0
2015-02-23,0
2015-02-24,0
2015-02-25,0
2015-02-26,0
2015-02-27,0.13746741573033708
2015-02-28,0.02215955056179775
2015-03-01,0.19475056179775282
2015-03-02,0
2015-03-03,0.09877752808988764
2015-03-04,0
2015-03-05,0
2015-03-06,0
2015-03-07,0
2015-03-08,0
2015-03-09,0
2015-03-10,0
2015-03-11,0.17754157303370785
2015-03-12,0.10964719101123596
2015-03-13,0
2015-03-14,0
2015-03-15,0
2015-03-16,0.007559550561797753
2015-03-17,0
2015-03-18,0
2015-03-19,0
2015-03-20,0
2015-03-21,0.0039056179775280903
2015-03-22,0.8592134831460674
2015-03-23,9.3584202247191
2015-03-24,1.2531550561797753
2015-03-25,0.45686067415730336
2015-03-26,0
2015-03-27,0
2015-03-28,0
2015-03-29,0
2015-03-30,0
2015-03-31,0.01897752808988764
2015-04-01,0
2015-04-02,0
2015-04-03,0
2015-04-04,0
2015-04-05,0.6776629213483146
2015-04-06,5.79110786516854
2015-04-07,30.23076404494382
2015-04-08,6.764215730337079
2015-04-09,0.0018382022471910113
2015-04-10,0
2015-04-11,0
2015-04-12,0
2015-04-13,0
2015-04-14,0.0787685393258427
2015-04-15,0
2015-04-16,0
2015-04-17,0
2015-04-18,0
2015-04-19,0
2015-04-20,0.007402247191011236
2015-04-21,0
2015-04-22,0
2015-04-23,0
2015-04-24,0
2015-04-25,15.978305617977528
2015-04-26,0.0046
2015-04-27,0
2015-04-28,0
2015-04-29,0
2015-04-30,0
2015-05-01,0
2015-05-02,0.015440449438202247
2015-05-03,0.02975505617977528
2015-05-04,0.029134831460674155
2015-05-05,0
2015-05-06,0
2015-05-07,0
2015-05-08,0
2015-05-09,0
2015-05-10,0
2015-05-11,0
2015-05-12,0
2015-05-13,0
2015-05-14,0
2015-05-15,5.909977528089888
2015-05-16,0
2015-05-17,0.051719101123595505
2015-05-18,0.07375056179775281
2015-05-19,1.7555775280898875
2015-05-20,0
2015-05-21,0.4317191011235955
2015-05-22,0.04019550561797753
2015-05-23,6.067415730337079e-5
2015-05-24,0.02232808988764045
2015-05-25,8.089887640449438e-4
2015-05-26,0.011035955056179774
2015-05-27,0.1299820224719101
2015-05-28,0
2015-05-29,0
2015-05-30,0
2015-05-31,0
2015-06-01,0.164838202247191
2015-06-02,0.4661168539325843
2015-06-03,0
2015-06-04,0.06528314606741573
2015-06-05,0.2789797752808989
2015-06-06,0
2015-06-07,0
2015-06-08,0
2015-06-09,0.035240449438202245
2015-06-10,0.7171280898876404
2015-06-11,0.19599550561797754
2015-06-12,0
2015-06-13,0
2015-06-14,0
2015-06-15,0
2015-06-16,0
2015-06-17,0
2015-06-18,0
2015-06-19,0
2015-06-20,0
2015-06-21,0
2015-06-22,0
2015-06-23,0
2015-06-24,0
2015-06-25,0
2015-06-26,0
2015-06-27,0
2015-06-28,0
2015-06-29,0
2015-06-30,0
2015-07-01,0
2015-07-02,0.013696629213483146
2015-07-03,0.06442921348314606
2015-07-04,0
2015-07-05,0.027134831460674157
2015-07-06,0.006869662921348315
2015-07-07,0
2015-07-08,0
2015-07-09,0.8202606741573034
2015-07-10,3.1990022471910113
2015-07-11,0.059193258426966294
2015-07-12,0
2015-07-13,0
2015-07-14,0
2015-07-15,0
2015-07-16,0
2015-07-17,0.0018719101123595508
2015-07-18,0
2015-07-19,0
2015-07-20,0
2015-07-21,0.013721348314606741
2015-07-22,0
2015-07-23,0
2015-07-24,0
2015-07-25,0
2015-07-26,0
2015-07-27,0
2015-07-28,0
2015-07-29,0
2015-07-30,0.0018719101123595508
2015-07-31,0
2015-08-01,0
2015-08-02,0
2015-08-03,0
2015-08-04,0
2015-08-05,0
2015-08-06,0
2015-08-07,0
2015-08-08,0
2015-08-09,0
2015-08-10,0
2015-08-11,0
2015-08-12,0
2015-08-13,0
2015-08-14,0
2015-08-15,0
2015-08-16,0
2015-08-17,0
2015-08-18,0
2015-08-19,0
2015-08-20,0
2015-08-21,0.051579775280898875
2015-08-22,0
2015-08-23,0
2015-08-24,0
2015-08-25,0
2015-08-26,0
2015-08-27,0
2015-08-28,0
2015-08-29,0.8141730337078652
2015-08-30,0.2870134831460674
2015-08-31,0
2015-09-01,0
2015-09-02,0
2015-09-03,0
2015-09-04,0
2015-09-05,0
2015-09-06,0
2015-09-07,0
2015-09-08,0
2015-09-09,0
2015-09-10,0
2015-09-11,0
2015-09-12,0
2015-09-13,0
2015-09-14,0.030276404494382025
2015-09-15,0.21154606741573034
2015-09-16,0.14768988764044944
2015-09-17,15.794408988764046
2015-09-18,0.1437865168539326
2015-09-19,0
2015-09-20,0
2015-09-21,0
2015-09-22,0
2015-09-23,0
2015-09-24,0
2015-09-25,0
2015-09-26,0
2015-09-27,0
2015-09-28,0
2015-09-29,0
2015-09-30,0
2015-10-01,5.415730337078652e-4
2015-10-02,0.5792539325842697
2015-10-03,0
2015-10-04,0.15889213483146067
2015-10-05,0
2015-10-06,0
2015-10-07,0
2015-10-08,0
2015-10-09,0
2015-10-10,0
2015-10-11,0
2015-10-12,0
2015-10-13,0
2015-10-14,0
2015-10-15,0.019604494382022473
2015-10-16,0
2015-10-17,0.507238202247191
2015-10-18,0.08006516853932584
2015-10-19,0.010114606741573034
2015-10-20,0
2015-10-21,0
2015-10-22,0
2015-10-23,0
2015-10-24,0
2015-10-25,0.001
2015-10-26,0.014334831460674158
2015-10-27,0
2015-10-28,1.222
2015-10-29,1.2104112359550563
2015-10-30,0.0017213483146067416
2015-10-31,0
2015-11-01,0.5082449438202247
2015-11-02,15.742166292134831
2015-11-03,0.7815011235955056
2015-11-04,0
2015-11-05,0
2015-11-06,0
2015-11-07,0
2015-11-08,1.610743820224719
2015-11-09,8.078249438202247
2015-11-10,8.795404494382023
2015-11-11,0.002550561797752809
2015-11-12,0
2015-11-13,0
2015-11-14,0.001604494382022472
2015-11-15,14.321485393258428
2015-11-16,1.7201370786516854
2015-11-17,0
2015-11-18,3.1011235955056177e-4
2015-11-19,0
2015-11-20,0
2015-11-21,0
2015-11-22,0
2015-11-23,0
2015-11-24,1.711838202247191
2015-11-25,4.376559550561797
2015-11-26,0
2015-11-27,0.0034292134831460674
2015-11-28,0
2015-11-29,0
2015-11-30,0.02992808988764045
2015-12-01,0.2659730337078652
2015-12-02,0.27414606741573033
2015-12-03,1.6492539325842697
2015-12-04,27.584512359550562
2015-12-05,1.1311977528089887
2015-12-06,18.504602247191013
2015-12-07,11.236357303370786
2015-12-08,0.5616404494382022
2015-12-09,2.600712359550562
2015-12-10,36.87105617977528
2015-12-11,15.429044943820225
2015-12-12,0.9026494382022472
2015-12-13,22.055896629213482
2015-12-14,12.101487640449438
2015-12-15,0.028429213483146067
2015-12-16,0
2015-12-17,0.1342876404494382
2015-12-18,6.29950786516854
2015-12-19,29.22160224719101
2015-12-20,1.2932831460674157
2015-12-21,27.56891011235955
2015-12-22,66.95161348314606
2015-12-23,1.7025483146067415
2015-12-24,6.335503370786517
2015-12-25,6.604530337078652
2015-12-26,0.12544044943820226
2015-12-27,0
2015-12-28,3.231373033707865
2015-12-29,0.013975280898876405
2015-12-30,1.5695887640449437
2015-12-31,1.273085393258427
2016-01-01,0
2016-01-02,0
2016-01-03,0.8747348314606742
2016-01-04,11.474885393258427
2016-01-05,46.54864494382022
2016-01-06,32.75602696629213
2016-01-07,28.298703370786516
2016-01-08,0.3854426966292135
2016-01-09,6.696442696629213
2016-01-10,4.0086067415730335
2016-01-11,0.8289752808988764
2016-01-12,1.4988157303370786
2016-01-13,31.976067415730338
2016-01-14,6.195211235955056
2016-01-15,23.217262921348315
2016-01-16,19.460483146067414
2016-01-17,19.05358202247191
2016-01-18,44.28982696629213
2016-01-19,22.769157303370786
2016-01-20,14.706197752808988
2016-01-21,0
2016-01-22,14.78261573033708
2016-01-23,17.335469662921348
2016-01-24,5.702559550561798
2016-01-25,4.611186516853933
2016-01-26,0.8107865168539325
2016-01-27,0.04936179775280899
2016-01-28,0.0314247191011236
2016-01-29,13.619179775280898
2016-01-30,10.357991011235955
2016-01-31,0
2016-02-01,0
2016-02-02,1.6395325842696629
2016-02-03,0.22240000000000001
2016-02-04,2.9291101123595507
2016-02-05,0.10657303370786517
2016-02-06,0
2016-02-07,0
2016-02-08,0
2016-02-09,0
2016-02-10,0
2016-02-11,0
2016-02-12,0
2016-02-13,0
2016-02-14,0
2016-02-15,0
2016-02-16,0
2016-02-17,0
2016-02-18,17.89083595505618
2016-02-19,9.7540202247191
2016-02-20,9.369042696629213
2016-02-21,0
2016-02-22,0
2016-02-23,0
2016-02-24,0
2016-02-25,0
2016-02-26,0
2016-02-27,0.9037101123595506
2016-02-28,0
2016-02-29,0.15809887640449438
2016-03-01,0
2016-03-02,0.7267505617977528
2016-03-03,9.107622471910112
2016-03-04,3.3554134831460676
2016-03-05,25.607085393258426
2016-03-06,58.54040224719101
2016-03-07,37.361761797752806
2016-03-08,1.6348471910112359
2016-03-09,6.589791011235955
2016-03-10,30.490352808988764
2016-03-11,41.55344719101124
2016-03-12,20.78501573033708
2016-03-13,40.367930337078654
2016-03-14,24.73816629213483
2016-03-15,0.03589887640449438
2016-03-16,0
2016-03-17,0
2016-03-18,0
2016-03-19,0
2016-03-20,1.275465168539326
2016-03-21,18.992191011235956
2016-03-22,16.58166966292135
2016-03-23,0.3334539325842697
2016-03-24,0
2016-03-25,0.001444943820224719
2016-03-26,0
2016-03-27,0.03569438202247191
2016-03-28,0
2016-03-29,0.9619370786516854
2016-03-30,0
2016-03-31,0
2016-04-01,0
2016-04-02,0
2016-04-03,0
2016-04-04,0.01536629213483146
2016-04-05,0
2016-04-06,0
2016-04-07,0
2016-04-08,0
2016-04-09,0.7121213483146067
2016-04-10,4.367175280898876
2016-04-11,0.6353370786516854
2016-04-12,0
2016-04-13,0
2016-04-14,9.1537797752809
2016-04-15,0.5313955056179775
2016-04-16,0
2016-04-17,0
2016-04-18,0
2016-04-19,0
2016-04-20,0
2016-04-21,0.0030606741573033706
2016-04-22,13.884215730337079
2016-04-23,10.482860674157303
2016-04-24,0.04198202247191011
2016-04-25,0
2016-04-26,0
2016-04-27,0.8231056179775281
2016-04-28,1.458896629213483
2016-04-29,1.8876404494382024e-4
2016-04-30,0
2016-05-01,0
2016-05-02,0
2016-05-03,0
2016-05-04,0.015359550561797752
2016-05-05,0.07069213483146068
2016-05-06,2.3704516853932582
2016-05-07,1.4766157303370786
2016-05-08,2.7497370786516853
2016-05-09,2.4719101123595505e-4
2016-05-10,0
2016-05-11,0
2016-05-12,0
2016-05-13,0
2016-05-14,0
2016-05-15,0.15362696629213485
2016-05-16,0
2016-05-17,0
2016-05-18,0
2016-05-19,0
2016-05-20,0
2016-05-21,0.0365438202247191
2016-05-22,3.275961797752809
2016-05-23,0
2016-05-24,0.20215730337078652
2016-05-25,1.4360876404494383
2016-05-26,0
2016-05-27,0
2016-05-28,0
2016-05-29,0
2016-05-30,0
2016-05-31,0
2016-06-01,0
2016-06-02,0
2016-06-03,0
2016-06-04,0
2016-06-05,0
2016-06-06,0
2016-06-07,0.0023325842696629213
2016-06-08,0
2016-06-09,0
2016-06-10,0
2016-06-11,0
2016-06-12,0
2016-06-13,0
2016-06-14,0
2016-06-15,0
2016-06-16,0.35261348314606744
2016-06-17,3.1376629213483147
2016-06-18,6.386831460674157
2016-06-19,0
2016-06-20,0
2016-06-21,0
2016-06-22,0
2016-06-23,0
2016-06-24,0
2016-06-25,0
2016-06-26,0
2016-06-27,0
2016-06-28,0
2016-06-29,0
2016-06-30,0
2016-07-01,0
2016-07-02,0
2016-07-03,0
2016-07-04,0.003898876404494382
2016-07-05,0.01792359550561798
2016-07-06,5.820224719101123e-4
2016-07-07,0
2016-07-08,0
2016-07-09,0
2016-07-10,0
2016-07-11,0
2016-07-12,0
2016-07-13,0
2016-07-14,0
2016-07-15,0
2016-07-16,0
2016-07-17,0
2016-07-18,0
2016-07-19,0
2016-07-20,0
2016-07-21,0
2016-07-22,0
2016-07-23,0
2016-07-24,0
2016-07-25,0
2016-07-26,0
2016-07-27,0
2016-07-28,0
2016-07-29,0
2016-07-30,0
2016-07-31,0
2016-08-01,0
2016-08-02,0.011525842696629212
2016-08-03,0
2016-08-04,0
2016-08-05,0.12590561797752808
2016-08-06,0
2016-08-07,0
2016-08-08,0
2016-08-09,0
2016-08-10,0
2016-08-11,0.005498876404494382
2016-08-12,0
2016-08-13,0
2016-08-14,0
2016-08-15,0.011525842696629212
2016-08-16,0.011525842696629212
2016-08-17,0
2016-08-18,0.011525842696629212
2016-08-19,0
2016-08-20,0
2016-08-21,0
2016-08-22,0
2016-08-23,0.05922247191011236
2016-08-24,0.09852134831460674
2016-08-25,6.719101123595505e-4
2016-08-26,0
2016-08-27,0
2016-08-28,0
2016-08-29,0
2016-08-30,0
2016-08-31,0
2016-09-01,0
2016-09-02,0
2016-09-03,0
2016-09-04,0
2016-09-05,0
2016-09-06,0
2016-09-07,0
2016-09-08,0
2016-09-09,0
2016-09-10,0
2016-09-11,0
2016-09-12,0.005808988764044944
2016-09-13,0
2016-09-14,0
2016-09-15,0
2016-09-16,0
2016-09-17,0
2016-09-18,0
2016-09-19,0
2016-09-20,0
2016-09-21,0
2016-09-22,0
2016-09-23,0.0017415730337078652
2016-09-24,0
2016-09-25,0
2016-09-26,0
2016-09-27,0
2016-09-28,0
2016-09-29,0
2016-09-30,0
2016-10-01,0
2016-10-02,0.3034449438202247
2016-10-03,2.831323595505618
2016-10-04,5.717022471910112
2016-10-05,0.0025887640449438203
2016-10-06,0
2016-10-07,0
2016-10-08,0
2016-10-09,0
2016-10-10,0
2016-10-11,0
2016-10-12,0
2016-10-13,0
2016-10-14,26.070921348314606
2016-10-15,7.729705617977528
2016-10-16,24.755730337078653
2016-10-17,13.599871910112359
2016-10-18,1.1459123595505618
2016-10-19,0
2016-10-20,0
2016-10-21,0
2016-10-22,0
2016-10-23,0
2016-10-24,0.028184269662921348
2016-10-25,54.562640449438206
2016-10-26,15.50414382022472
2016-10-27,4.475038202247191
2016-10-28,26.343060674157304
2016-10-29,18.288188764044943
2016-10-30,12.80267415730337
2016-10-31,19.701903370786518
2016-11-01,21.295119101123596
2016-11-02,0.2467258426966292
2016-11-03,0
2016-11-04,0.0015370786516853932
2016-11-05,0.023058426966292137
2016-11-06,2.790570786516854
2016-11-07,0
2016-11-08,0
2016-11-09,0
2016-11-10,0
2016-11-11,0
2016-11-12,1.732579775280899
2016-11-13,0.03344943820224719
2016-11-14,0
2016-11-15,0.3914337078651685
2016-11-16,1.9998651685393258
2016-11-17,0
2016-11-18,0
2016-11-19,40.87942247191011
2016-11-20,37.51836629213483
2016-11-21,2.6414516853932586
2016-11-22,0.013287640449438202
2016-11-23,15.04409213483146
2016-11-24,1.009925842696629
2016-11-25,0.05557977528089888
2016-11-26,14.75230786516854
2016-11-27,20.573080898876405
2016-11-28,4.356341573033708
2016-11-29,0.03721573033707865
2016-11-30,0.601808988764045
2016-12-01,0.048712359550561794
2016-12-02,1.1685393258426967e-4
2016-12-03,0
2016-12-04,0
2016-12-05,0.0684
2016-12-06,0
2016-12-07,0.030503370786516854
2016-12-08,20.726539325842698
2016-12-09,13.849629213483146
2016-12-10,45.43744719101124
2016-12-11,6.023321348314607
2016-12-12,0.001795505617977528
2016-12-13,0
2016-12-14,9.767752808988764
2016-12-15,50.43245168539326
2016-12-16,51.392885393258425
2016-12-17,0
2016-12-18,0
2016-12-19,0
2016-12-20,0
2016-12-21,0
2016-12-22,0
2016-12-23,18.359471910112358
2016-12-24,10.779840449438202
2016-12-25,0
2016-12-26,0
2016-12-27,0
2016-12-28,0
2016-12-29,0
2016-12-30,0
2016-12-31,0
2017-01-01,0.012570786516853933
2017-01-02,1.3907213483146068
2017-01-03,7.432157303370786
2017-01-04,54.23666067415731
2017-01-05,1.2554561797752808
2017-01-06,0.05369887640449438
2017-01-07,15.595777528089888
2017-01-08,67.08559325842697
2017-01-09,62.06726516853933
2017-01-10,44.7456
2017-01-11,74.28903370786517
2017-01-12,11.265606741573034
2017-01-13,2.35136404494382
2017-01-14,0.0013977528089887642
2017-01-15,6.96629213483146e-4
2017-01-16,0.02115730337078652
2017-01-17,0
2017-01-18,2.3625932584269664
2017-01-19,76.35047191011236
2017-01-20,38.107352808988765
2017-01-21,22.538098876404494
2017-01-22,50.42828539325843
2017-01-23,12.269626966292135
2017-01-24,6.82458202247191
2017-01-25,0.0020404494382022472
2017-01-26,0
2017-01-27,0
2017-01-28,0
2017-01-29,0
2017-01-30,0
2017-01-31,0
2017-02-01,0.021896629213483145
2017-02-02,15.282514606741573
2017-02-03,32.4776
2017-02-04,20.98543820224719
2017-02-05,3.9107078651685394
2017-02-06,28.189755056179774
2017-02-07,78.02288764044944
2017-02-08,18.96516179775281
2017-02-09,29.728919101123594
2017-02-10,48.96791235955056
2017-02-11,1.1437775280898876
2017-02-12,0.02497752808988764
2017-02-13,0.022433707865168538
2017-02-14,0
2017-02-15,0
2017-02-16,28.364083146067415
2017-02-17,6.011651685393258
2017-02-18,41.561456179775284
2017-02-19,6.786510112359551
2017-02-20,44.293862921348314
2017-02-21,50.0573595505618
2017-02-22,4.880332584269663
2017-02-23,1.7357191011235955
2017-02-24,0.002406741573033708
2017-02-25,0.006110112359550562
2017-02-26,0
2017-02-27,1.2628876404494382
2017-02-28,0
2017-03-01,0
2017-03-02,0
2017-03-03,0
2017-03-04,0.2839707865168539
2017-03-05,18.474296629213484
2017-03-06,9.922186516853932
2017-03-07,4.030570786516854
2017-03-08,0.7263348314606741
2017-03-09,0
2017-03-10,0
2017-03-11,0
2017-03-12,0
2017-03-13,0
2017-03-14,0
2017-03-15,0
2017-03-16,0.5084022471910112
2017-03-17,0
2017-03-18,0.07657752808988764
2017-03-19,0.24979325842696629
2017-03-20,0.06691685393258427
2017-03-21,32.73265393258427
2017-03-22,16.148278651685395
2017-03-23,1.0881191011235956
2017-03-24,15.225941573033708
2017-03-25,26.488411235955056
2017-03-26,0.017379775280898877
2017-03-27,10.064305617977528
2017-03-28,0.08640898876404494
2017-03-29,0
2017-03-30,0.6385640449438202
2017-03-31,0
2017-04-01,0
2017-04-02,0
2017-04-03,0
2017-04-04,0
2017-04-05,0
2017-04-06,2.6947303370786515
2017-04-07,53.783591011235956
2017-04-08,13.450159550561798
2017-04-09,5.551238202247191
2017-04-10,1.9328337078651685
2017-04-11,2.2508404494382024
2017-04-12,8.826368539325843
2017-04-13,19.81776404494382
2017-04-14,2.2872988764044946
2017-04-15,0.009321348314606742
2017-04-16,0.003020224719101124
2017-04-17,6.728076404494382
2017-04-18,7.481231460674158
2017-04-19,0.25241797752808987
2017-04-20,11.739943820224719
2017-04-21,0.016348314606741573
2017-04-22,0.168361797752809
2017-04-23,0.015582022471910113
2017-04-24,0.4717213483146067
2017-04-25,2.482588764044944
2017-04-26,1.0409460674157303
2017-04-27,0.939914606741573
2017-04-28,0.006779775280898876
2017-04-29,0
2017-04-30,0
2017-05-01,0
2017-05-02,0
2017-05-03,0
2017-05-04,0
2017-05-05,0
2017-05-06,0
2017-05-07,0
2017-05-08,0
2017-05-09,0
2017-05-10,0
2017-05-11,0.09470786516853932
2017-05-12,0.6650022471910112
2017-05-13,0.0115438202247191
2017-05-14,0
2017-05-15,0.6063528089887641
2017-05-16,0
2017-05-17,0.42695280898876403
2017-05-18,0
2017-05-19,0
2017-05-20,0
2017-05-21,0
2017-05-22,0
2017-05-23,0
2017-05-24,0
2017-05-25,0.3005595505617978
2017-05-26,0.014213483146067416
2017-05-27,0.010512359550561798
2017-05-28,0
2017-05-29,0
2017-05-30,0
2017-05-31,0.0035842696629213486
2017-06-01,0
2017-06-02,0
2017-06-03,0
2017-06-04,0
2017-06-05,0
2017-06-06,0
2017-06-07,0
2017-06-08,6.059557303370786
2017-06-09,3.330734831460674
2017-06-10,0.20017752808988765
2017-06-11,0
2017-06-12,0.46009438202247194
2017-06-13,0
2017-06-14,0
2017-06-15,0
2017-06-16,0
2017-06-17,0
2017-06-18,0
2017-06-19,0
2017-06-20,0
2017-06-21,0
2017-06-22,0
2017-06-23,0
2017-06-24,0
2017-06-25,0
2017-06-26,0
2017-06-27,0
2017-06-28,0
2017-06-29,0
2017-06-30,0
2017-07-01,0
2017-07-02,0
2017-07-03,0
2017-07-04,0
2017-07-05,0
2017-07-06,0
2017-07-07,0
2017-07-08,0
2017-07-09,0
2017-07-10,0
2017-07-11,0
2017-07-12,0
2017-07-13,0
2017-07-14,0
2017-07-15,0
2017-07-16,0
2017-07-17,0
2017-07-18,0
2017-07-19,0
2017-07-20,0
2017-07-21,0
2017-07-22,0
2017-07-23,0
2017-07-24,0
2017-07-25,0
2017-07-26,0
2017-07-27,0
2017-07-28,0
2017-07-29,0
2017-07-30,0
2017-07-31,0
2017-08-01,0
2017-08-02,0
2017-08-03,0
2017-08-04,0.010914606741573034
2017-08-05,0
2017-08-06,0
2017-08-07,0
2017-08-08,0
2017-08-09,0
2017-08-10,0
2017-08-11,0
2017-08-12,0
2017-08-13,0
2017-08-14,0
2017-08-15,0
2017-08-16,0
2017-08-17,0
2017-08-18,0
2017-08-19,0
2017-08-20,0
2017-08-21,0
2017-08-22,0
2017-08-23,0
2017-08-24,0
2017-08-25,0
2017-08-26,0
2017-08-27,0
2017-08-28,0
2017-08-29,0
2017-08-30,0
2017-08-31,0
2017-09-01,0
2017-09-02,0
2017-09-03,0
2017-09-04,0
2017-09-05,0
2017-09-06,0
2017-09-07,0.27674157303370783
2017-09-08,0.7739707865168539
2017-09-09,0
2017-09-10,0
2017-09-11,0
2017-09-12,0.0023775280898876406
2017-09-13,0.24272134831460676
2017-09-14,0.7993797752808989
2017-09-15,0
2017-09-16,0
2017-09-17,0
2017-09-18,0.02950561797752809
2017-09-19,0.014058426966292135
2017-09-20,0.21952359550561798
2017-09-21,0.7658
2017-09-22,0.016966292134831463
2017-09-23,0
2017-09-24,0
2017-09-25,0
2017-09-26,0
2017-09-27,0
2017-09-28,0
2017-09-29,0
2017-09-30,0
2017-10-01,0
2017-10-02,0
2017-10-03,0
2017-10-04,0
2017-10-05,0
2017-10-06,0
2017-10-07,0
2017-10-08,0
2017-10-09,0
2017-10-10,0
2017-10-11,0
2017-10-12,0
2017-10-13,0
2017-10-14,0
2017-10-15,0
2017-10-16,0
2017-10-17,0
2017-10-18,0
2017-10-19,0.0436
2017-10-20,13.86848988764045
2017-10-21,0.1761640449438202
2017-10-22,0.040799999999999996
2017-10-23,0
2017-10-24,0.02565393258426966
2017-10-25,0
2017-10-26,0
2017-10-27,0
2017-10-28,0
2017-10-29,2.3146067415730337e-4
2017-10-30,0.001662921348314607
2017-10-31,0
2017-11-01,0.4388584269662921
2017-11-02,0
2017-11-03,0.5462741573033708
2017-11-04,9.563233707865168
2017-11-05,0.09737752808988764
2017-11-06,0.8134741573033708
2017-11-07,0
2017-11-08,6.02247191011236e-4
2017-11-09,33.31171685393259
2017-11-10,10.874730337078653
2017-11-11,3.5645797752808988
2017-11-12,0.002298876404494382
2017-11-13,7.536555056179775
2017-11-14,8.753748314606742
2017-11-15,3.342065168539326
2017-11-16,36.79076404494382
2017-11-17,3.147107865168539
2017-11-18,0.1901056179775281
2017-11-19,5.146067415730337e-4
2017-11-20,4.409024719101124
2017-11-21,10.812424719101124
2017-11-22,0.06442696629213483
2017-11-23,0.06535505617977529
2017-11-24,0.8275573033707865
2017-11-25,2.4269662921348314e-4
2017-11-26,9.184103370786517
2017-11-27,25.655444943820225
2017-11-28,0.03662247191011236
2017-11-29,0
2017-11-30,0.002361797752808989
2017-12-01,0
2017-12-02,0.009946067415730337
2017-12-03,2.165638202247191
2017-12-04,0.01663370786516854
2017-12-05,0
2017-12-06,0
2017-12-07,0
2017-12-08,0
2017-12-09,0
2017-12-10,0
2017-12-11,0
2017-12-12,0
2017-12-13,0
2017-12-14,1.2359550561797755e-4
2017-12-15,0
2017-12-16,0
2017-12-17,0
2017-12-18,0
2017-12-19,0.0014022471910112358
2017-12-20,3.7746449438202245
2017-12-21,0.050808988764044945
2017-12-22,0
2017-12-23,0
2017-12-24,0
2017-12-25,0
2017-12-26,0
2017-12-27,0
2017-12-28,0
2017-12-29,3.6853932584269666e-4
2017-12-30,0
2017-12-31,0
2018-01-01,0.016134831460674157
2018-01-02,0
2018-01-03,0.020703370786516854
2018-01-04,5.559208988764045
2018-01-05,18.149087640449437
2018-01-06,7.18909213483146
2018-01-07,0.0034426966292134833
2018-01-08,8.34871011235955
2018-01-09,75.43659325842697
2018-01-10,1.204573033707865
2018-01-11,1.231714606741573
2018-01-12,1.3670808988764045
2018-01-13,0.002687640449438202
2018-01-14,1.2584269662921347e-4
2018-01-15,0
2018-01-16,6.75394606741573
2018-01-17,1.314743820224719
2018-01-18,3.2368426966292136
2018-01-19,10.874368539325843
2018-01-20,0.7863438202247192
2018-01-21,0.03104494382022472
2018-01-22,43.470087640449435
2018-01-23,0.5185033707865169
2018-01-24,0
2018-01-25,26.442026966292136
2018-01-26,7.074844943820224
2018-01-27,0.2191505617977528
2018-01-28,0.652570786516854
2018-01-29,0
2018-01-30,0
2018-01-31,0
2018-02-01,0
2018-02-02,0
2018-02-03,0
2018-02-04,0
2018-02-05,0
2018-02-06,0
2018-02-07,0
2018-02-08,0
2018-02-09,0
2018-02-10,0
2018-02-11,0
2018-02-12,0.09520898876404495
2018-02-13,0
2018-02-14,0
2018-02-15,0
2018-02-16,0
2018-02-17,0
2018-02-18,0.23694157303370786
2018-02-19,0.5599370786516854
2018-02-20,0
2018-02-21,0.01050561797752809
2018-02-22,0.06381797752808989
2018-02-23,1.0959483146067415
2018-02-24,0
2018-02-25,0.07448539325842697
2018-02-26,6.763069662921349
2018-02-27,1.0632044943820225
2018-02-28,0
2018-03-01,31.098458426966292
2018-03-02,16.243860674157304
2018-03-03,11.616815730337079
2018-03-04,5.985595505617978
2018-03-05,0.01372808988764045
2018-03-06,0
2018-03-07,0.04111685393258427
2018-03-08,6.693858426966292
2018-03-09,0.039307865168539326
2018-03-10,0.1448808988764045
2018-03-11,0
2018-03-12,0.037501123595505614
2018-03-13,24.132793258426965
2018-03-14,8.983573033707865
2018-03-15,7.139941573033708
2018-03-16,21.176152808988764
2018-03-17,5.964995505617978
2018-03-18,1.1742359550561798
2018-03-19,0
2018-03-20,0.25354157303370783
2018-03-21,23.497808988764046
2018-03-22,41.27640449438202
2018-03-23,4.0428674157303375
2018-03-24,8.17289213483146
2018-03-25,5.760608988764045
2018-03-26,0.5751370786516854
2018-03-27,0
2018-03-28,0
2018-03-29,0
2018-03-30,0
2018-03-31,0
2018-04-01,0
2018-04-02,0
2018-04-03,0
2018-04-04,0
2018-04-05,0.0021078651685393257
2018-04-06,37.09975280898876
2018-04-07,77.29300449438202
2018-04-08,0.8005573033707865
2018-04-09,0
2018-04-10,0.01261123595505618
2018-04-11,0.25925842696629214
2018-04-12,9.290173033707864
2018-04-13,1.1335393258426967
2018-04-14,0
2018-04-15,0
2018-04-16,12.7476
2018-04-17,4.2846224719101125
2018-04-18,0.006348314606741573
2018-04-19,0
2018-04-20,0
2018-04-21,0
2018-04-22,0
2018-04-23,0
2018-04-24,0
2018-04-25,0
2018-04-26,0
2018-04-27,0.011597752808988764
2018-04-28,0.6856247191011237
2018-04-29,1.075191011235955
2018-04-30,0.19468314606741574
2018-05-01,0.04006741573033708
2018-05-02,0
2018-05-03,0
2018-05-04,0
2018-05-05,0
2018-05-06,0
2018-05-07,0
2018-05-08,0
2018-05-09,0
2018-05-10,0
2018-05-11,0
2018-05-12,0
2018-05-13,0
2018-05-14,0
2018-05-15,0
2018-05-16,0.0011617977528089888
2018-05-17,0
2018-05-18,0
2018-05-19,0
2018-05-20,0
2018-05-21,0
2018-05-22,0
2018-05-23,0.017431460674157302
2018-05-24,0.0736247191011236
2018-05-25,1.4530719101123595
2018-05-26,3.1559370786516854
2018-05-27,0.04571011235955056
2018-05-28,0
2018-05-29,0
2018-05-30,0
2018-05-31,0
2018-06-01,0
2018-06-02,0
2018-06-03,0
2018-06-04,0
2018-06-05,0
2018-06-06,0
2018-06-07,0
2018-06-08,0
2018-06-09,0.06547640449438202
2018-06-10,0.0027325842696629215
2018-06-11,0
2018-06-12,0
2018-06-13,0
2018-06-14,0
2018-06-15,0
2018-06-16,0
2018-06-17,0
2018-06-18,0
2018-06-19,0
2018-06-20,0
2018-06-21,0
2018-06-22,0
2018-06-23,0
2018-06-24,0
2018-06-25,0.006458426966292135
2018-06-26,0
2018-06-27,0
2018-06-28,0
2018-06-29,0
2018-06-30,0
2018-07-01,0
2018-07-02,0.0029213483146067415
2018-07-03,0
2018-07-04,0
2018-07-05,0
2018-07-06,0
2018-07-07,0
2018-07-08,0
2018-07-09,0
2018-07-10,0
2018-07-11,0
2018-07-12,0
2018-07-13,0.01388314606741573
2018-07-14,0.0022224719101123598
2018-07-15,0
2018-07-16,0
2018-07-17,0
2018-07-18,0
2018-07-19,0
2018-07-20,0
2018-07-21,0
2018-07-22,0
2018-07-23,0
2018-07-24,0
2018-07-25,0
2018-07-26,0
2018-07-27,0
2018-07-28,0
2018-07-29,0
2018-07-30,0
2018-07-31,0
2018-08-01,0
2018-08-02,0
2018-08-03,0
2018-08-04,0
2018-08-05,0
2018-08-06,0
2018-08-07,0
2018-08-08,0
2018-08-09,0
2018-08-10,0
2018-08-11,0
2018-08-12,0
2018-08-13,0
2018-08-14,0
2018-08-15,0
2018-08-16,0
2018-08-17,0
2018-08-18,0
2018-08-19,0
2018-08-20,0
2018-08-21,0.018986516853932586
2018-08-22,0
2018-08-23,0
2018-08-24,0
2018-08-25,5.955056179775281e-4
2018-08-26,5.955056179775281e-4
2018-08-27,5.955056179775281e-4
2018-08-28,0.01359550561797753
2018-08-29,0
2018-08-30,0
2018-08-31,0
2018-09-01,0
2018-09-02,0
2018-09-03,0
2018-09-04,0.01432808988764045
2018-09-05,0.005950561797752809
2018-09-06,0
2018-09-07,0.00391685393258427
2018-09-08,0
2018-09-09,0
2018-09-10,0
2018-09-11,0
2018-09-12,0
2018-09-13,0
2018-09-14,0
2018-09-15,0
2018-09-16,0
2018-09-17,0
2018-09-18,0
2018-09-19,0
2018-09-20,0
2018-09-21,0
2018-09-22,0
2018-09-23,5.460674157303371e-4
2018-09-24,0
2018-09-25,0
2018-09-26,0
2018-09-27,0
2018-09-28,0
2018-09-29,0.030020224719101124
2018-09-30,3.8492067415730338
2018-10-01,0.2864134831460674
2018-10-02,24.890343820224718
2018-10-03,6.577889887640449
2018-10-04,4.306822471910112
2018-10-05,2.3112516853932585
2018-10-06,0.05456179775280899
2018-10-07,0
2018-10-08,0.0027820224719101124
2018-10-09,0
2018-10-10,0
2018-10-11,0
2018-10-12,0
2018-10-13,0
2018-10-14,0
2018-10-15,0
2018-10-16,0
2018-10-17,0
2018-10-18,0
2018-10-19,0
2018-10-20,0
2018-10-21,0
2018-10-22,8.49438202247191e-4
2018-10-23,0
2018-10-24,0
2018-10-25,0
2018-10-26,0
2018-10-27,0
2018-10-28,0.04856179775280899
2018-10-29,2.6292134831460676e-4
2018-10-30,0
2018-10-31,0
2018-11-01,0
2018-11-02,0
2018-11-03,0
2018-11-04,0
2018-11-05,0
2018-11-06,0
2018-11-07,0
2018-11-08,0
2018-11-09,0
2018-11-10,0
2018-11-11,0
2018-11-12,0
2018-11-13,0
2018-11-14,0
2018-11-15,0
2018-11-16,0
2018-11-17,0
2018-11-18,0
2018-11-19,0
2018-11-20,0
2018-11-21,3.964170786516854
2018-11-22,17.771175280898877
2018-11-23,34.69234382022472
2018-11-24,35.71851460674157
2018-11-25,0.02029438202247191
2018-11-26,0.21808539325842696
2018-11-27,1.1234741573033709
2018-11-28,18.101260674157302
2018-11-29,39.43020674157303
2018-11-30,14.682285393258427
2018-12-01,17.782991011235953
2018-12-02,3.9571191011235953
2018-12-03,0
2018-12-04,1.8202247191011236e-4
2018-12-05,3.638647191011236
2018-12-06,2.182638202247191
2018-12-07,0.0025235955056179776
2018-12-08,0
2018-12-09,1.8202247191011236e-4
2018-12-10,1.6604943820224718
2018-12-11,0.009440449438202247
2018-12-12,0.11129438202247191
2018-12-13,0
2018-12-14,0.04115730337078652
2018-12-15,10.608438202247191
2018-12-16,16.236658426966294
2018-12-17,36.75816179775281
2018-12-18,0.6087820224719102
2018-12-19,10.013757303370786
2018-12-20,0.08693033707865168
2018-12-21,8.132103370786517
2018-12-22,0.48814157303370787
2018-12-23,0.1226561797752809
2018-12-24,6.976808988764045
2018-12-25,23.700842696629213
2018-12-26,0.0889932584269663
2018-12-27,0
2018-12-28,1.8202247191011236e-4
2018-12-29,0
2018-12-30,0
2018-12-31,0
2019-01-01,0
2019-01-02,0
2019-01-03,0
2019-01-04,0
2019-01-05,2.8442224719101126
2019-01-06,27.87634157303371
2019-01-07,55.56272584269663
2019-01-08,1.2304606741573034
2019-01-09,38.693606741573035
2019-01-10,13.446510112359551
2019-01-11,0.006143820224719101
2019-01-12,11.306496629213482
2019-01-13,0.010017977528089889
2019-01-14,0.001204494382022472
2019-01-15,6.153051685393258
2019-01-16,24.100404494382023
2019-01-17,78.44504494382022
2019-01-18,10.776696629213482
2019-01-19,6.049534831460674
2019-01-20,14.975224719101124
2019-01-21,16.955959550561797
2019-01-22,0.02093932584269663
2019-01-23,0
2019-01-24,0
2019-01-25,0
2019-01-26,0
2019-01-27,0
2019-01-28,0
2019-01-29,0
2019-01-30,0
2019-01-31,2.620786516853933
2019-02-01,0.24162921348314606
2019-02-02,42.34107640449438
2019-02-03,14.224316853932585
2019-02-04,31.459408988764046
2019-02-05,7.4573775280898875
2019-02-06,0.0031730337078651684
2019-02-07,0
2019-02-08,0
2019-02-09,10.6574
2019-02-10,15.669826966292135
2019-02-11,0.919038202247191
2019-02-12,1.7216
2019-02-13,60.02146516853933
2019-02-14,84.14913033707865
2019-02-15,20.421047191011237
2019-02-16,19.023438202247192
2019-02-17,7.574793258426967
2019-02-18,0.03761573033707865
2019-02-19,0
2019-02-20,0.3460202247191011
2019-02-21,0.36951460674157305
2019-02-22,0
2019-02-23,0
2019-02-24,0.07595056179775281
2019-02-25,4.824042696629213
2019-02-26,128.9904606741573
2019-02-27,138.65553483146067
2019-02-28,4.60325393258427
2019-03-01,0
2019-03-02,11.517624719101123
2019-03-03,9.748334831460674
2019-03-04,2.800467415730337
2019-03-05,0.9394786516853932
2019-03-06,39.09358202247191
2019-03-07,9.170788764044945
2019-03-08,0.3068314606741573
2019-03-09,9.775597752808988
2019-03-10,26.67042247191011
2019-03-11,2.99721797752809
2019-03-12,0.027130337078651687
2019-03-13,0.03578651685393259
2019-03-14,0
2019-03-15,0
2019-03-16,0
2019-03-17,0
2019-03-18,0
2019-03-19,0
2019-03-20,6.227579775280899
2019-03-21,14.18160224719101
2019-03-22,2.067188764044944
2019-03-23,32.4263393258427
2019-03-24,0.24326292134831462
2019-03-25,4.64743595505618
2019-03-26,22.532006741573035
2019-03-27,18.23730786516854
2019-03-28,10.377085393258428
2019-03-29,17.133224719101122
2019-03-30,0.6862112359550562
2019-03-31,0
2019-04-01,0
2019-04-02,1.0362651685393258
2019-04-03,2.1572696629213484
2019-04-04,1.440896629213483
2019-04-05,8.40927191011236
2019-04-06,11.050296629213483
2019-04-07,5.9420292134831465
2019-04-08,0.740694382022472
2019-04-09,8.378593258426966
2019-04-10,0.004773033707865169
2019-04-11,0
2019-04-12,0
2019-04-13,0.06679775280898877
2019-04-14,0
2019-04-15,0.02460449438202247
2019-04-16,7.6445932584269665
2019-04-17,0
2019-04-18,0
2019-04-19,0
2019-04-20,0.003006741573033708
2019-04-21,0.003242696629213483
2019-04-22,0
2019-04-23,0
2019-04-24,0
2019-04-25,0
2019-04-26,0
2019-04-27,0
2019-04-28,0
2019-04-29,0
2019-04-30,0
2019-05-01,0
2019-05-02,0
2019-05-03,0
2019-05-04,0
2019-05-05,0
2019-05-06,0.014937078651685394
2019-05-07,0
2019-05-08,0
2019-05-09,0.06015955056179775
2019-05-10,0.0030696629213483144
2019-05-11,0
2019-05-12,0
2019-05-13,0
2019-05-14,0
2019-05-15,5.518008988764045
2019-05-16,47.08156404494382
2019-05-17,22.530833707865167
2019-05-18,2.4776876404494383
2019-05-19,31.974638202247192
2019-05-20,6.569334831460674
2019-05-21,6.227916853932585
2019-05-22,5.6207595505617975
2019-05-23,0
2019-05-24,0.00681123595505618
2019-05-25,0
2019-05-26,0.18172134831460673
2019-05-27,1.3611977528089887
2019-05-28,0
2019-05-29,0
2019-05-30,0
2019-05-31,0.2507865168539326
2019-06-01,0.1924494382022472
2019-06-02,0.0621438202247191
2019-06-03,0.10159550561797752
2019-06-04,0
2019-06-05,0
2019-06-06,0
2019-06-07,0
2019-06-08,0
2019-06-09,0
2019-06-10,0
2019-06-11,0
2019-06-12,0
2019-06-13,0
2019-06-14,0
2019-06-15,0
2019-06-16,0
2019-06-17,0
2019-06-18,0
2019-06-19,1.0337078651685395e-4
2019-06-20,0
2019-06-21,0
2019-06-22,0
2019-06-23,0
2019-06-24,0
2019-06-25,0
2019-06-26,0
2019-06-27,0
2019-06-28,0
2019-06-29,0
2019-06-30,0
2019-07-01,0
2019-07-02,0
2019-07-03,0
2019-07-04,0
2019-07-05,0
2019-07-06,0
2019-07-07,0
2019-07-08,0
2019-07-09,0
2019-07-10,0
2019-07-11,0
2019-07-12,0
2019-07-13,0
2019-07-14,0
2019-07-15,0
2019-07-16,0
2019-07-17,0
2019-07-18,0
2019-07-19,0
2019-07-20,0.0014943820224719102
2019-07-21,1.6179775280898877e-4
2019-07-22,0
2019-07-23,0
2019-07-24,0
2019-07-25,0
2019-07-26,0
2019-07-27,0
2019-07-28,0
2019-07-29,0
2019-07-30,0
2019-07-31,0
2019-08-01,0
2019-08-02,0
2019-08-03,0
2019-08-04,0
2019-08-05,0
2019-08-06,0
2019-08-07,0
2019-08-08,0
2019-08-09,0
2019-08-10,1.1821955056179776
2019-08-11,0
2019-08-12,0
2019-08-13,0
2019-08-14,0
2019-08-15,0
2019-08-16,0
2019-08-17,0
2019-08-18,0
2019-08-19,0
2019-08-20,0
2019-08-21,0
2019-08-22,0
2019-08-23,0
2019-08-24,0.027948314606741572
2019-08-25,0
2019-08-26,0
2019-08-27,0
2019-08-28,0
2019-08-29,0
2019-08-30,0
2019-08-31,0
2019-09-01,0
2019-09-02,0
2019-09-03,0
2019-09-04,0.015817977528089888
2019-09-05,0.001757303370786517
2019-09-06,2.404494382022472e-4
2019-09-07,4.4719101123595503e-4
2019-09-08,0
2019-09-09,0
2019-09-10,0
2019-09-11,0
2019-09-12,0
2019-09-13,0
2019-09-14,0
2019-09-15,0
2019-09-16,2.5170404494382024
2019-09-17,0.21434606741573034
2019-09-18,2.516905617977528
2019-09-19,0.8862044943820225
2019-09-20,0
2019-09-21,0
2019-09-22,0
2019-09-23,0
2019-09-24,0
2019-09-25,0
2019-09-26,0
2019-09-27,0.023892134831460674
2019-09-28,6.741573033707865e-5
2019-09-29,0
2019-09-30,1.0409550561797754
2019-10-01,0
2019-10-02,0
2019-10-03,0
2019-10-04,0
2019-10-05,0
2019-10-06,0
2019-10-07,0
2019-10-08,0
2019-10-09,0
2019-10-10,0
2019-10-11,0
2019-10-12,0
2019-10-13,0
2019-10-14,0
2019-10-15,0
2019-10-16,0
2019-10-17,0.9396898876404495
2019-10-18,0.14245168539325842
2019-10-19,0.2084247191011236
2019-10-20,1.7598022471910113
2019-10-21,0
2019-10-22,0
2019-10-23,0
2019-10-24,0
2019-10-25,0
2019-10-26,0
2019-10-27,0
2019-10-28,0
2019-10-29,0
2019-10-30,0
2019-10-31,0
2019-11-01,0
2019-11-02,0
2019-11-03,0
2019-11-04,0
2019-11-05,0
2019-11-06,0
2019-11-07,0
2019-11-08,2.359550561797753e-4
2019-11-09,0
2019-11-10,3.01123595505618e-4
2019-11-11,0
2019-11-12,0
2019-11-13,0
2019-11-14,0.003310112359550562
2019-11-15,0.5525056179775281
2019-11-16,0.21215955056179775
2019-11-17,0
2019-11-18,0
2019-11-19,0.062307865168539325
2019-11-20,0.02306741573033708
2019-11-21,0
2019-11-22,0
2019-11-23,0
2019-11-24,0
2019-11-25,0
2019-11-26,0.03884494382022472
2019-11-27,36.26273033707865
2019-11-28,1.6308404494382023
2019-11-29,0.010714606741573034
2019-11-30,0.7442786516853932
2019-12-01,46.06011235955056
2019-12-02,47.76458426966292
2019-12-03,4.040447191011236
2019-12-04,1.3860067415730337
2019-12-05,3.6001662921348316
2019-12-06,1.3832157303370787
2019-12-07,46.594680898876405
2019-12-08,34.1456202247191
2019-12-09,0.5806606741573034
2019-12-10,0.04635505617977528
2019-12-11,10.163862921348315
2019-12-12,12.492656179775281
2019-12-13,1.0251820224719101
2019-12-14,8.63207191011236
2019-12-15,3.592770786516854
2019-12-16,0.0018202247191011235
2019-12-17,0
2019-12-18,12.219608988764046
2019-12-19,15.429375280898876
2019-12-20,4.30332808988764
2019-12-21,0.08121348314606741
2019-12-22,8.366487640449439
2019-12-23,7.184233707865168
2019-12-24,0.0025932584269662924
2019-12-25,8.182577528089888
2019-12-26,1.063961797752809
2019-12-27,0
2019-12-28,2.4719101123595505e-4
2019-12-29,0.1817303370786517
2019-12-30,20.710155056179776
2019-12-31,0.0013685393258426968
2020-01-01,0.0025033707865168542
2020-01-02,0.05461797752808989
2020-01-03,5.123595505617977e-4
2020-01-04,4.337568539325843
2020-01-05,0.34874606741573033
2020-01-06,0.1376629213483146
2020-01-07,0.004053932584269663
2020-01-08,4.461307865168539
2020-01-09,6.838795505617978
2020-01-10,0.9528426966292135
2020-01-11,2.1813460674157303
2020-01-12,0.3429078651685393
2020-01-13,2.3312337078651684
2020-01-14,8.442134831460674
2020-01-15,0.8298561797752809
2020-01-16,18.5159595505618
2020-01-17,17.72218202247191
2020-01-18,0.25120898876404496
2020-01-19,0.1128247191011236
2020-01-20,0
2020-01-21,6.149703370786517
2020-01-22,16.41350786516854
2020-01-23,8.741573033707865e-4
2020-01-24,1.252734831460674
2020-01-25,1.9514157303370787
2020-01-26,21.877496629213482
2020-01-27,1.6707168539325843
2020-01-28,3.6637348314606744
2020-01-29,2.458278651685393
2020-01-30,0.01780224719101124
2020-01-31,1.1910112359550563e-4
2020-02-01,7.910112359550563e-4
2020-02-02,0.07319101123595506
2020-02-03,0.011355056179775282
2020-02-04,0
2020-02-05,0
2020-02-06,0
2020-02-07,0
2020-02-08,6.292134831460675e-5
2020-02-09,0
2020-02-10,0
2020-02-11,0
2020-02-12,0
2020-02-13,0
2020-02-14,0
2020-02-15,1.2134831460674158e-4
2020-02-16,0
2020-02-17,0
2020-02-18,0
2020-02-19,0
2020-02-20,0
2020-02-21,0
2020-02-22,0
2020-02-23,0
2020-02-24,0
2020-02-25,0
2020-02-26,0
2020-02-27,0
2020-02-28,0
2020-02-29,0
2020-03-01,0.013676404494382023
2020-03-02,0
2020-03-03,0
2020-03-04,0
2020-03-05,0
2020-03-06,0.25344044943820226
2020-03-07,1.1315123595505618
2020-03-08,1.0781258426966291
2020-03-09,1.4382022471910112e-4
2020-03-10,0
2020-03-11,0
2020-03-12,0
2020-03-13,0.006937078651685393
2020-03-14,2.506770786516854
2020-03-15,10.275802247191011
2020-03-16,4.449923595505618
2020-03-17,1.5060314606741574
2020-03-18,5.027422471910112
2020-03-19,2.794474157303371
2020-03-20,0.0017168539325842695
2020-03-21,0
2020-03-22,0.0023640449438202247
2020-03-23,0.7718629213483146
2020-03-24,4.541193258426966
2020-03-25,6.420312359550562
2020-03-26,0.8686134831460675
2020-03-27,0
2020-03-28,0.8139123595505618
2020-03-29,5.855824719101124
2020-03-30,3.4451887640449437
2020-03-31,1.5740022471910113
2020-04-01,0.44224943820224716
2020-04-02,0
2020-04-03,0
2020-04-04,1.6286044943820224
2020-04-05,20.74236179775281
2020-04-06,5.814694382022472
2020-04-07,0.9672359550561798
2020-04-08,0.4566561797752809
2020-04-09,0.09842696629213483
2020-04-10,0.3570067415730337
2020-04-11,0
2020-04-12,0.03299550561797753
2020-04-13,0.6615887640449438
2020-04-14,0
2020-04-15,0
2020-04-16,0
2020-04-17,0.008714606741573034
2020-04-18,0.0036494382022471913
2020-04-19,0
2020-04-20,0.037348314606741574
2020-04-21,0.1897438202247191
2020-04-22,0
2020-04-23,0.0011056179775280899
2020-04-24,0
2020-04-25,9.573033707865169e-4
2020-04-26,0
2020-04-27,0
2020-04-28,0
2020-04-29,0
2020-04-30,0
2020-05-01,0
2020-05-02,0.0012808988764044943
2020-05-03,1.298811235955056
2020-05-04,0
2020-05-05,0
2020-05-06,0
2020-05-07,0
2020-05-08,0
2020-05-09,0
2020-05-10,1.1910112359550563e-4
2020-05-11,0.05226741573033708
2020-05-12,12.722546067415731
2020-05-13,4.021116853932584
2020-05-14,3.082952808988764
2020-05-15,0.6612404494382023
2020-05-16,0.03815056179775281
2020-05-17,11.2732202247191
2020-05-18,15.099716853932584
2020-05-19,3.991065168539326
2020-05-20,0.006132584269662921
2020-05-21,0
2020-05-22,0.014975280898876404
2020-05-23,0
2020-05-24,0.00229438202247191
2020-05-25,0
2020-05-26,0
2020-05-27,0
2020-05-28,0
2020-05-29,0.0014876404494382023
2020-05-30,1.4006022471910113
2020-05-31,0.4028359550561798
2020-06-01,0
2020-06-02,0
2020-06-03,0
2020-06-04,0
2020-06-05,0
2020-06-06,0.0044471910112359545
2020-06-07,0.013123595505617978
2020-06-08,0
2020-06-09,0
2020-06-10,0
2020-06-11,0
2020-06-12,0
2020-06-13,0
2020-06-14,0.018651685393258427
2020-06-15,0
2020-06-16,0
2020-06-17,0
2020-06-18,0
2020-06-19,0
2020-06-20,0
2020-06-21,0
2020-06-22,0
2020-06-23,0
2020-06-24,0.08060224719101124
2020-06-25,0
2020-06-26,0
2020-06-27,2.0674157303370786e-4
2020-06-28,0
2020-06-29,0
2020-06-30,0
2020-07-01,0
2020-07-02,0
2020-07-03,0
2020-07-04,0
2020-07-05,0
2020-07-06,0
2020-07-07,0
2020-07-08,0
2020-07-09,0
2020-07-10,0
2020-07-11,0
2020-07-12,0
2020-07-13,0
2020-07-14,0
2020-07-15,0
2020-07-16,0
2020-07-17,0.00109438202247191
2020-07-18,0
2020-07-19,0.0021258426966292137
2020-07-20,0
2020-07-21,0.0015078651685393259
2020-07-22,0.01761123595505618
2020-07-23,0.001240449438202247
2020-07-24,1.9550561797752807e-4
2020-07-25,0
2020-07-26,0
2020-07-27,0
2020-07-28,0
2020-07-29,0
2020-07-30,0
2020-07-31,4.4719101123595503e-4
2020-08-01,0
2020-08-02,0
2020-08-03,0
2020-08-04,0
2020-08-05,0
2020-08-06,0
2020-08-07,0
2020-08-08,0
2020-08-09,0
2020-08-10,0
2020-08-11,0.03396179775280899
2020-08-12,0
2020-08-13,0
2020-08-14,0
2020-08-15,0
2020-08-16,0.5371393258426966
2020-08-17,0.7859685393258427
2020-08-18,2.110968539325843
2020-08-19,0
2020-08-20,0
2020-08-21,0
2020-08-22,0
2020-08-23,0
2020-08-24,0.025274157303370785
2020-08-25,0
2020-08-26,0
2020-08-27,0
2020-08-28,0
2020-08-29,0
2020-08-30,0
2020-08-31,0
2020-09-01,0
2020-09-02,0.06545168539325844
2020-09-03,0
2020-09-04,0
2020-09-05,0
2020-09-06,0
2020-09-07,0
2020-09-08,0
2020-09-09,0
2020-09-10,0
2020-09-11,0
2020-09-12,0
2020-09-13,0
2020-09-14,0
2020-09-15,0
2020-09-16,3.2359550561797753e-4
2020-09-17,0
2020-09-18,0
2020-09-19,0
2020-09-20,0
2020-09-21,0
2020-09-22,0
2020-09-23,0
2020-09-24,0.019752808988764043
2020-09-25,0
2020-09-26,0
2020-09-27,0
2020-09-28,0
2020-09-29,0
2020-09-30,0
2020-10-01,0
2020-10-02,0
2020-10-03,0
2020-10-04,0
2020-10-05,0
2020-10-06,0
2020-10-07,0
2020-10-08,0
2020-10-09,0
2020-10-10,6.337078651685394e-4
2020-10-11,0.9198943820224719
2020-10-12,0
2020-10-13,0
2020-10-14,0
2020-10-15,0
2020-10-16,0
2020-10-17,0
2020-10-18,0
2020-10-19,0
2020-10-20,0
2020-10-21,0
2020-10-22,0
2020-10-23,0
2020-10-24,0
2020-10-25,6.629213483146068e-4
2020-10-26,0
2020-10-27,0
2020-10-28,0
2020-10-29,0
2020-10-30,0
2020-10-31,0
2020-11-01,0
2020-11-02,0
2020-11-03,0
2020-11-04,0
2020-11-05,0
2020-11-06,0.21670786516853932
2020-11-07,1.3023280898876404
2020-11-08,0.0036741573033707868
2020-11-09,0
2020-11-10,0
2020-11-11,0
2020-11-12,0
2020-11-13,0.2617370786516854
2020-11-14,18.80234606741573
2020-11-15,0.06431460674157304
2020-11-16,1.2679505617977527
2020-11-17,0.29837303370786517
2020-11-18,29.829759550561796
2020-11-19,2.8640314606741573
2020-11-20,0
2020-11-21,0
2020-11-22,0
2020-11-23,0.310476404494382
2020-11-24,0
2020-11-25,0.11414831460674157
2020-11-26,0
2020-11-27,0
2020-11-28,0
2020-11-29,0
2020-11-30,0
2020-12-01,0
2020-12-02,0
2020-12-03,0
2020-12-04,0
2020-12-05,0
2020-12-06,0.01158426966292135
2020-12-07,0
2020-12-08,0.0020224719101123597
2020-12-09,0
2020-12-10,0
2020-12-11,0
2020-12-12,20.460934831460673
2020-12-13,7.044732584269663
2020-12-14,10.699804494382022
2020-12-15,0.0035191011235955055
2020-12-16,0.5673483146067416
2020-12-17,22.907047191011237
2020-12-18,0.16769213483146067
2020-12-19,0
2020-12-20,8.224719101123596e-4
2020-12-21,0
2020-12-22,0.21965842696629212
2020-12-23,2.8764044943820223e-4
2020-12-24,0
2020-12-25,0
2020-12-26,27.587916853932583
2020-12-27,1.2641348314606742
2020-12-28,0
2020-12-29,2.8764044943820223e-4
2020-12-30,0
2020-12-31,5.732856179775281
2021-01-01,0.016582022471910113
2021-01-02,4.549912359550562
2021-01-03,1.2446044943820225
2021-01-04,6.963098876404494
2021-01-05,23.22088988764045
2021-01-06,0.26479550561797754
2021-01-07,9.12827191011236
2021-01-08,7.456341573033708
2021-01-09,2.127465168539326
2021-01-10,0.5066359550561798
2021-01-11,0.6925078651685393
2021-01-12,0.14460224719101125
2021-01-13,5.425420224719101
2021-01-14,1.367914606741573
2021-01-15,0.031137078651685395
2021-01-16,5.617977528089888e-5
2021-01-17,0.12141348314606741
2021-01-18,0
2021-01-19,0
2021-01-20,0.015608988764044944
2021-01-21,0
2021-01-22,2.7134943820224717
2021-01-23,2.630970786516854
2021-01-24,0.15985393258426966
2021-01-25,3.8604629213483146
2021-01-26,0.5243280898876405
2021-01-27,49.64638876404494
2021-01-28,18.2404
2021-01-29,5.61238202247191
2021-01-30,0.3369056179775281
2021-01-31,1.6536741573033709
2021-02-01,1.198988764044944
2021-02-02,26.482698876404495
2021-02-03,1.016611235955056
2021-02-04,3.751343820224719
2021-02-05,0.17435955056179775
2021-02-06,0.09798651685393259
2021-02-07,0.017085393258426965
2021-02-08,0.0335438202247191
2021-02-09,0.04436629213483146
2021-02-10,0
2021-02-11,0.11246741573033707
2021-02-12,18.1579797752809
2021-02-13,3.800570786516854
2021-02-14,1.4432606741573033
2021-02-15,6.93181797752809
2021-02-16,1.3629528089887641
2021-02-17,0
2021-02-18,0.0035865168539325845
2021-02-19,6.027469662921348
2021-02-20,5.724195505617978
2021-02-21,0.6228337078651686
2021-02-22,0
2021-02-23,0.0014112359550561798
2021-02-24,0
2021-02-25,0
2021-02-26,0
2021-02-27,0
2021-02-28,0
2021-03-01,0
2021-03-02,0
2021-03-03,0
2021-03-04,0
2021-03-05,0.02418876404494382
2021-03-06,15.777788764044944
2021-03-07,0.15802921348314605
2021-03-08,0.010015730337078652
2021-03-09,4.844150561797753
2021-03-10,19.474047191011238
2021-03-11,8.229121348314607
2021-03-12,0.14234831460674158
2021-03-13,0.01772134831460674
2021-03-14,0.07864269662921348
2021-03-15,16.311060674157304
2021-03-16,0.16784494382022472
2021-03-17,0.03507191011235955
2021-03-18,3.549952808988764
2021-03-19,16.457750561797752
2021-03-20,0.6094696629213483
2021-03-21,0.028231460674157303
2021-03-22,0.004725842696629214
2021-03-23,0
2021-03-24,0.021
2021-03-25,4.8539325842696633e-4
2021-03-26,0
2021-03-27,0.007759550561797753
2021-03-28,0.01987865168539326
2021-03-29,0
2021-03-30,0
2021-03-31,7.820224719101124e-4
2021-04-01,0
2021-04-02,0
2021-04-03,0
2021-04-04,0
2021-04-05,0
2021-04-06,0
2021-04-07,0
2021-04-08,0
2021-04-09,0
2021-04-10,0
2021-04-11,0
2021-04-12,0
2021-04-13,0
2021-04-14,0
2021-04-15,0
2021-04-16,0
2021-04-17,0
2021-04-18,0
2021-04-19,0
2021-04-20,0
2021-04-21,0.061728089887640454
2021-04-22,0
2021-04-23,0
2021-04-24,0.004883146067415731
2021-04-25,0.5772674157303371
2021-04-26,8.649865168539327
2021-04-27,0.037480898876404496
2021-04-28,0
2021-04-29,0
2021-04-30,0
2021-05-01,0
2021-05-02,0
2021-05-03,0
2021-05-04,0
2021-05-05,0
2021-05-06,0
2021-05-07,0
2021-05-08,0
2021-05-09,0
2021-05-10,0
2021-05-11,0
2021-05-12,0
2021-05-13,0
2021-05-14,0
2021-05-15,0.3007033707865168
2021-05-16,1.1371932584269662
2021-05-17,0
2021-05-18,0
2021-05-19,0
2021-05-20,0
2021-05-21,0.008662921348314607
2021-05-22,0
2021-05-23,0
2021-05-24,0
2021-05-25,9.258426966292135e-4
2021-05-26,0.009458426966292136
2021-05-27,0
2021-05-28,0
2021-05-29,0
2021-05-30,0
2021-05-31,0
2021-06-01,0
2021-06-02,0
2021-06-03,0
2021-06-04,0
2021-06-05,0
2021-06-06,0
2021-06-07,0
2021-06-08,0
2021-06-09,0
2021-06-10,0
2021-06-11,0
2021-06-12,0.46931685393258427
2021-06-13,4.337078651685393e-4
2021-06-14,0.306085393258427
2021-06-15,0.011752808988764045
2021-06-16,0
2021-06-17,0
2021-06-18,0
2021-06-19,0
2021-06-20,0
2021-06-21,0
2021-06-22,0
2021-06-23,0.006539325842696629
2021-06-24,0
2021-06-25,0
2021-06-26,0
2021-06-27,0
2021-06-28,0
2021-06-29,0
2021-06-30,0
2021-07-01,0
2021-07-02,0
2021-07-03,0
2021-07-04,0.021651685393258426
2021-07-05,0
2021-07-06,0
2021-07-07,0
2021-07-08,0
2021-07-09,0
2021-07-10,0
2021-07-11,0
2021-07-12,0
2021-07-13,0
2021-07-14,0
2021-07-15,0
2021-07-16,0
2021-07-17,0
2021-07-18,0
2021-07-19,0
2021-07-20,0
2021-07-21,0
2021-07-22,0
2021-07-23,0
2021-07-24,0
2021-07-25,0
2021-07-26,0
2021-07-27,0
2021-07-28,0.016986516853932584
2021-07-29,0
2021-07-30,0
2021-07-31,0.0027213483146067414
2021-08-01,0.005278651685393258
2021-08-02,0
2021-08-03,0
2021-08-04,3.213483146067416e-4
2021-08-05,0
2021-08-06,0
2021-08-07,0
2021-08-08,9.887640449438202e-5
2021-08-09,0
2021-08-10,0
2021-08-11,0
2021-08-12,0
2021-08-13,0
2021-08-14,0
2021-08-15,0
2021-08-16,0
2021-08-17,0
2021-08-18,0
2021-08-19,0
2021-08-20,0
2021-08-21,0.0029191011235955057
2021-08-22,0
2021-08-23,0.00893932584269663
2021-08-24,0
2021-08-25,1.0786516853932583e-4
2021-08-26,0
2021-08-27,0
2021-08-28,0
2021-08-29,0
2021-08-30,0
2021-08-31,0
2021-09-01,0
2021-09-02,0
2021-09-03,0
2021-09-04,0
2021-09-05,0
2021-09-06,0
2021-09-07,0
2021-09-08,0
2021-09-09,1.7752808988764045e-4
2021-09-10,1.4602337078651686
2021-09-11,0
2021-09-12,0
2021-09-13,0
2021-09-14,0
2021-09-15,0
2021-09-16,0.0060808988764044945
2021-09-17,0
2021-09-18,0.04596179775280899
2021-09-19,6.334366292134831
2021-09-20,0.07417752808988763
2021-09-21,0
2021-09-22,0
2021-09-23,0
2021-09-24,0
2021-09-25,0
2021-09-26,0
2021-09-27,0.02393932584269663
2021-09-28,2.7688741573033706
2021-09-29,0
2021-09-30,0
2021-10-01,0
2021-10-02,0
2021-10-03,0
2021-10-04,0
2021-10-05,0
2021-10-06,0
2021-10-07,0
2021-10-08,0
2021-10-09,0
2021-10-10,0
2021-10-11,0
2021-10-12,0
2021-10-13,0
2021-10-14,0
2021-10-15,0
2021-10-16,0
2021-10-17,0.03097303370786517
2021-10-18,8.485049438202248
2021-10-19,0.2976808988764045
2021-10-20,24.221458426966294
2021-10-21,11.698916853932584
2021-10-22,52.43383820224719
2021-10-23,2.7496044943820226
2021-10-24,97.52626966292135
2021-10-25,117.38130786516854
2021-10-26,2.926961797752809
2021-10-27,5.663155056179775
2021-10-28,0.15114606741573033
2021-10-29,0
2021-10-30,0.33042247191011237
2021-10-31,3.088674157303371
2021-11-01,2.799584269662921
2021-11-02,19.625267415730338
2021-11-03,0.08719550561797754
2021-11-04,10.40178202247191
2021-11-05,0.7641393258426966
2021-11-06,0.2352808988764045
2021-11-07,0.526047191011236
2021-11-08,0.2960629213483146
2021-11-09,38.74905617977528
2021-11-10,5.165242696629213
2021-11-11,0.038640449438202246
2021-11-12,0
2021-11-13,0.014449438202247191
2021-11-14,0
2021-11-15,0
2021-11-16,0.051734831460674154
2021-11-17,0
2021-11-18,0
2021-11-19,4.233856179775281
2021-11-20,1.0492134831460673
2021-11-21,0
2021-11-22,0
2021-11-23,0
2021-11-24,0
2021-11-25,0
2021-11-26,0
2021-11-27,0
2021-11-28,0
2021-11-29,0
2021-11-30,0
2021-12-01,1.7977528089887642e-4
2021-12-02,0
2021-12-03,1.3258426966292135e-4
2021-12-04,0.06247640449438202
2021-12-05,0
2021-12-06,0.07282921348314607
2021-12-07,1.6747348314606743
2021-12-08,0.10262247191011235
2021-12-09,0.16117752808988764
2021-12-10,0.004130337078651685
2021-12-11,0.029910112359550562
2021-12-12,23.542773033707864
2021-12-13,28.61293033707865
2021-12-14,28.178773033707866
2021-12-15,3.5991640449438203
2021-12-16,42.512191011235956
2021-12-17,0.5139011235955057
2021-12-18,4.2247191011235955e-4
2021-12-19,0.005301123595505618
2021-12-20,0.33000898876404494
2021-12-21,0.40015280898876404
2021-12-22,18.81625617977528
2021-12-23,24.737714606741573
2021-12-24,13.1856202247191
2021-12-25,19.0726
2021-12-26,12.9148
2021-12-27,15.894159550561797
2021-12-28,3.357732584269663
2021-12-29,11.483332584269663
2021-12-30,1.7071662921348314
2021-12-31,0
2022-01-01,0
2022-01-02,0
2022-01-03,0.8857752808988764
2022-01-04,18.30187415730337
2022-01-05,2.4884157303370786
2022-01-06,0.2500876404494382
2022-01-07,3.4247146067415732
2022-01-08,4.202644943820225
2022-01-09,0.009038202247191011
2022-01-10,0.007186516853932584
2022-01-11,0
2022-01-12,0
2022-01-13,0.005357303370786517
2022-01-14,0
2022-01-15,1.2134831460674158e-4
2022-01-16,0
2022-01-17,0
2022-01-18,0
2022-01-19,0.0022786516853932582
2022-01-20,0
2022-01-21,1.1685393258426967e-4
2022-01-22,0
2022-01-23,0
2022-01-24,0
2022-01-25,0
2022-01-26,0.0010674157303370787
2022-01-27,1.1685393258426967e-4
2022-01-28,0
2022-01-29,0
2022-01-30,0
2022-01-31,0
2022-02-01,0
2022-02-02,0
2022-02-03,0
2022-02-04,0
2022-02-05,0
2022-02-06,0
2022-02-07,0
2022-02-08,0
2022-02-09,0
2022-02-10,0
2022-02-11,0.001642696629213483
2022-02-12,0
2022-02-13,0
2022-02-14,0
2022-02-15,0.0017325842696629212
2022-02-16,0
2022-02-17,0
2022-02-18,0
2022-02-19,0
2022-02-20,0
2022-02-21,0
2022-02-22,0.6408719101123596
2022-02-23,0.7227775280898876
2022-02-24,0.021238202247191012
2022-02-25,0
2022-02-26,0.010393258426966291
2022-02-27,0.4192629213483146
2022-02-28,0
2022-03-01,0
2022-03-02,8.426966292134832e-4
2022-03-03,0.8211483146067415
2022-03-04,3.4917483146067414
2022-03-05,0.6414292134831461
2022-03-06,0
2022-03-07,0
2022-03-08,0
2022-03-09,0
2022-03-10,0
2022-03-11,0
2022-03-12,0.0016202247191011237
2022-03-13,1.4306629213483146
2022-03-14,0.018074157303370787
2022-03-15,8.454202247191011
2022-03-16,0.4890966292134831
2022-03-17,6.067415730337079e-5
2022-03-18,0
2022-03-19,0.17947865168539326
2022-03-20,2.3490022471910113
2022-03-21,0
2022-03-22,0
2022-03-23,0
2022-03-24,0
2022-03-25,0.001202247191011236
2022-03-26,0
2022-03-27,0.09735505617977529
2022-03-28,14.71016404494382
2022-03-29,4.047831460674157
2022-03-30,0.006213483146067416
2022-03-31,0
2022-04-01,0.0022202247191011235
2022-04-02,0.019258426966292135
2022-04-03,0.014193258426966292
2022-04-04,0.007258426966292135
2022-04-05,0.05662022471910112
2022-04-06,0.007674157303370787
2022-04-07,0.014193258426966292
2022-04-08,0
2022-04-09,0
2022-04-10,0.007258426966292135
2022-04-11,3.340743820224719
2022-04-12,3.1085325842696627
2022-04-13,0.2910337078651685
2022-04-14,13.280788764044944
2022-04-15,25.268175280898877
2022-04-16,21.31543595505618
2022-04-17,6.1003191011235955
2022-04-18,0.05187191011235955
2022-04-19,11.865761797752809
2022-04-20,0.5821438202247191
2022-04-21,21.565512359550564
2022-04-22,4.888793258426967
2022-04-23,0.6002314606741573
2022-04-24,0.020240449438202246
2022-04-25,0.020240449438202246
2022-04-26,0
2022-04-27,0
2022-04-28,0.014193258426966292
2022-04-29,0.002092134831460674
2022-04-30,0.014193258426966292
2022-05-01,0.020608988764044944
2022-05-02,0.009395505617977529
2022-05-03,0
2022-05-04,0
2022-05-05,0
2022-05-06,0.4529123595505618
2022-05-07,1.1953191011235955
2022-05-08,0.21282022471910111
2022-05-09,5.907260674157303
2022-05-10,1.3190606741573034
2022-05-11,0.8116134831460674
2022-05-12,0
2022-05-13,0
2022-05-14,0
2022-05-15,0
2022-05-16,0
2022-05-17,0
2022-05-18,0
2022-05-19,0
2022-05-20,0
2022-05-21,0
2022-05-22,0
2022-05-23,0
2022-05-24,0
2022-05-25,0
2022-05-26,0.009784269662921348
2022-05-27,0.007467415730337079
2022-05-28,0
2022-05-29,0.8489370786516854
2022-05-30,0
2022-05-31,0
2022-06-01,0
2022-06-02,0
2022-06-03,0
2022-06-04,0.05112134831460674
2022-06-05,18.001530337078652
2022-06-06,2.9606808988764044
2022-06-07,0.004555056179775281
2022-06-08,0
2022-06-09,0
2022-06-10,0
2022-06-11,0
2022-06-12,0.10832134831460674
2022-06-13,0.5018808988764045
2022-06-14,0
2022-06-15,0
2022-06-16,0
2022-06-17,0
2022-06-18,0
2022-06-19,0
2022-06-20,0
2022-06-21,0
2022-06-22,0
2022-06-23,0
2022-06-24,0
2022-06-25,0
2022-06-26,0
2022-06-27,0
2022-06-28,0
2022-06-29,0
2022-06-30,0
2022-07-01,0
2022-07-02,0
2022-07-03,0.0035258426966292135
2022-07-04,0.036094382022471914
2022-07-05,0.5881303370786517
2022-07-06,0.4531078651685393
2022-07-07,0.006480898876404494
2022-07-08,0
2022-07-09,0
2022-07-10,0
2022-07-11,0
2022-07-12,0
2022-07-13,0
2022-07-14,0
2022-07-15,0
2022-07-16,0
2022-07-17,0
2022-07-18,0
2022-07-19,0
2022-07-20,0
2022-07-21,0
2022-07-22,0
2022-07-23,0
2022-07-24,0
2022-07-25,0
2022-07-26,0.001752808988764045
2022-07-27,0.00429438202247191
2022-07-28,0
2022-07-29,0
2022-07-30,0
2022-07-31,0.04378426966292135
2022-08-01,0.0039011235955056177
2022-08-02,0.16558651685393258
2022-08-03,0
2022-08-04,0
2022-08-05,0
2022-08-06,0
2022-08-07,3.1235955056179777e-4
2022-08-08,0
2022-08-09,0
2022-08-10,0
2022-08-11,0
2022-08-12,0
2022-08-13,0
2022-08-14,0
2022-08-15,0
2022-08-16,0
2022-08-17,0
2022-08-18,0.0025685393258426965
2022-08-19,0
2022-08-20,0
2022-08-21,0.0012719101123595505
2022-08-22,0
2022-08-23,0
2022-08-24,0
2022-08-25,0
2022-08-26,0
2022-08-27,0
2022-08-28,0
2022-08-29,0
2022-08-30,0.011851685393258427
2022-08-31,0
2022-09-01,0
2022-09-02,0
2022-09-03,0
2022-09-04,0
2022-09-05,0
2022-09-06,0
2022-09-07,0
2022-09-08,0
2022-09-09,0
2022-09-10,0
2022-09-11,0
2022-09-12,0
2022-09-13,0.015368539325842697
2022-09-14,0
2022-09-15,0
2022-09-16,0
2022-09-17,0
2022-09-18,8.182
2022-09-19,40.03173932584269
2022-09-20,3.419002247191011
2022-09-21,0.7751101123595505
2022-09-22,0.022121348314606742
2022-09-23,0
2022-09-24,0
2022-09-25,0
2022-09-26,0
2022-09-27,0
2022-09-28,0
2022-09-29,0
2022-09-30,0
2022-10-01,0
2022-10-02,0
2022-10-03,0
2022-10-04,0
2022-10-05,0
2022-10-06,0
2022-10-07,0
2022-10-08,0
2022-10-09,0
2022-10-10,0
2022-10-11,0
2022-10-12,0
2022-10-13,0
2022-10-14,0
2022-10-15,0.002287640449438202
2022-10-16,0
2022-10-17,0
2022-10-18,0
2022-10-19,0
2022-10-20,0
2022-10-21,0
2022-10-22,0.4133303370786517
2022-10-23,0
2022-10-24,0
2022-10-25,0
2022-10-26,0
2022-10-27,0
2022-10-28,0
2022-10-29,0
2022-10-30,0
2022-10-31,0
2022-11-01,1.740514606741573
2022-11-02,5.933523595505618
2022-11-03,0.40087191011235956
2022-11-04,0
2022-11-05,0.8726404494382023
2022-11-06,6.220348314606742
2022-11-07,13.715137078651685
2022-11-08,28.67341573033708
2022-11-09,8.451748314606741
2022-11-10,0
2022-11-11,0
2022-11-12,0.35913483146067415
2022-11-13,0.25603595505617976
2022-11-14,0
2022-11-15,0
2022-11-16,0
2022-11-17,0
2022-11-18,0
2022-11-19,0
2022-11-20,0
2022-11-21,0
2022-11-22,0
2022-11-23,0
2022-11-24,0
2022-11-25,0
2022-11-26,0
2022-11-27,0
2022-11-28,6.044943820224719e-4
2022-11-29,0.038155056179775285
2022-11-30,0
2022-12-01,23.892357303370787
2022-12-02,6.41438202247191
2022-12-03,0.04955056179775281
2022-12-04,8.448101123595505
2022-12-05,20.11909213483146
2022-12-06,7.730905617977528
2022-12-07,0.5694719101123595
2022-12-08,0.008384269662921348
2022-12-09,11.767671910112359
2022-12-10,17.72814382022472
2022-12-11,28.39908988764045
2022-12-12,17.872534831460673
2022-12-13,0.00807191011235955
2022-12-14,0
2022-12-15,0
2022-12-16,0
2022-12-17,0
2022-12-18,0
2022-12-19,0
2022-12-20,0.03388314606741573
2022-12-21,0.06817528089887641
2022-12-22,0.7759258426966292
2022-12-23,1.3327280898876404
2022-12-24,0.3446449438202247
2022-12-25,0.04701797752808989
2022-12-26,0.11508988764044943
2022-12-27,78.09681123595506
2022-12-28,6.094249438202247
2022-12-29,9.841808988764045
2022-12-30,34.44525842696629
2022-12-31,49.36068539325843
2023-01-01,13.056042696629213
2023-01-02,0.05201123595505618
2023-01-03,10.080860674157304
2023-01-04,9.55747191011236
2023-01-05,64.11074831460674
2023-01-06,23.457197752808987
2023-01-07,20.182384269662922
2023-01-08,62.85874831460674
2023-01-09,52.117244943820225
2023-01-10,18.783397752808987
2023-01-11,30.025824719101124
2023-01-12,39.79937078651685
2023-01-13,15.878831460674157
2023-01-14,47.74777078651685
2023-01-15,29.29418426966292
2023-01-16,9.415465168539326
2023-01-17,0.15684719101123595
2023-01-18,0.022620224719101124
2023-01-19,11.647640449438203
2023-01-20,0
2023-01-21,0
2023-01-22,0
2023-01-23,0
2023-01-24,0
2023-01-25,0
2023-01-26,0
2023-01-27,0
2023-01-28,0
2023-01-29,0
2023-01-30,0.006712359550561798
2023-01-31,0
2023-02-01,0
2023-02-02,0
2023-02-03,15.550373033707865
2023-02-04,0.9116134831460674
2023-02-05,18.599680898876404
2023-02-06,7.884123595505618
2023-02-07,0.0042269662921348315
2023-02-08,0
2023-02-09,0
2023-02-10,0.0060202247191011235
2023-02-11,2.4631842696629214
2023-02-12,0.013462921348314607
2023-02-13,0
2023-02-14,0
2023-02-15,0.3716426966292135
2023-02-16,0
2023-02-17,0
2023-02-18,0
2023-02-19,0
2023-02-20,0
2023-02-21,0
2023-02-22,0.9420651685393259
2023-02-23,1.930323595505618
2023-02-24,28.78512808988764
2023-02-25,6.7332404494382025
2023-02-26,1.1915213483146068
2023-02-27,13.429730337078652
2023-02-28,22.143417977528088
2023-03-01,12.320840449438203
2023-03-02,0.00121123595505618
2023-03-03,0
2023-03-04,0.1917303370786517
2023-03-05,24.589078651685394
2023-03-06,9.698514606741574
2023-03-07,6.334662921348315
2023-03-08,14.160451685393259
2023-03-09,1.059658426966292
2023-03-10,79.33058876404495
2023-03-11,0.6869460674157304
2023-03-12,18.655393258426965
2023-03-13,24.061910112359552
2023-03-14,32.691013483146065
2023-03-15,39.55245842696629
2023-03-16,0
2023-03-17,0
2023-03-18,0
2023-03-19,12.109993258426966
2023-03-20,9.999388764044944
2023-03-21,1.4454269662921349
2023-03-22,26.354033707865167
2023-03-23,3.0935573033707864
2023-03-24,0.9794
2023-03-25,0.10002921348314607
2023-03-26,0
2023-03-27,0
2023-03-28,17.89647415730337
2023-03-29,39.54976853932584
2023-03-30,6.400402247191011
2023-03-31,0.9408988764044944
2023-04-01,0.19504269662921347
2023-04-02,2.217923595505618
2023-04-03,0.5154269662921348
2023-04-04,0.013595505617977528
2023-04-05,0
2023-04-06,0
2023-04-07,15.744173033707865
2023-04-08,5.590541573033708
2023-04-09,0
2023-04-10,0.001202247191011236
2023-04-11,0.3211393258426966
2023-04-12,0.0037191011235955056
2023-04-13,0
2023-04-14,0
2023-04-15,0
2023-04-16,0
2023-04-17,0.004730337078651685
2023-04-18,5.440957303370786
2023-04-19,0.09849887640449438
2023-04-20,0
2023-04-21,0.001202247191011236
2023-04-22,0.009469662921348314
2023-04-23,0
2023-04-24,0
2023-04-25,0
2023-04-26,0.002555056179775281
2023-04-27,0
2023-04-28,0.016919101123595504
2023-04-29,0
2023-04-30,0
2023-05-01,0
2023-05-02,5.757044943820225
2023-05-03,8.837159550561799
2023-05-04,2.497894382022472
2023-05-05,1.2273348314606742
2023-05-06,11.419391011235955
2023-05-07,2.1520966292134833
2023-05-08,4.40878202247191
2023-05-09,1.5887932584269664
2023-05-10,0.0031348314606741575
2023-05-11,0
2023-05-12,0
2023-05-13,0.002159550561797753
2023-05-14,0.012119101123595506
2023-05-15,0
2023-05-16,0
2023-05-17,0
2023-05-18,0
2023-05-19,0
2023-05-20,0
2023-05-21,0
2023-05-22,0
2023-05-23,0
2023-05-24,0
2023-05-25,0
2023-05-26,0.02359550561797753
2023-05-27,0.019669662921348315
2023-05-28,0
2023-05-29,1.056638202247191
2023-05-30,0.00743370786516854
2023-05-31,0
2023-06-01,0
2023-06-02,0
2023-06-03,0
2023-06-04,0
2023-06-05,0
2023-06-06,0.050121348314606746
2023-06-07,0.43174606741573035
2023-06-08,9.213483146067415e-5
2023-06-09,0.005986516853932584
2023-06-10,3.7752808988764043e-4
2023-06-11,0
2023-06-12,0.01051685393258427
2023-06-13,0
2023-06-14,0
2023-06-15,0.015993258426966292
2023-06-16,0
2023-06-17,0
2023-06-18,0
2023-06-19,0
2023-06-20,0
2023-06-21,0
2023-06-22,0
2023-06-23,0
2023-06-24,0
2023-06-25,0
2023-06-26,0
2023-06-27,0
2023-06-28,0
2023-06-29,0
2023-06-30,0.0317123595505618
2023-07-01,0.00438876404494382
2023-07-02,0.008375280898876404
2023-07-03,2.651685393258427e-4
2023-07-04,0
2023-07-05,0
2023-07-06,0.00289438202247191
2023-07-07,0.004089887640449439
2023-07-08,0.006292134831460674
2023-07-09,0
2023-07-10,0
2023-07-11,0
2023-07-12,0.004123595505617978
2023-07-13,0.011523595505617977
2023-07-14,0.014298876404494383
2023-07-15,2.651685393258427e-4
2023-07-16,2.651685393258427e-4
2023-07-17,2.651685393258427e-4
2023-07-18,0
2023-07-19,0
2023-07-20,0
2023-07-21,0.014033707865168539
2023-07-22,0.006292134831460674
2023-07-23,0
2023-07-24,0
2023-07-25,0
2023-07-26,2.651685393258427e-4
2023-07-27,0
2023-07-28,0.006292134831460674
2023-07-29,2.651685393258427e-4
2023-07-30,0
2023-07-31,0
2023-08-01,0
2023-08-02,0
2023-08-03,0
2023-08-04,0.014959550561797753
2023-08-05,0
2023-08-06,0.005474157303370786
2023-08-07,0.005474157303370786
2023-08-08,0
2023-08-09,0
2023-08-10,0
2023-08-11,0.022080898876404496
2023-08-12,0
2023-08-13,0
2023-08-14,0
2023-08-15,0.16130786516853932
2023-08-16,0.011170786516853931
2023-08-17,0.030629213483146067
2023-08-18,0.06269662921348315
2023-08-19,1.3258426966292135e-4
2023-08-20,0.0031235955056179775
2023-08-21,0
2023-08-22,0.2496
2023-08-23,0
2023-08-24,0
2023-08-25,0.013606741573033708
2023-08-26,0
2023-08-27,0
2023-08-28,0
2023-08-29,0
2023-08-30,0.02410112359550562
2023-08-31,0
2023-09-01,0.01053932584269663
2023-09-02,0.42122696629213485
2023-09-03,1.3992112359550561
2023-09-04,0.010074157303370787
2023-09-05,0.004631460674157303
2023-09-06,0
2023-09-07,0
2023-09-08,0.004631460674157303
2023-09-09,0
2023-09-10,0
2023-09-11,0
2023-09-12,0
2023-09-13,0
2023-09-14,0
2023-09-15,0.0011325842696629214
2023-09-16,0
2023-09-17,0.006168539325842696
2023-09-18,0
2023-09-19,0
2023-09-20,0.004631460674157303
2023-09-21,0.00498876404494382
2023-09-22,0
2023-09-23,0.004631460674157303
2023-09-24,0
2023-09-25,0.016764044943820226
2023-09-26,6.422296629213483
2023-09-27,0.030930337078651685
2023-09-28,0
2023-09-29,0
2023-09-30,0.47231235955056183
2023-10-01,2.7077460674157305
2023-10-02,0
2023-10-03,0
2023-10-04,0.002253932584269663
2023-10-05,0.005680898876404494
2023-10-06,0
2023-10-07,0
2023-10-08,0
2023-10-09,0.014208988764044944
2023-10-10,3.56261797752809
2023-10-11,3.3496
2023-10-12,0.0020516853932584273
2023-10-13,0
2023-10-14,0.47229662921348314
2023-10-15,0.3861438202247191
2023-10-16,0.003591011235955056
2023-10-17,0.33801573033707866
2023-10-18,0.0015865168539325842
2023-10-19,0
2023-10-20,0.0015258426966292134
2023-10-21,0
2023-10-22,2.9522404494382024
2023-10-23,20.428631460674158
2023-10-24,0.010184269662921349
2023-10-25,0.001247191011235955
2023-10-26,0.6684112359550561
2023-10-27,0
2023-10-28,0
2023-10-29,0
2023-10-30,0
2023-10-31,0
2023-11-01,0
2023-11-02,0
2023-11-03,0
2023-11-04,7.438202247191011e-4
2023-11-05,1.5834067415730337
2023-11-06,7.686629213483146
2023-11-07,2.7508022471910114
2023-11-08,0.0017550561797752809
2023-11-09,0.03204719101123595
2023-11-10,0.0026831460674157305
2023-11-11,0
2023-11-12,0
2023-11-13,0.010586516853932583
2023-11-14,3.2709550561797753
2023-11-15,10.785577528089888
2023-11-16,0.5948516853932584
2023-11-17,0.7891101123595505
2023-11-18,42.33161573033708
2023-11-19,16.04785168539326
2023-11-20,0
2023-11-21,0
2023-11-22,0
2023-11-23,0.1371438202247191
2023-11-24,0
2023-11-25,0.02553483146067416
2023-11-26,0
2023-11-27,0
2023-11-28,1.8876404494382024e-4
2023-11-29,2.1487662921348316
2023-11-30,0.0403438202247191
2023-12-01,0.9507348314606742
2023-12-02,4.687759550561798
2023-12-03,11.291173033707866
2023-12-04,2.070669662921348
2023-12-05,0.006341573033707865
2023-12-06,0.014862921348314606
2023-12-07,14.606244943820224
2023-12-08,6.233833707865169
2023-12-09,0.0010808988764044944
2023-12-10,0.004314606741573033
2023-12-11,0.04038426966292135
2023-12-12,0.005006741573033708
2023-12-13,5.775280898876405e-4
2023-12-14,0
2023-12-15,0
2023-12-16,0
2023-12-17,0.01811011235955056
2023-12-18,30.037737078651684
2023-12-19,58.63889213483146
2023-12-20,43.194026966292135
2023-12-21,6.078871910112359
2023-12-22,0.030577528089887642
2023-12-23,0
2023-12-24,0
2023-12-25,0.040128089887640446
2023-12-26,0
2023-12-27,0.7481910112359551
2023-12-28,35.89122247191011
2023-12-29,10.432849438202247
2023-12-30,38.963422471910114
2023-12-31,2.4202157303370786
2024-01-01,0.04110337078651685
2024-01-02,0
2024-01-03,28.026950561797754
2024-01-04,0.4560516853932584
2024-01-05,0.0018831460674157304
2024-01-06,0.058808988764044945
2024-01-07,9.012537078651686
2024-01-08,0.0077505617977528096
2024-01-09,2.082658426966292
2024-01-10,4.3944314606741575
2024-01-11,7.0148
2024-01-12,0
2024-01-13,8.040469662921348
2024-01-14,42.01127640449438
2024-01-15,0.2585865168539326
2024-01-16,0.1644179775280899
2024-01-17,15.262112359550562
2024-01-18,0.3721505617977528
2024-01-19,4.539325842696629e-4
2024-01-20,26.886485393258425
2024-01-21,24.24670561797753
2024-01-22,54.32047415730337
2024-01-23,2.0211191011235954
2024-01-24,9.818514606741573
2024-01-25,7.359440449438202
2024-01-26,0.0033640449438202247
2024-01-27,0.03372808988764045
2024-01-28,0.2076629213483146
2024-01-29,0.00392808988764045
2024-01-30,0
2024-01-31,2.2179393258426967
2024-02-01,77.07430786516854
2024-02-02,12.582206741573033
2024-02-03,4.538865168539326
2024-02-04,18.81946966292135
2024-02-05,72.82537078651686
2024-02-06,5.0297685393258424
2024-02-07,0.12327640449438203
2024-02-08,7.011402247191011
2024-02-09,0.0024247191011235957
2024-02-10,0
2024-02-11,0
2024-02-12,0
2024-02-13,7.595505617977529e-4
2024-02-14,0.4018674157303371
2024-02-15,23.395534831460676
2024-02-16,0.8734314606741573
2024-02-17,1.0300134831460674
2024-02-18,41.679804494382026
2024-02-19,41.998224719101124
2024-02-20,36.28503595505618
2024-02-21,14.86196404494382
2024-02-22,5.349125842696629
2024-02-23,0.041957303370786514
2024-02-24,0
2024-02-25,0
2024-02-26,0.03888314606741573
2024-02-27,0.32526516853932586
2024-02-28,0
2024-02-29,1.4813033707865169
2024-03-01,22.12280224719101
2024-03-02,31.059748314606743
2024-03-03,13.181314606741573
2024-03-04,5.528029213483146
2024-03-05,13.156004494382023
2024-03-06,14.690804494382023
2024-03-07,2.3490157303370784
2024-03-08,0.02212808988764045
2024-03-09,0.07201797752808989
2024-03-10,2.6419955056179774
2024-03-11,15.469642696629213
2024-03-12,9.385422471910113
2024-03-13,1.1550471910112359
2024-03-14,0
2024-03-15,0
2024-03-16,0
2024-03-17,0
2024-03-18,0
2024-03-19,0
2024-03-20,0
2024-03-21,0
2024-03-22,0
2024-03-23,24.49465393258427
2024-03-24,14.27114606741573
2024-03-25,0.2623685393258427
2024-03-26,0
2024-03-27,0.017779775280898878
2024-03-28,22.509157303370788
2024-03-29,3.0645056179775283
2024-03-30,23.295952808988766
2024-03-31,1.2175011235955056
2024-04-01,0
2024-04-02,0
2024-04-03,0
2024-04-04,2.230820224719101
2024-04-05,11.784869662921349
2024-04-06,0.37712359550561797
2024-04-07,0
2024-04-08,0.03383370786516854
2024-04-09,0.01333258426966292
2024-04-10,0
2024-04-11,0
2024-04-12,0
2024-04-13,16.894098876404495
2024-04-14,6.011262921348314
2024-04-15,2.414705617977528
2024-04-16,0.001957303370786517
2024-04-17,0
2024-04-18,0
2024-04-19,0
2024-04-20,0
2024-04-21,0
2024-04-22,0
2024-04-23,0.010150561797752809
2024-04-24,0.004240449438202247
2024-04-25,0
2024-04-26,0.23127865168539324
2024-04-27,0.2371438202247191
2024-04-28,0
2024-04-29,0
2024-04-30,0
2024-05-01,0
2024-05-02,0
2024-05-03,0
2024-05-04,10.74547415730337
2024-05-05,19.87301797752809
2024-05-06,0
2024-05-07,0
2024-05-08,0
2024-05-09,0
2024-05-10,0
2024-05-11,0
2024-05-12,0
2024-05-13,0
2024-05-14,0
2024-05-15,0
2024-05-16,0
2024-05-17,0.006525842696629213
2024-05-18,0
2024-05-19,0
2024-05-20,0
2024-05-21,0
2024-05-22,0
2024-05-23,0
2024-05-24,0
2024-05-25,0
2024-05-26,0
2024-05-27,0
2024-05-28,0
2024-05-29,0
2024-05-30,0
2024-05-31,0
2024-06-01,0
2024-06-02,0
2024-06-03,0.023523595505617976
2024-06-04,0.12944044943820224
2024-06-05,0
2024-06-06,0
2024-06-07,0
2024-06-08,0
2024-06-09,0
2024-06-10,0
2024-06-11,0
2024-06-12,0
2024-06-13,0
2024-06-14,0
2024-06-15,0
2024-06-16,0
2024-06-17,0
2024-06-18,0
2024-06-19,0
2024-06-20,0
2024-06-21,0
2024-06-22,0
2024-06-23,0
2024-06-24,0
2024-06-25,0
2024-06-26,0
2024-06-27,0
2024-06-28,0
2024-06-29,0
2024-06-30,0
2024-07-01,0
2024-07-02,0
2024-07-03,0
2024-07-04,0
2024-07-05,0
2024-07-06,0
2024-07-07,4e-4
2024-07-08,0
2024-07-09,0
2024-07-10,0
2024-07-11,0.001802247191011236
2024-07-12,0
2024-07-13,0
2024-07-14,0
2024-07-15,0
2024-07-16,0
2024-07-17,0
2024-07-18,0
2024-07-19,0
2024-07-20,0
2024-07-21,0
2024-07-22,0
2024-07-23,0
2024-07-24,0
2024-07-25,0
2024-07-26,0
2024-07-27,0
2024-07-28,0
2024-07-29,0
2024-07-30,0
2024-07-31,0
2024-08-01,0
2024-08-02,0
2024-08-03,0
2024-08-04,0
2024-08-05,0
2024-08-06,0
2024-08-07,0
2024-08-08,0
2024-08-09,0
2024-08-10,0.017447191011235954
2024-08-11,0
2024-08-12,0
2024-08-13,0
2024-08-14,0
2024-08-15,0
2024-08-16,0
2024-08-17,0
2024-08-18,0.4747820224719101
2024-08-19,0
2024-08-20,0
2024-08-21,0
2024-08-22,0
2024-08-23,0
2024-08-24,3.5652696629213483
2024-08-25,0.44865842696629216
2024-08-26,0
2024-08-27,0
2024-08-28,0
2024-08-29,0.005096629213483146
2024-08-30,0
2024-08-31,0
2024-09-01,0
2024-09-02,0
2024-09-03,0
2024-09-04,0
2024-09-05,0
2024-09-06,1.955056179775281e-4
2024-09-07,0
2024-09-08,0
2024-09-09,0
2024-09-10,0
2024-09-11,0
2024-09-12,0
2024-09-13,0
2024-09-14,0
2024-09-15,0
2024-09-16,0
2024-09-17,0.0066786516853932585
2024-09-18,0
2024-09-19,0
2024-09-20,0
2024-09-21,0
2024-09-22,0
2024-09-23,0
2024-09-24,0
2024-09-25,0
2024-09-26,0
2024-09-27,0
2024-09-28,0
2024-09-29,0
2024-09-30,0
2024-10-01,0
2024-10-02,0
2024-10-03,0
2024-10-04,0
2024-10-05,0
2024-10-06,0
2024-10-07,0
2024-10-08,0
2024-10-09,0
2024-10-10,0
2024-10-11,0
2024-10-12,0.8832786516853932
2024-10-13,5.823177528089888
2024-10-14,0
2024-10-15,0
2024-10-16,2.3370786516853934e-4
2024-10-17,0
2024-10-18,0
2024-10-19,0
2024-10-20,0
2024-10-21,0
2024-10-22,0
2024-10-23,0
2024-10-24,0
2024-10-25,0
2024-10-26,0
2024-10-27,0.44974606741573037
2024-10-28,2.017067415730337
2024-10-29,0.6470966292134831
2024-10-30,0.0033752808988764048
2024-10-31,7.268121348314606
2024-11-01,0.06880224719101123
2024-11-02,19.091197752808988
2024-11-03,0.04318876404494382
2024-11-04,0
2024-11-05,0
2024-11-06,0
2024-11-07,0
2024-11-08,0
2024-11-09,0
2024-11-10,0
2024-11-11,8.73707415730337
2024-11-12,9.207995505617978
2024-11-13,1.842696629213483e-4
2024-11-14,13.993026966292135
2024-11-15,3.895114606741573
2024-11-16,0
2024-11-17,0
2024-11-18,2.2641595505617977
2024-11-19,0
2024-11-20,25.144080898876403
2024-11-21,146.34354157303372
2024-11-22,119.34714606741574
2024-11-23,37.409469662921346
2024-11-24,3.7676988764044945
2024-11-25,13.620539325842696
2024-11-26,10.145332584269664
2024-11-27,0.08630786516853932
2024-11-28,0.001197752808988764
2024-11-29,0
2024-11-30,7.595505617977529e-4
2024-12-01,3.7303370786516854e-4
2024-12-02,0.004548314606741573
2024-12-03,0
2024-12-04,0
2024-12-05,0
2024-12-06,0
2024-12-07,0
2024-12-08,0
2024-12-09,0
2024-12-10,0
2024-12-11,0
2024-12-12,29.353031460674156
2024-12-13,15.788840449438203
2024-12-14,77.96829438202248
2024-12-15,13.48690786516854
2024-12-16,12.783301123595505
2024-12-17,12.1794202247191
2024-12-18,0.15685168539325844
2024-12-19,0
2024-12-20,0.0021797752808988763
2024-12-21,7.936480898876405
2024-12-22,8.926503370786516
2024-12-23,13.358615730337078
2024-12-24,32.095806741573035
2024-12-25,3.660265168539326
2024-12-26,12.782384269662922
2024-12-27,39.49263595505618
2024-12-28,8.737525842696629
2024-12-29,29.219523595505617
2024-12-30,9.383977528089888
2024-12-31,0.002112359550561798
