Date,ppt (mm)
1981-01-01,0
1981-01-02,0
1981-01-03,4.814186575654152
1981-01-04,7.6178953356086465
1981-01-05,0
1981-01-06,0
1981-01-07,0
1981-01-08,0
1981-01-09,0
1981-01-10,0
1981-01-11,0
1981-01-12,0
1981-01-13,0
1981-01-14,0
1981-01-15,0.007485779294653015
1981-01-16,6.189465301478953
1981-01-17,11.865984072810011
1981-01-18,2.391797497155859
1981-01-19,4.188623435722412
1981-01-20,15.639715585893061
1981-01-21,3.2517292377701934
1981-01-22,15.917417519908987
1981-01-23,28.3873606370876
1981-01-24,2.3866894197952218
1981-01-25,0.1868373151308305
1981-01-26,9.46085324232082
1981-01-27,55.89869169510808
1981-01-28,32.16731513083049
1981-01-29,25.434493742889646
1981-01-30,0.19947667804323094
1981-01-31,0
1981-02-01,0
1981-02-02,0
1981-02-03,0
1981-02-04,0
1981-02-05,0
1981-02-06,0
1981-02-07,0
1981-02-08,0.007974971558589306
1981-02-09,2.1944141069397043
1981-02-10,0
1981-02-11,3.4202161547212744
1981-02-12,0.297872582480091
1981-02-13,9.332673492605233
1981-02-14,33.33103526734926
1981-02-15,0
1981-02-16,0
1981-02-17,0.19968145620022754
1981-02-18,0
1981-02-19,0
1981-02-20,0
1981-02-21,0
1981-02-22,0
1981-02-23,0
1981-02-24,10.46844141069397
1981-02-25,9.265574516496018
1981-02-26,4.183219567690557
1981-02-27,6.428202502844141
1981-02-28,1.2722980659840728
1981-03-01,6.243424345847554
1981-03-02,0.005415244596131968
1981-03-03,0
1981-03-04,8.574334470989761
1981-03-05,0.2767576791808874
1981-03-06,0
1981-03-07,0
1981-03-08,0.0566325369738339
1981-03-09,0
1981-03-10,0
1981-03-11,0
1981-03-12,0
1981-03-13,7.033924914675768
1981-03-14,0.018555176336746304
1981-03-15,3.6375540386803187
1981-03-16,20.57151308304892
1981-03-17,0
1981-03-18,0
1981-03-19,9.494084186575654
1981-03-20,6.942912400455063
1981-03-21,22.714209328782708
1981-03-22,2.037292377701934
1981-03-23,0
1981-03-24,0
1981-03-25,18.747690557451648
1981-03-26,5.236564277588168
1981-03-27,0
1981-03-28,0.004914675767918089
1981-03-29,0.0014675767918088738
1981-03-30,0.002684869169510808
1981-03-31,0.059146757679180886
1981-04-01,1.2073151308304892
1981-04-02,0
1981-04-03,0
1981-04-04,0
1981-04-05,0
1981-04-06,0
1981-04-07,0
1981-04-08,0
1981-04-09,0
1981-04-10,0
1981-04-11,0
1981-04-12,0
1981-04-13,0
1981-04-14,0
1981-04-15,0
1981-04-16,0
1981-04-17,0
1981-04-18,0
1981-04-19,4.527531285551763
1981-04-20,1.5798407281001137
1981-04-21,0
1981-04-22,0
1981-04-23,0
1981-04-24,0
1981-04-25,0
1981-04-26,0.018930602957906714
1981-04-27,0
1981-04-28,0
1981-04-29,0
1981-04-30,0
1981-05-01,0
1981-05-02,0
1981-05-03,0
1981-05-04,0
1981-05-05,0
1981-05-06,0
1981-05-07,0
1981-05-08,0
1981-05-09,0
1981-05-10,0
1981-05-11,0
1981-05-12,0
1981-05-13,0
1981-05-14,0
1981-05-15,0
1981-05-16,0
1981-05-17,0
1981-05-18,8.34278725824801
1981-05-19,4.679442548350398
1981-05-20,2.4603981797497156
1981-05-21,0
1981-05-22,0
1981-05-23,0
1981-05-24,0
1981-05-25,0
1981-05-26,0
1981-05-27,0
1981-05-28,0
1981-05-29,0
1981-05-30,0
1981-05-31,0
1981-06-01,0
1981-06-02,0
1981-06-03,0
1981-06-04,0
1981-06-05,0
1981-06-06,0
1981-06-07,0
1981-06-08,0
1981-06-09,0
1981-06-10,0
1981-06-11,0
1981-06-12,0
1981-06-13,0
1981-06-14,0
1981-06-15,0
1981-06-16,0
1981-06-17,0
1981-06-18,0
1981-06-19,0
1981-06-20,0
1981-06-21,0
1981-06-22,0
1981-06-23,0
1981-06-24,0
1981-06-25,0
1981-06-26,0
1981-06-27,0
1981-06-28,0
1981-06-29,0
1981-06-30,0
1981-07-01,0
1981-07-02,0
1981-07-03,0
1981-07-04,0.05675767918088737
1981-07-05,0.6408304891922639
1981-07-06,0.2565073947667804
1981-07-07,0
1981-07-08,0
1981-07-09,0
1981-07-10,0
1981-07-11,0
1981-07-12,0
1981-07-13,0
1981-07-14,0
1981-07-15,0
1981-07-16,0
1981-07-17,0
1981-07-18,0
1981-07-19,0
1981-07-20,0
1981-07-21,0
1981-07-22,0
1981-07-23,0
1981-07-24,0
1981-07-25,0
1981-07-26,0
1981-07-27,0
1981-07-28,0
1981-07-29,0
1981-07-30,0
1981-07-31,0
1981-08-01,0
1981-08-02,0
1981-08-03,0
1981-08-04,0
1981-08-05,0
1981-08-06,0
1981-08-07,0
1981-08-08,0
1981-08-09,0
1981-08-10,0
1981-08-11,0
1981-08-12,0
1981-08-13,0
1981-08-14,0
1981-08-15,0
1981-08-16,0
1981-08-17,0
1981-08-18,0
1981-08-19,0
1981-08-20,0
1981-08-21,0
1981-08-22,0
1981-08-23,0
1981-08-24,0
1981-08-25,0
1981-08-26,0
1981-08-27,0
1981-08-28,0
1981-08-29,0
1981-08-30,0
1981-08-31,0
1981-09-01,0
1981-09-02,0
1981-09-03,0
1981-09-04,0
1981-09-05,0
1981-09-06,0
1981-09-07,0
1981-09-08,0
1981-09-09,0
1981-09-10,0
1981-09-11,0
1981-09-12,0
1981-09-13,0
1981-09-14,0
1981-09-15,0
1981-09-16,0
1981-09-17,0
1981-09-18,0
1981-09-19,0
1981-09-20,0
1981-09-21,0
1981-09-22,0
1981-09-23,0
1981-09-24,0.03189988623435722
1981-09-25,7.125676905574516
1981-09-26,0
1981-09-27,0.29543799772468715
1981-09-28,2.577155858930603
1981-09-29,0
1981-09-30,0
1981-10-01,0.2834584755403868
1981-10-02,0
1981-10-03,1.0706939704209328
1981-10-04,0
1981-10-05,0
1981-10-06,0.5992605233219568
1981-10-07,20.418100113765643
1981-10-08,0
1981-10-09,0.0016609783845278727
1981-10-10,4.498282138794084
1981-10-11,0.020466439135381116
1981-10-12,0
1981-10-13,0.10482366325369738
1981-10-14,0
1981-10-15,0
1981-10-16,0
1981-10-17,0
1981-10-18,0
1981-10-19,0
1981-10-20,0
1981-10-21,0
1981-10-22,0
1981-10-23,0
1981-10-24,0
1981-10-25,8.873720136518771e-4
1981-10-26,0.5199317406143344
1981-10-27,11.995938566552901
1981-10-28,48.17800910125142
1981-10-29,14.723185437997724
1981-10-30,0.2885779294653015
1981-10-31,0
1981-11-01,0
1981-11-02,0
1981-11-03,0
1981-11-04,0
1981-11-05,0.00974971558589306
1981-11-06,0.8249032992036405
1981-11-07,0
1981-11-08,0
1981-11-09,0
1981-11-10,0.8713424345847554
1981-11-11,3.9157906712172923
1981-11-12,19.64740614334471
1981-11-13,10.083765642775882
1981-11-14,39.44310580204778
1981-11-15,10.843185437997725
1981-11-16,35.049055745164964
1981-11-17,19.346052332195676
1981-11-18,0
1981-11-19,0
1981-11-20,1.992707622298066
1981-11-21,35.71145620022753
1981-11-22,41.71030716723549
1981-11-23,8.125608646188851
1981-11-24,22.281444823663254
1981-11-25,0.6442434584755404
1981-11-26,8.075631399317405
1981-11-27,8.947417519908987
1981-11-28,0.0044141069397042095
1981-11-29,0
1981-11-30,0
1981-12-01,0
1981-12-02,0
1981-12-03,0
1981-12-04,0
1981-12-05,0
1981-12-06,0.06844141069397042
1981-12-07,4.733219567690558
1981-12-08,0.002036405005688282
1981-12-09,0
1981-12-10,10.8432992036405
1981-12-11,0
1981-12-12,3.4142093287827078
1981-12-13,8.295324232081912
1981-12-14,7.839806598407281
1981-12-15,3.332741751990899
1981-12-16,0.0011604095563139932
1981-12-17,0
1981-12-18,2.982684869169511
1981-12-19,126.91824800910125
1981-12-20,66.17882821387941
1981-12-21,5.869260523321957
1981-12-22,0
1981-12-23,0
1981-12-24,0
1981-12-25,0
1981-12-26,0
1981-12-27,0.9500568828213879
1981-12-28,0
1981-12-29,33.23042093287827
1981-12-30,31.676439135381116
1981-12-31,0.6524232081911263
1982-01-01,15.260716723549487
1982-01-02,9.688339021615473
1982-01-03,11.564118316268488
1982-01-04,92.61172923777019
1982-01-05,44.659374288964734
1982-01-06,0
1982-01-07,0
1982-01-08,0
1982-01-09,0
1982-01-10,0
1982-01-11,0
1982-01-12,0
1982-01-13,0
1982-01-14,0
1982-01-15,0
1982-01-16,0
1982-01-17,0.001217292377701934
1982-01-18,0.8485324232081911
1982-01-19,9.57787258248009
1982-01-20,16.19236632536974
1982-01-21,10.526723549488054
1982-01-22,0.007133105802047781
1982-01-23,1.6185779294653015
1982-01-24,0
1982-01-25,0.2035722411831627
1982-01-26,16.37877133105802
1982-01-27,2.394607508532423
1982-01-28,13.900807736063708
1982-01-29,1.3036860068259386
1982-01-30,0
1982-01-31,0
1982-02-01,0
1982-02-02,0
1982-02-03,0
1982-02-04,0
1982-02-05,0
1982-02-06,0
1982-02-07,0
1982-02-08,0
1982-02-09,0
1982-02-10,0
1982-02-11,0
1982-02-12,0.004072810011376564
1982-02-13,5.517372013651877
1982-02-14,24.988805460750854
1982-02-15,55.08236632536974
1982-02-16,59.956063708759956
1982-02-17,1.7173378839590443
1982-02-18,0
1982-02-19,0
1982-02-20,0
1982-02-21,0
1982-02-22,0
1982-02-23,0
1982-02-24,0
1982-02-25,0
1982-02-26,0.16320819112627985
1982-02-27,6.7758475540386804
1982-02-28,2.4333902161547214
1982-03-01,22.880466439135382
1982-03-02,17.337940841865755
1982-03-03,9.328782707622299e-4
1982-03-04,0.8910807736063708
1982-03-05,0
1982-03-06,0
1982-03-07,0.01981797497155859
1982-03-08,4.408850967007964
1982-03-09,0.781410693970421
1982-03-10,4.2722525597269625
1982-03-11,5.698339021615472
1982-03-12,0.29357224118316266
1982-03-13,0.01651877133105802
1982-03-14,6.385995449374289
1982-03-15,1.1942548350398179
1982-03-16,9.535153583617747
1982-03-17,7.7737656427758814
1982-03-18,1.0282366325369738
1982-03-19,1.2857565415244596
1982-03-20,0
1982-03-21,0
1982-03-22,0
1982-03-23,0
1982-03-24,0
1982-03-25,0.012536973833902162
1982-03-26,1.9474061433447099
1982-03-27,0.5036063708759955
1982-03-28,6.707360637087599
1982-03-29,11.772536973833903
1982-03-30,20.409692832764506
1982-03-31,82.2690898748578
1982-04-01,9.683458475540387
1982-04-02,16.51783845278726
1982-04-03,24.001854379977246
1982-04-04,1.9734926052332196
1982-04-05,0.01366325369738339
1982-04-06,3.8860068259385665
1982-04-07,0.2852901023890785
1982-04-08,0
1982-04-09,0.22691695108077362
1982-04-10,15.923037542662117
1982-04-11,58.25589306029579
1982-04-12,5.163833902161548
1982-04-13,3.747986348122867
1982-04-14,9.450341296928327
1982-04-15,0.2611149032992036
1982-04-16,0
1982-04-17,0
1982-04-18,0
1982-04-19,0
1982-04-20,0
1982-04-21,0
1982-04-22,0
1982-04-23,0
1982-04-24,0
1982-04-25,0
1982-04-26,0
1982-04-27,0
1982-04-28,0
1982-04-29,0
1982-04-30,0
1982-05-01,0
1982-05-02,0
1982-05-03,0
1982-05-04,0
1982-05-05,0
1982-05-06,0
1982-05-07,0
1982-05-08,0
1982-05-09,0
1982-05-10,0
1982-05-11,0
1982-05-12,0
1982-05-13,0
1982-05-14,0
1982-05-15,0
1982-05-16,0
1982-05-17,0
1982-05-18,0
1982-05-19,0
1982-05-20,0
1982-05-21,0
1982-05-22,0
1982-05-23,0
1982-05-24,0
1982-05-25,0
1982-05-26,0
1982-05-27,0
1982-05-28,0
1982-05-29,0
1982-05-30,0
1982-05-31,0
1982-06-01,0
1982-06-02,0
1982-06-03,0
1982-06-04,0
1982-06-05,0
1982-06-06,0
1982-06-07,0
1982-06-08,0
1982-06-09,0
1982-06-10,0
1982-06-11,0
1982-06-12,0
1982-06-13,0
1982-06-14,0
1982-06-15,0
1982-06-16,0
1982-06-17,0
1982-06-18,0
1982-06-19,0
1982-06-20,0
1982-06-21,0
1982-06-22,0.0019226393629124005
1982-06-23,0
1982-06-24,0.04888509670079636
1982-06-25,0
1982-06-26,0
1982-06-27,0.0034015927189988623
1982-06-28,0.11176336746302616
1982-06-29,1.5051535836177474
1982-06-30,0
1982-07-01,0.2663481228668942
1982-07-02,0
1982-07-03,0
1982-07-04,0
1982-07-05,0
1982-07-06,0
1982-07-07,0
1982-07-08,0
1982-07-09,0
1982-07-10,0
1982-07-11,0
1982-07-12,0
1982-07-13,0
1982-07-14,0
1982-07-15,0
1982-07-16,0
1982-07-17,0
1982-07-18,0
1982-07-19,0
1982-07-20,0
1982-07-21,0
1982-07-22,0
1982-07-23,0
1982-07-24,0
1982-07-25,0
1982-07-26,0
1982-07-27,0
1982-07-28,0
1982-07-29,0
1982-07-30,0
1982-07-31,0
1982-08-01,0
1982-08-02,0
1982-08-03,0
1982-08-04,0
1982-08-05,0
1982-08-06,0
1982-08-07,0
1982-08-08,0
1982-08-09,0
1982-08-10,0
1982-08-11,0
1982-08-12,0
1982-08-13,0
1982-08-14,0
1982-08-15,0
1982-08-16,0
1982-08-17,0
1982-08-18,0
1982-08-19,0
1982-08-20,0
1982-08-21,0
1982-08-22,0
1982-08-23,0
1982-08-24,0
1982-08-25,0
1982-08-26,0
1982-08-27,0
1982-08-28,0
1982-08-29,0
1982-08-30,0
1982-08-31,0
1982-09-01,0
1982-09-02,0
1982-09-03,0
1982-09-04,0
1982-09-05,0
1982-09-06,0
1982-09-07,0
1982-09-08,0
1982-09-09,0
1982-09-10,0
1982-09-11,0
1982-09-12,0
1982-09-13,0
1982-09-14,0
1982-09-15,0
1982-09-16,4.269795221843004
1982-09-17,7.84382252559727
1982-09-18,5.459044368600683
1982-09-19,0.4714334470989761
1982-09-20,0
1982-09-21,0
1982-09-22,0
1982-09-23,0.4626848691695108
1982-09-24,9.027838452787257
1982-09-25,0
1982-09-26,0
1982-09-27,0
1982-09-28,0
1982-09-29,0
1982-09-30,0
1982-10-01,0
1982-10-02,0
1982-10-03,0
1982-10-04,0
1982-10-05,0
1982-10-06,0.0043799772468714445
1982-10-07,1.6522753128555177
1982-10-08,0
1982-10-09,0
1982-10-10,0
1982-10-11,0
1982-10-12,0
1982-10-13,0
1982-10-14,0
1982-10-15,0
1982-10-16,0
1982-10-17,0
1982-10-18,0
1982-10-19,0
1982-10-20,0.3165415244596132
1982-10-21,2.211763367463026
1982-10-22,3.0890443686006828
1982-10-23,16.003196814562003
1982-10-24,3.3391240045506256
1982-10-25,12.145620022753128
1982-10-26,45.9939590443686
1982-10-27,1.5967349260523322
1982-10-28,0.3282821387940842
1982-10-29,1.6622298065984074
1982-10-30,33.86699658703072
1982-10-31,0.004857792946530148
1982-11-01,0
1982-11-02,0
1982-11-03,0
1982-11-04,0
1982-11-05,0
1982-11-06,0
1982-11-07,0.004550625711035267
1982-11-08,3.4657565415244598
1982-11-09,4.158179749715586
1982-11-10,2.218339021615472
1982-11-11,0
1982-11-12,0
1982-11-13,0
1982-11-14,0
1982-11-15,0
1982-11-16,0.02888509670079636
1982-11-17,10.204596131968145
1982-11-18,68.14678043230944
1982-11-19,10.754641638225255
1982-11-20,1.2233902161547212
1982-11-21,0.05844141069397042
1982-11-22,10.472116040955632
1982-11-23,14.597246871444824
1982-11-24,0
1982-11-25,0
1982-11-26,0.2287599544937429
1982-11-27,6.280750853242321
1982-11-28,15.382946530147896
1982-11-29,41.57129692832765
1982-11-30,48.248304891922636
1982-12-01,2.785551763367463
1982-12-02,1.6340500568828213
1982-12-03,2.306939704209329
1982-12-04,0.3524459613196815
1982-12-05,0.0022411831626848694
1982-12-06,0.22539249146757678
1982-12-07,0
1982-12-08,0
1982-12-09,0
1982-12-10,0
1982-12-11,0
1982-12-12,0.17059158134243457
1982-12-13,2.5273037542662116
1982-12-14,0
1982-12-15,1.441217292377702
1982-12-16,7.576325369738339
1982-12-17,16.211831626848692
1982-12-18,0
1982-12-19,0.002480091012514221
1982-12-20,2.2596359499431173
1982-12-21,31.633560864618886
1982-12-22,36.859920364050055
1982-12-23,20.43778156996587
1982-12-24,0
1982-12-25,0
1982-12-26,0
1982-12-27,0
1982-12-28,0
1982-12-29,0
1982-12-30,0
1982-12-31,0
1983-01-01,0
1983-01-02,0
1983-01-03,0
1983-01-04,0
1983-01-05,0
1983-01-06,0
1983-01-07,0
1983-01-08,0
1983-01-09,0
1983-01-10,0
1983-01-11,0
1983-01-12,0
1983-01-13,0
1983-01-14,0
1983-01-15,0.01025028441410694
1983-01-16,3.490853242320819
1983-01-17,0.9824004550625711
1983-01-18,14.301478953356087
1983-01-19,28.752389078498293
1983-01-20,0
1983-01-21,0.6142434584755404
1983-01-22,23.104050056882823
1983-01-23,13.17193401592719
1983-01-24,65.1189306029579
1983-01-25,1.4308191126279863
1983-01-26,24.30703071672355
1983-01-27,74.86443686006825
1983-01-28,0.2408646188850967
1983-01-29,17.01703071672355
1983-01-30,7.584402730375427
1983-01-31,0
1983-02-01,0
1983-02-02,0.02738339021615472
1983-02-03,4.92230944254835
1983-02-04,0.027599544937428895
1983-02-05,9.470591581342434
1983-02-06,22.868885096700797
1983-02-07,23.79905574516496
1983-02-08,34.896120591581344
1983-02-09,4.600511945392491
1983-02-10,2.358361774744027
1983-02-11,0.46069397042093285
1983-02-12,28.53485779294653
1983-02-13,11.273424345847554
1983-02-14,0.048156996587030716
1983-02-15,0
1983-02-16,8.901808873720137
1983-02-17,0.7312741751990899
1983-02-18,19.57328782707622
1983-02-19,0.9128213879408419
1983-02-20,0
1983-02-21,0
1983-02-22,0.01937428896473265
1983-02-23,0.6930261660978384
1983-02-24,13.362241183162684
1983-02-25,28.38560864618885
1983-02-26,38.196814562002274
1983-02-27,23.059317406143343
1983-02-28,38.31784982935154
1983-03-01,55.598612059158135
1983-03-02,28.72683731513083
1983-03-03,29.943890784982933
1983-03-04,7.9507053469852105
1983-03-05,8.217281001137657
1983-03-06,7.400250284414107
1983-03-07,30.604186575654154
1983-03-08,1.6532764505119455
1983-03-09,2.0393401592719
1983-03-10,2.8762571103526735
1983-03-11,0.8452559726962457
1983-03-12,23.189886234357225
1983-03-13,70.91564277588168
1983-03-14,2.0711490329920363
1983-03-15,1.3951308304891923
1983-03-16,3.211490329920364
1983-03-17,27.72866894197952
1983-03-18,18.172423208191127
1983-03-19,0
1983-03-20,1.200967007963595
1983-03-21,10.536916951080773
1983-03-22,20.33901023890785
1983-03-23,7.174482366325369
1983-03-24,27.038896473265073
1983-03-25,9.378009101251422
1983-03-26,0.28532423208191127
1983-03-27,25.98315130830489
1983-03-28,0
1983-03-29,1.1587940841865756
1983-03-30,3.9182480091012515
1983-03-31,6.0960523321956765
1983-04-01,0
1983-04-02,0.49880546075085325
1983-04-03,0
1983-04-04,0
1983-04-05,0
1983-04-06,0
1983-04-07,0
1983-04-08,0
1983-04-09,0
1983-04-10,0
1983-04-11,0
1983-04-12,1.3229465301478953
1983-04-13,1.3266666666666667
1983-04-14,0
1983-04-15,0
1983-04-16,0
1983-04-17,0
1983-04-18,1.1324459613196816
1983-04-19,3.084869169510808
1983-04-20,8.322536973833902
1983-04-21,5.82764505119454
1983-04-22,0.017098976109215017
1983-04-23,25.62740614334471
1983-04-24,24.585358361774745
1983-04-25,5.9588509670079635
1983-04-26,0.04354948805460751
1983-04-27,7.968873720136519
1983-04-28,13.960637087599546
1983-04-29,7.47811149032992
1983-04-30,11.832343572241182
1983-05-01,6.012332195676906
1983-05-02,0
1983-05-03,0
1983-05-04,0
1983-05-05,4.178464163822525
1983-05-06,8.801865756541524
1983-05-07,0
1983-05-08,0
1983-05-09,0
1983-05-10,0
1983-05-11,0
1983-05-12,0
1983-05-13,0
1983-05-14,0
1983-05-15,0
1983-05-16,0
1983-05-17,0
1983-05-18,0
1983-05-19,0
1983-05-20,0
1983-05-21,0
1983-05-22,0
1983-05-23,0
1983-05-24,0
1983-05-25,0
1983-05-26,0
1983-05-27,0
1983-05-28,0
1983-05-29,0
1983-05-30,0
1983-05-31,0
1983-06-01,0
1983-06-02,0.13918088737201365
1983-06-03,0
1983-06-04,0
1983-06-05,0
1983-06-06,0
1983-06-07,0
1983-06-08,0
1983-06-09,0
1983-06-10,0
1983-06-11,0
1983-06-12,0
1983-06-13,0
1983-06-14,0
1983-06-15,0
1983-06-16,0
1983-06-17,0
1983-06-18,0
1983-06-19,0
1983-06-20,0
1983-06-21,0
1983-06-22,0
1983-06-23,0
1983-06-24,0
1983-06-25,0
1983-06-26,0
1983-06-27,0
1983-06-28,0
1983-06-29,0
1983-06-30,0
1983-07-01,0
1983-07-02,0
1983-07-03,0
1983-07-04,0
1983-07-05,0
1983-07-06,0
1983-07-07,0
1983-07-08,0
1983-07-09,0
1983-07-10,0
1983-07-11,0
1983-07-12,0
1983-07-13,0
1983-07-14,0
1983-07-15,0
1983-07-16,0
1983-07-17,0
1983-07-18,0
1983-07-19,0
1983-07-20,0
1983-07-21,0
1983-07-22,0
1983-07-23,0
1983-07-24,0
1983-07-25,0
1983-07-26,0
1983-07-27,0
1983-07-28,0
1983-07-29,0
1983-07-30,0
1983-07-31,0
1983-08-01,0
1983-08-02,0
1983-08-03,0
1983-08-04,0
1983-08-05,0
1983-08-06,0
1983-08-07,0
1983-08-08,0
1983-08-09,0
1983-08-10,0
1983-08-11,0
1983-08-12,0
1983-08-13,0
1983-08-14,0
1983-08-15,0
1983-08-16,0
1983-08-17,0
1983-08-18,0.30505119453924917
1983-08-19,6.047246871444823
1983-08-20,7.348191126279864
1983-08-21,0.5484869169510808
1983-08-22,0
1983-08-23,0
1983-08-24,0
1983-08-25,0
1983-08-26,0
1983-08-27,0
1983-08-28,0
1983-08-29,0
1983-08-30,0.999863481228669
1983-08-31,1.791103526734926
1983-09-01,10.958054607508533
1983-09-02,0
1983-09-03,0
1983-09-04,0
1983-09-05,0
1983-09-06,0
1983-09-07,0
1983-09-08,0.008725824800910125
1983-09-09,0
1983-09-10,0
1983-09-11,0
1983-09-12,0
1983-09-13,0
1983-09-14,0
1983-09-15,0
1983-09-16,0
1983-09-17,0
1983-09-18,0
1983-09-19,0
1983-09-20,0.006962457337883959
1983-09-21,0.021399317406143346
1983-09-22,0.06895335608646189
1983-09-23,0.22296928327645052
1983-09-24,0.12517633674630263
1983-09-25,0
1983-09-26,0
1983-09-27,0
1983-09-28,0
1983-09-29,0.1763594994311718
1983-09-30,3.2740386803185437
1983-10-01,6.544379977246871
1983-10-02,0
1983-10-03,0
1983-10-04,0
1983-10-05,0
1983-10-06,0
1983-10-07,0
1983-10-08,0
1983-10-09,0
1983-10-10,0
1983-10-11,0
1983-10-12,0
1983-10-13,0
1983-10-14,0
1983-10-15,0
1983-10-16,0
1983-10-17,0
1983-10-18,0
1983-10-19,0
1983-10-20,0
1983-10-21,0
1983-10-22,0
1983-10-23,0.003742889647326507
1983-10-24,0
1983-10-25,0
1983-10-26,0
1983-10-27,0
1983-10-28,0
1983-10-29,0.4350170648464164
1983-10-30,16.04217292377702
1983-10-31,12.507963594994312
1983-11-01,23.003083048919226
1983-11-02,2.201353811149033
1983-11-03,0
1983-11-04,0.13863481228668942
1983-11-05,0
1983-11-06,0.1962343572241183
1983-11-07,2.1596473265073945
1983-11-08,0.03560864618885097
1983-11-09,12.758191126279863
1983-11-10,42.54427758816837
1983-11-11,60.75414106939704
1983-11-12,7.749271899886234
1983-11-13,21.661069397042095
1983-11-14,10.536405005688282
1983-11-15,1.2108418657565416
1983-11-16,23.061592718998863
1983-11-17,36.59930602957907
1983-11-18,3.547258248009101
1983-11-19,6.048009101251422
1983-11-20,19.565654152445962
1983-11-21,0.6974175199089875
1983-11-22,0.019795221843003412
1983-11-23,9.158373151308306
1983-11-24,31.548282138794082
1983-11-25,11.272116040955632
1983-11-26,0
1983-11-27,0
1983-11-28,0
1983-11-29,0
1983-11-30,0.47724687144482364
1983-12-01,0.988509670079636
1983-12-02,0.30146757679180886
1983-12-03,23.453401592719
1983-12-04,7.24353811149033
1983-12-05,0.2583503981797497
1983-12-06,4.738168373151308
1983-12-07,1.4300227531285552
1983-12-08,10.195688282138795
1983-12-09,42.4164960182025
1983-12-10,15.312013651877134
1983-12-11,30.185642775881682
1983-12-12,4.943663253697383
1983-12-13,1.898703071672355
1983-12-14,1.4338794084186575
1983-12-15,0
1983-12-16,1.0811262798634813
1983-12-17,2.9996814562002276
1983-12-18,0
1983-12-19,0
1983-12-20,0
1983-12-21,0
1983-12-22,0.09973833902161547
1983-12-23,15.801114903299204
1983-12-24,44.32229806598407
1983-12-25,56.26300341296928
1983-12-26,21.72112627986348
1983-12-27,10.610932878270763
1983-12-28,0.44825938566552903
1983-12-29,2.4396928327645053
1983-12-30,25.583174061433446
1983-12-31,3.4375654152445962
1984-01-01,0
1984-01-02,0
1984-01-03,0
1984-01-04,3.2992036405005685e-4
1984-01-05,0
1984-01-06,0
1984-01-07,0
1984-01-08,0
1984-01-09,0.18658703071672356
1984-01-10,0.0622184300341297
1984-01-11,0
1984-01-12,0
1984-01-13,0
1984-01-14,0
1984-01-15,3.52613196814562
1984-01-16,11.374505119453925
1984-01-17,0
1984-01-18,0.004402730375426621
1984-01-19,0
1984-01-20,0.004095563139931741
1984-01-21,1.195028441410694
1984-01-22,0
1984-01-23,0
1984-01-24,0
1984-01-25,0
1984-01-26,0
1984-01-27,0
1984-01-28,0
1984-01-29,0
1984-01-30,0
1984-01-31,0
1984-02-01,0.003959044368600683
1984-02-02,0
1984-02-03,0
1984-02-04,0
1984-02-05,0
1984-02-06,0
1984-02-07,0
1984-02-08,0.09665529010238907
1984-02-09,3.2731058020477817
1984-02-10,3.034118316268487
1984-02-11,3.5540500568828213
1984-02-12,7.591387940841866
1984-02-13,16.643993174061432
1984-02-14,9.733333333333333
1984-02-15,5.995654152445962
1984-02-16,13.183765642775882
1984-02-17,0.003640500568828214
1984-02-18,0
1984-02-19,0.08551763367463026
1984-02-20,0.2837542662116041
1984-02-21,2.0428100113765644
1984-02-22,0.07155858930602958
1984-02-23,0
1984-02-24,3.237007963594994
1984-02-25,0
1984-02-26,0
1984-02-27,0
1984-02-28,0
1984-02-29,0.0740386803185438
1984-03-01,0
1984-03-02,0
1984-03-03,0
1984-03-04,0
1984-03-05,0
1984-03-06,0
1984-03-07,0
1984-03-08,0
1984-03-09,0
1984-03-10,0
1984-03-11,0
1984-03-12,0.46020477815699656
1984-03-13,16.22467576791809
1984-03-14,16.06655290102389
1984-03-15,14.077087599544937
1984-03-16,2.9039362912400457
1984-03-17,14.199317406143345
1984-03-18,0
1984-03-19,0
1984-03-20,0
1984-03-21,0
1984-03-22,0
1984-03-23,0
1984-03-24,0
1984-03-25,0.004505119453924914
1984-03-26,0
1984-03-27,0
1984-03-28,0
1984-03-29,0
1984-03-30,0.00552901023890785
1984-03-31,3.1260750853242323
1984-04-01,0.007656427758816837
1984-04-02,0
1984-04-03,0
1984-04-04,0.006757679180887372
1984-04-05,0
1984-04-06,0.010295790671217293
1984-04-07,0.025051194539249148
1984-04-08,2.4212286689419793
1984-04-09,0.11750853242320819
1984-04-10,12.728691695108077
1984-04-11,0
1984-04-12,0
1984-04-13,0
1984-04-14,0
1984-04-15,0
1984-04-16,0
1984-04-17,0.013765642775881683
1984-04-18,9.980580204778157
1984-04-19,11.279192263936292
1984-04-20,1.3757337883959044
1984-04-21,0
1984-04-22,0
1984-04-23,0
1984-04-24,0
1984-04-25,0.012320819112627987
1984-04-26,0
1984-04-27,0
1984-04-28,0
1984-04-29,0
1984-04-30,0
1984-05-01,0.8334926052332196
1984-05-02,4.253424345847554
1984-05-03,0.8990784982935154
1984-05-04,0
1984-05-05,0
1984-05-06,0
1984-05-07,0
1984-05-08,0
1984-05-09,0
1984-05-10,0
1984-05-11,0
1984-05-12,0
1984-05-13,0
1984-05-14,0
1984-05-15,0
1984-05-16,0
1984-05-17,0
1984-05-18,0
1984-05-19,0
1984-05-20,0
1984-05-21,0
1984-05-22,0
1984-05-23,0
1984-05-24,0
1984-05-25,0
1984-05-26,0
1984-05-27,0
1984-05-28,0
1984-05-29,0
1984-05-30,0
1984-05-31,0
1984-06-01,0
1984-06-02,0
1984-06-03,0
1984-06-04,0.4156996587030717
1984-06-05,0.21551763367463025
1984-06-06,6.5626393629124005
1984-06-07,0.6027417519908987
1984-06-08,0
1984-06-09,0
1984-06-10,0
1984-06-11,0
1984-06-12,0
1984-06-13,0
1984-06-14,0
1984-06-15,0.4488737201365188
1984-06-16,0
1984-06-17,0
1984-06-18,0
1984-06-19,0
1984-06-20,0
1984-06-21,0
1984-06-22,0
1984-06-23,0
1984-06-24,0
1984-06-25,0
1984-06-26,0
1984-06-27,0
1984-06-28,0
1984-06-29,0
1984-06-30,0
1984-07-01,0
1984-07-02,0
1984-07-03,0
1984-07-04,0
1984-07-05,0
1984-07-06,0
1984-07-07,0
1984-07-08,0
1984-07-09,0
1984-07-10,0
1984-07-11,0
1984-07-12,0
1984-07-13,0
1984-07-14,0
1984-07-15,0
1984-07-16,0
1984-07-17,0
1984-07-18,0
1984-07-19,0
1984-07-20,0
1984-07-21,0
1984-07-22,0
1984-07-23,0
1984-07-24,0
1984-07-25,0
1984-07-26,0
1984-07-27,0
1984-07-28,0
1984-07-29,0
1984-07-30,0
1984-07-31,0
1984-08-01,0
1984-08-02,0
1984-08-03,0
1984-08-04,0
1984-08-05,0
1984-08-06,0
1984-08-07,0
1984-08-08,0
1984-08-09,0
1984-08-10,0
1984-08-11,0
1984-08-12,0
1984-08-13,0
1984-08-14,0
1984-08-15,0
1984-08-16,0
1984-08-17,0
1984-08-18,0
1984-08-19,0
1984-08-20,0
1984-08-21,0
1984-08-22,0
1984-08-23,0
1984-08-24,0
1984-08-25,0
1984-08-26,0
1984-08-27,0
1984-08-28,0
1984-08-29,0
1984-08-30,1.7091126279863482
1984-08-31,3.666928327645051
1984-09-01,0
1984-09-02,0
1984-09-03,0
1984-09-04,0
1984-09-05,0
1984-09-06,0
1984-09-07,0
1984-09-08,0
1984-09-09,0
1984-09-10,0
1984-09-11,0
1984-09-12,0
1984-09-13,0
1984-09-14,0
1984-09-15,0
1984-09-16,0
1984-09-17,0
1984-09-18,0.015017064846416382
1984-09-19,3.108976109215017
1984-09-20,0
1984-09-21,0
1984-09-22,0
1984-09-23,0
1984-09-24,0
1984-09-25,0
1984-09-26,0
1984-09-27,0
1984-09-28,0
1984-09-29,0
1984-09-30,0
1984-10-01,0
1984-10-02,0
1984-10-03,0
1984-10-04,0
1984-10-05,0
1984-10-06,0
1984-10-07,0
1984-10-08,0
1984-10-09,0
1984-10-10,0.7381114903299204
1984-10-11,25.540910125142208
1984-10-12,0
1984-10-13,0.9701592718998863
1984-10-14,0
1984-10-15,0
1984-10-16,6.830796359499431
1984-10-17,20.729601820250284
1984-10-18,0.1340500568828214
1984-10-19,2.717485779294653
1984-10-20,0.0021843003412969283
1984-10-21,0
1984-10-22,0
1984-10-23,0
1984-10-24,0
1984-10-25,0
1984-10-26,0
1984-10-27,0
1984-10-28,0.012753128555176336
1984-10-29,6.215881683731513
1984-10-30,0
1984-10-31,0
1984-11-01,0
1984-11-02,11.93853242320819
1984-11-03,12.151023890784982
1984-11-04,0
1984-11-05,0
1984-11-06,18.644323094425484
1984-11-07,1.0967349260523322
1984-11-08,9.955199089874858
1984-11-09,2.0173833902161546
1984-11-10,14.879772468714448
1984-11-11,28.828759954493744
1984-11-12,21.375870307167236
1984-11-13,41.672525597269626
1984-11-14,0.47696245733788395
1984-11-15,9.096484641638225
1984-11-16,26.75494880546075
1984-11-17,8.27562002275313
1984-11-18,9.356962457337884
1984-11-19,0
1984-11-20,3.2902957906712174
1984-11-21,1.5783048919226395
1984-11-22,0
1984-11-23,0.2036632536973834
1984-11-24,26.17188850967008
1984-11-25,1.422844141069397
1984-11-26,0.003367463026166098
1984-11-27,7.522980659840728
1984-11-28,38.38004550625711
1984-11-29,1.6218202502844141
1984-11-30,0
1984-12-01,0.4877133105802048
1984-12-02,7.167235494880546e-4
1984-12-03,10.170750853242321
1984-12-04,0.03703071672354949
1984-12-05,2.320500568828214
1984-12-06,0
1984-12-07,0
1984-12-08,0
1984-12-09,0
1984-12-10,21.974402730375427
1984-12-11,4.735733788395905
1984-12-12,0.0032764505119453925
1984-12-13,0
1984-12-14,0
1984-12-15,5.489180887372013
1984-12-16,1.722787258248009
1984-12-17,0.058282138794084185
1984-12-18,0.32313993174061434
1984-12-19,1.748816837315131
1984-12-20,0
1984-12-21,0
1984-12-22,0
1984-12-23,0
1984-12-24,0
1984-12-25,0
1984-12-26,12.450341296928327
1984-12-27,1.0518543799772468
1984-12-28,0
1984-12-29,0
1984-12-30,0
1984-12-31,0
1985-01-01,0
1985-01-02,0
1985-01-03,0
1985-01-04,0
1985-01-05,0
1985-01-06,0
1985-01-07,16.33854379977247
1985-01-08,10.378555176336747
1985-01-09,3.3081001137656427
1985-01-10,3.3984414106939704
1985-01-11,0
1985-01-12,0
1985-01-13,0
1985-01-14,0
1985-01-15,0
1985-01-16,0
1985-01-17,0
1985-01-18,0
1985-01-19,0
1985-01-20,0
1985-01-21,0.26161547212741754
1985-01-22,0
1985-01-23,0
1985-01-24,0
1985-01-25,0
1985-01-26,0
1985-01-27,0
1985-01-28,3.448646188850967
1985-01-29,1.8496018202502844
1985-01-30,0
1985-01-31,0
1985-02-01,0.006393629124004551
1985-02-02,0.36188850967007963
1985-02-03,0.008759954493742889
1985-02-04,0
1985-02-05,0
1985-02-06,0.03864618885096701
1985-02-07,13.552036405005689
1985-02-08,81.82349260523321
1985-02-09,0.027098976109215016
1985-02-10,0.0014789533560864618
1985-02-11,0
1985-02-12,0
1985-02-13,0
1985-02-14,0
1985-02-15,0
1985-02-16,0
1985-02-17,0
1985-02-18,0
1985-02-19,0
1985-02-20,0
1985-02-21,0
1985-02-22,0
1985-02-23,0
1985-02-24,0
1985-02-25,0
1985-02-26,0
1985-02-27,0
1985-02-28,0
1985-03-01,0
1985-03-02,0
1985-03-03,0.002844141069397042
1985-03-04,0.39778156996587033
1985-03-05,2.6991581342434583
1985-03-06,14.812161547212742
1985-03-07,25.339704209328783
1985-03-08,0.29907849829351535
1985-03-09,0.04845278725824801
1985-03-10,13.374675767918088
1985-03-11,7.289738339021615
1985-03-12,0
1985-03-13,0
1985-03-14,0
1985-03-15,0
1985-03-16,0
1985-03-17,0.005506257110352674
1985-03-18,5.4723321956769055
1985-03-19,8.987485779294653e-4
1985-03-20,0
1985-03-21,0
1985-03-22,0
1985-03-23,0.010091012514220706
1985-03-24,3.010693970420933
1985-03-25,0.05089874857792947
1985-03-26,12.395699658703071
1985-03-27,44.994971558589306
1985-03-28,6.939931740614335
1985-03-29,0
1985-03-30,0
1985-03-31,0
1985-04-01,0
1985-04-02,0
1985-04-03,0
1985-04-04,0
1985-04-05,0
1985-04-06,0
1985-04-07,0
1985-04-08,0
1985-04-09,0
1985-04-10,0
1985-04-11,0
1985-04-12,0
1985-04-13,0
1985-04-14,0
1985-04-15,0
1985-04-16,0
1985-04-17,0.31265073947667804
1985-04-18,0
1985-04-19,0
1985-04-20,0.01601820250284414
1985-04-21,7.458225255972696
1985-04-22,0.3578498293515358
1985-04-23,0
1985-04-24,0
1985-04-25,0
1985-04-26,0
1985-04-27,0
1985-04-28,0
1985-04-29,0
1985-04-30,0
1985-05-01,0
1985-05-02,0
1985-05-03,0
1985-05-04,0
1985-05-05,0
1985-05-06,0
1985-05-07,0
1985-05-08,0
1985-05-09,0
1985-05-10,0.6935836177474403
1985-05-11,0.013674630261660978
1985-05-12,0
1985-05-13,0
1985-05-14,0
1985-05-15,0
1985-05-16,0
1985-05-17,0
1985-05-18,0
1985-05-19,0
1985-05-20,0
1985-05-21,0
1985-05-22,0
1985-05-23,0
1985-05-24,0
1985-05-25,0
1985-05-26,0
1985-05-27,0
1985-05-28,0
1985-05-29,0
1985-05-30,0
1985-05-31,0
1985-06-01,0
1985-06-02,0.8462798634812286
1985-06-03,0
1985-06-04,0
1985-06-05,0
1985-06-06,0
1985-06-07,0
1985-06-08,0
1985-06-09,0
1985-06-10,0
1985-06-11,0
1985-06-12,0
1985-06-13,0
1985-06-14,0
1985-06-15,0
1985-06-16,0
1985-06-17,0
1985-06-18,0
1985-06-19,0
1985-06-20,0
1985-06-21,0
1985-06-22,0
1985-06-23,0
1985-06-24,0
1985-06-25,0
1985-06-26,0
1985-06-27,0
1985-06-28,0
1985-06-29,0
1985-06-30,0
1985-07-01,0
1985-07-02,0
1985-07-03,0
1985-07-04,0
1985-07-05,0
1985-07-06,0
1985-07-07,0
1985-07-08,0
1985-07-09,0
1985-07-10,0
1985-07-11,0
1985-07-12,0
1985-07-13,0
1985-07-14,0
1985-07-15,0
1985-07-16,0
1985-07-17,0
1985-07-18,0.03566552901023891
1985-07-19,0
1985-07-20,0.22579067121729238
1985-07-21,0.07946530147895335
1985-07-22,0
1985-07-23,0
1985-07-24,0
1985-07-25,0
1985-07-26,0
1985-07-27,0
1985-07-28,0
1985-07-29,2.558088737201365
1985-07-30,0
1985-07-31,0
1985-08-01,0
1985-08-02,0
1985-08-03,0
1985-08-04,0
1985-08-05,0
1985-08-06,0
1985-08-07,0
1985-08-08,0
1985-08-09,0
1985-08-10,0
1985-08-11,0
1985-08-12,0
1985-08-13,0
1985-08-14,0
1985-08-15,0
1985-08-16,0
1985-08-17,0
1985-08-18,0
1985-08-19,0
1985-08-20,0
1985-08-21,0
1985-08-22,0
1985-08-23,0
1985-08-24,0
1985-08-25,0
1985-08-26,0
1985-08-27,0
1985-08-28,0
1985-08-29,0
1985-08-30,0
1985-08-31,0
1985-09-01,0
1985-09-02,0
1985-09-03,0
1985-09-04,0
1985-09-05,0
1985-09-06,0.4717861205915813
1985-09-07,5.652935153583618
1985-09-08,18.609556313993174
1985-09-09,4.681160409556314
1985-09-10,4.832889647326508
1985-09-11,0
1985-09-12,0
1985-09-13,0
1985-09-14,0
1985-09-15,0
1985-09-16,0
1985-09-17,0
1985-09-18,0
1985-09-19,0
1985-09-20,0
1985-09-21,0
1985-09-22,0
1985-09-23,0
1985-09-24,0
1985-09-25,0
1985-09-26,0.0052787258248009105
1985-09-27,0
1985-09-28,0
1985-09-29,0
1985-09-30,0
1985-10-01,0
1985-10-02,0
1985-10-03,0
1985-10-04,0
1985-10-05,0
1985-10-06,0.0016496018202502845
1985-10-07,0.4012514220705347
1985-10-08,0
1985-10-09,0
1985-10-10,0
1985-10-11,0
1985-10-12,0
1985-10-13,0
1985-10-14,0
1985-10-15,0
1985-10-16,0
1985-10-17,0
1985-10-18,0
1985-10-19,0.0015927189988623437
1985-10-20,0.4231740614334471
1985-10-21,27.005631399317405
1985-10-22,5.74580204778157
1985-10-23,9.147337883959045
1985-10-24,0.0015927189988623437
1985-10-25,0
1985-10-26,0
1985-10-27,0
1985-10-28,0
1985-10-29,0
1985-10-30,0
1985-10-31,0
1985-11-01,0
1985-11-02,0
1985-11-03,0
1985-11-04,0
1985-11-05,0
1985-11-06,0
1985-11-07,0
1985-11-08,0
1985-11-09,1.759920364050057
1985-11-10,14.146860068259386
1985-11-11,6.795062571103527
1985-11-12,0.11109215017064847
1985-11-13,0
1985-11-14,0
1985-11-15,0.00552901023890785
1985-11-16,3.5370079635949945
1985-11-17,0.02515358361774744
1985-11-18,0.04391353811149033
1985-11-19,0
1985-11-20,0.014596131968145621
1985-11-21,0.027610921501706485
1985-11-22,0
1985-11-23,2.575358361774744
1985-11-24,31.964778156996587
1985-11-25,18.681035267349262
1985-11-26,0.025597269624573378
1985-11-27,0.8682138794084187
1985-11-28,21.57331058020478
1985-11-29,20.570511945392493
1985-11-30,5.1119567690557455
1985-12-01,2.7591353811149033
1985-12-02,49.535176336746304
1985-12-03,3.5964846416382255
1985-12-04,0.5402730375426621
1985-12-05,5.146257110352673
1985-12-06,0.30773606370875994
1985-12-07,10.19212741751991
1985-12-08,0.4940386803185438
1985-12-09,0
1985-12-10,0
1985-12-11,0
1985-12-12,0
1985-12-13,0
1985-12-14,0
1985-12-15,0
1985-12-16,0
1985-12-17,0
1985-12-18,0
1985-12-19,0
1985-12-20,0
1985-12-21,0
1985-12-22,0
1985-12-23,0
1985-12-24,0
1985-12-25,0
1985-12-26,0
1985-12-27,0
1985-12-28,0
1985-12-29,4.044732650739476
1985-12-30,22.406109215017064
1985-12-31,0.5288850967007963
1986-01-01,0.04480091012514221
1986-01-02,0
1986-01-03,0
1986-01-04,20.275836177474403
1986-01-05,16.635358361774745
1986-01-06,1.6086006825938566
1986-01-07,0
1986-01-08,0
1986-01-09,0
1986-01-10,0.006973833902161547
1986-01-11,0
1986-01-12,0
1986-01-13,0
1986-01-14,8.166427758816837
1986-01-15,12.340546075085324
1986-01-16,47.81230944254835
1986-01-17,26.59505119453925
1986-01-18,0.8750511945392492
1986-01-19,0.026143344709897612
1986-01-20,0.5901478953356086
1986-01-21,0
1986-01-22,0.0231740614334471
1986-01-23,10.483128555176338
1986-01-24,0.0027303754266211604
1986-01-25,0
1986-01-26,0
1986-01-27,0
1986-01-28,0
1986-01-29,7.140705346985211
1986-01-30,36.01741751990899
1986-01-31,11.97947667804323
1986-02-01,14.251877133105802
1986-02-02,23.467610921501706
1986-02-03,10.285119453924915
1986-02-04,4.5978270762229805
1986-02-05,0.6136177474402731
1986-02-06,0
1986-02-07,0
1986-02-08,0
1986-02-09,0
1986-02-10,0
1986-02-11,0.793230944254835
1986-02-12,22.840204778157
1986-02-13,43.35883959044369
1986-02-14,75.68904436860068
1986-02-15,65.08830489192263
1986-02-16,35.110352673492606
1986-02-17,100.9418771331058
1986-02-18,64.74238907849829
1986-02-19,42.81556313993174
1986-02-20,12.913219567690557
1986-02-21,6.059465301478953
1986-02-22,0.06062571103526735
1986-02-23,0
1986-02-24,0
1986-02-25,0
1986-02-26,0
1986-02-27,0
1986-02-28,0
1986-03-01,0
1986-03-02,0
1986-03-03,0
1986-03-04,0
1986-03-05,0
1986-03-06,0
1986-03-07,6.261968145620023
1986-03-08,40.12795221843003
1986-03-09,7.868862343572241
1986-03-10,42.84202502844141
1986-03-11,8.954550625711036
1986-03-12,18.350534698521045
1986-03-13,14.209374288964733
1986-03-14,2.7390216154721276
1986-03-15,24.367474402730377
1986-03-16,21.82656427758817
1986-03-17,2.5552673492605233
1986-03-18,0
1986-03-19,0
1986-03-20,0
1986-03-21,0
1986-03-22,0
1986-03-23,0
1986-03-24,0
1986-03-25,0
1986-03-26,0
1986-03-27,0
1986-03-28,0
1986-03-29,0
1986-03-30,0
1986-03-31,0
1986-04-01,0
1986-04-02,0
1986-04-03,0
1986-04-04,0
1986-04-05,0
1986-04-06,1.903014789533561
1986-04-07,2.754470989761092
1986-04-08,6.3119795221843
1986-04-09,0
1986-04-10,0
1986-04-11,0
1986-04-12,0.006507394766780432
1986-04-13,0.0157679180887372
1986-04-14,0
1986-04-15,2.8934926052332197
1986-04-16,4.990455062571104
1986-04-17,2.368839590443686
1986-04-18,0
1986-04-19,0
1986-04-20,0
1986-04-21,0
1986-04-22,0.006507394766780432
1986-04-23,0
1986-04-24,0
1986-04-25,0.22533560864618885
1986-04-26,0
1986-04-27,0
1986-04-28,0
1986-04-29,0
1986-04-30,0
1986-05-01,0
1986-05-02,8.952423208191126
1986-05-03,6.976097838452787
1986-05-04,1.6601251422070535
1986-05-05,1.1569169510807735
1986-05-06,0.06169510807736064
1986-05-07,2.3825483503981797
1986-05-08,0
1986-05-09,0
1986-05-10,0
1986-05-11,0
1986-05-12,0
1986-05-13,0
1986-05-14,0
1986-05-15,0
1986-05-16,0
1986-05-17,0
1986-05-18,0
1986-05-19,0
1986-05-20,0
1986-05-21,0
1986-05-22,0
1986-05-23,0
1986-05-24,0
1986-05-25,0
1986-05-26,0
1986-05-27,0
1986-05-28,0
1986-05-29,0
1986-05-30,0
1986-05-31,0
1986-06-01,0
1986-06-02,0
1986-06-03,0
1986-06-04,0
1986-06-05,0
1986-06-06,0
1986-06-07,0
1986-06-08,0
1986-06-09,0
1986-06-10,0
1986-06-11,0
1986-06-12,0
1986-06-13,0
1986-06-14,0
1986-06-15,0
1986-06-16,0
1986-06-17,0
1986-06-18,0
1986-06-19,0
1986-06-20,0
1986-06-21,0
1986-06-22,0
1986-06-23,0
1986-06-24,0
1986-06-25,0
1986-06-26,0
1986-06-27,0
1986-06-28,0
1986-06-29,0
1986-06-30,0
1986-07-01,0
1986-07-02,0
1986-07-03,0
1986-07-04,0
1986-07-05,0
1986-07-06,0
1986-07-07,0
1986-07-08,0
1986-07-09,0
1986-07-10,0
1986-07-11,0
1986-07-12,0
1986-07-13,0
1986-07-14,0
1986-07-15,0
1986-07-16,0
1986-07-17,0
1986-07-18,0
1986-07-19,0
1986-07-20,0
1986-07-21,0
1986-07-22,0
1986-07-23,0
1986-07-24,0
1986-07-25,0
1986-07-26,0
1986-07-27,0
1986-07-28,0
1986-07-29,0
1986-07-30,0
1986-07-31,0
1986-08-01,0
1986-08-02,0
1986-08-03,0
1986-08-04,0
1986-08-05,0
1986-08-06,0
1986-08-07,0
1986-08-08,0
1986-08-09,0
1986-08-10,0
1986-08-11,0
1986-08-12,0
1986-08-13,0
1986-08-14,0
1986-08-15,0
1986-08-16,0
1986-08-17,0
1986-08-18,0
1986-08-19,0
1986-08-20,0
1986-08-21,0
1986-08-22,0
1986-08-23,0
1986-08-24,0
1986-08-25,0
1986-08-26,0
1986-08-27,0
1986-08-28,0
1986-08-29,0
1986-08-30,0
1986-08-31,0
1986-09-01,0
1986-09-02,0
1986-09-03,0
1986-09-04,0
1986-09-05,0
1986-09-06,0
1986-09-07,0
1986-09-08,0
1986-09-09,0
1986-09-10,0
1986-09-11,0
1986-09-12,0
1986-09-13,0
1986-09-14,0
1986-09-15,0.5164732650739476
1986-09-16,13.592036405005688
1986-09-17,16.358191126279863
1986-09-18,0.933674630261661
1986-09-19,6.065290102389079
1986-09-20,0
1986-09-21,0
1986-09-22,0
1986-09-23,0.02515358361774744
1986-09-24,10.487417519908988
1986-09-25,5.3363026166097836
1986-09-26,2.188009101251422
1986-09-27,1.916518771331058
1986-09-28,0
1986-09-29,0
1986-09-30,0
1986-10-01,0
1986-10-02,0
1986-10-03,0
1986-10-04,0
1986-10-05,0
1986-10-06,0
1986-10-07,0
1986-10-08,0
1986-10-09,0
1986-10-10,0
1986-10-11,0
1986-10-12,0
1986-10-13,0
1986-10-14,0
1986-10-15,0
1986-10-16,0.009101251422070534
1986-10-17,2.2829124004550625
1986-10-18,0.0852901023890785
1986-10-19,0
1986-10-20,0
1986-10-21,0
1986-10-22,0
1986-10-23,0
1986-10-24,7.253321956769056
1986-10-25,0
1986-10-26,0
1986-10-27,0
1986-10-28,0.3914334470989761
1986-10-29,0.1331854379977247
1986-10-30,4.81551763367463
1986-10-31,0
1986-11-01,0
1986-11-02,0
1986-11-03,0
1986-11-04,0
1986-11-05,0
1986-11-06,0
1986-11-07,0
1986-11-08,0
1986-11-09,0
1986-11-10,0
1986-11-11,0
1986-11-12,0
1986-11-13,0
1986-11-14,0
1986-11-15,0
1986-11-16,0
1986-11-17,0
1986-11-18,0
1986-11-19,0.14637087599544937
1986-11-20,6.484641638225256e-4
1986-11-21,1.7016951080773606
1986-11-22,0
1986-11-23,0
1986-11-24,0
1986-11-25,0.002389078498293515
1986-11-26,0
1986-11-27,0
1986-11-28,0.005449374288964733
1986-11-29,4.0035722411831625
1986-11-30,0
1986-12-01,0
1986-12-02,0
1986-12-03,0
1986-12-04,0.021467576791808874
1986-12-05,12.499419795221844
1986-12-06,0
1986-12-07,0
1986-12-08,0
1986-12-09,0
1986-12-10,0
1986-12-11,0
1986-12-12,0.011456200227531285
1986-12-13,4.537679180887372
1986-12-14,6.490113765642776
1986-12-15,1.8782707622298065
1986-12-16,3.549943117178612
1986-12-17,0.03311717861205916
1986-12-18,5.119533560864619
1986-12-19,1.857622298065984
1986-12-20,9.335176336746303
1986-12-21,0.2530034129692833
1986-12-22,10.11891922639363
1986-12-23,1.0359044368600683
1986-12-24,0
1986-12-25,0
1986-12-26,0
1986-12-27,0.4208646188850967
1986-12-28,0
1986-12-29,0.22407281001137658
1986-12-30,0.10848691695108077
1986-12-31,5.804311717861206
1987-01-01,1.953287827076223
1987-01-02,12.748282138794083
1987-01-03,24.664846416382254
1987-01-04,12.039180887372014
1987-01-05,0.862070534698521
1987-01-06,1.519829351535836
1987-01-07,2.5194311717861204
1987-01-08,0
1987-01-09,1.0762571103526735
1987-01-10,0
1987-01-11,0
1987-01-12,0
1987-01-13,0
1987-01-14,0
1987-01-15,0
1987-01-16,0
1987-01-17,0
1987-01-18,0
1987-01-19,0
1987-01-20,0
1987-01-21,0
1987-01-22,0
1987-01-23,12.712718998862343
1987-01-24,26.643401592718998
1987-01-25,7.1668600682593855
1987-01-26,0.13079635949943116
1987-01-27,0.38133105802047784
1987-01-28,17.336496018202503
1987-01-29,0
1987-01-30,8.153219567690558
1987-01-31,0
1987-02-01,0.3702047781569966
1987-02-02,21.451001137656426
1987-02-03,8.388179749715587
1987-02-04,0
1987-02-05,0.04531285551763368
1987-02-06,0
1987-02-07,0
1987-02-08,0
1987-02-09,0.4541410693970421
1987-02-10,7.171478953356086
1987-02-11,9.679067121729238
1987-02-12,6.6185437997724685
1987-02-13,76.81849829351536
1987-02-14,2.6702275312855517
1987-02-15,14.847189988623436
1987-02-16,0.6466097838452787
1987-02-17,0
1987-02-18,0
1987-02-19,0
1987-02-20,0
1987-02-21,0.24374288964732652
1987-02-22,0.2526621160409556
1987-02-23,0
1987-02-24,0
1987-02-25,0
1987-02-26,0
1987-02-27,0
1987-02-28,0
1987-03-01,0
1987-03-02,0.783481228668942
1987-03-03,5.992810011376564
1987-03-04,0.5769965870307168
1987-03-05,36.490159271899884
1987-03-06,5.2087258248009105
1987-03-07,0.0047667804323094426
1987-03-08,0.6333105802047782
1987-03-09,0.01869169510807736
1987-03-10,0.512980659840728
1987-03-11,5.570204778156997
1987-03-12,21.679317406143344
1987-03-13,22.557428896473265
1987-03-14,6.048737201365188
1987-03-15,1.677098976109215
1987-03-16,0
1987-03-17,0
1987-03-18,0.4421387940841866
1987-03-19,0.8575312855517634
1987-03-20,0.32439135381114903
1987-03-21,13.21683731513083
1987-03-22,4.416632536973834
1987-03-23,12.984800910125141
1987-03-24,0
1987-03-25,0
1987-03-26,0
1987-03-27,0
1987-03-28,0
1987-03-29,0
1987-03-30,0
1987-03-31,0
1987-04-01,0
1987-04-02,1.1719112627986348
1987-04-03,0.7850853242320819
1987-04-04,0
1987-04-05,0
1987-04-06,0
1987-04-07,0
1987-04-08,0
1987-04-09,0
1987-04-10,0
1987-04-11,0
1987-04-12,0
1987-04-13,0
1987-04-14,0
1987-04-15,0
1987-04-16,0
1987-04-17,0
1987-04-18,0
1987-04-19,0
1987-04-20,0
1987-04-21,0
1987-04-22,0
1987-04-23,0
1987-04-24,0
1987-04-25,0
1987-04-26,0
1987-04-27,0
1987-04-28,0
1987-04-29,0.0059613196814562
1987-04-30,3.297212741751991
1987-05-01,0.802844141069397
1987-05-02,0.050011376564277586
1987-05-03,0
1987-05-04,0
1987-05-05,0
1987-05-06,0
1987-05-07,0
1987-05-08,0
1987-05-09,0
1987-05-10,0
1987-05-11,0
1987-05-12,0
1987-05-13,0
1987-05-14,0
1987-05-15,0
1987-05-16,0
1987-05-17,0
1987-05-18,0
1987-05-19,0
1987-05-20,0
1987-05-21,0
1987-05-22,0
1987-05-23,0
1987-05-24,0
1987-05-25,2.4832764505119456
1987-05-26,0
1987-05-27,0
1987-05-28,0
1987-05-29,0
1987-05-30,0
1987-05-31,0
1987-06-01,0
1987-06-02,0
1987-06-03,0
1987-06-04,0
1987-06-05,0
1987-06-06,0
1987-06-07,0
1987-06-08,0
1987-06-09,0
1987-06-10,0
1987-06-11,0
1987-06-12,0
1987-06-13,0
1987-06-14,0
1987-06-15,0.629226393629124
1987-06-16,0.28530147895335606
1987-06-17,0
1987-06-18,0
1987-06-19,0
1987-06-20,0
1987-06-21,0
1987-06-22,0
1987-06-23,0
1987-06-24,0
1987-06-25,0
1987-06-26,0
1987-06-27,0
1987-06-28,0
1987-06-29,0
1987-06-30,0
1987-07-01,0.08026166097838452
1987-07-02,0
1987-07-03,0
1987-07-04,0
1987-07-05,0
1987-07-06,0
1987-07-07,0
1987-07-08,0
1987-07-09,0
1987-07-10,0
1987-07-11,0
1987-07-12,0
1987-07-13,0
1987-07-14,0
1987-07-15,0
1987-07-16,0
1987-07-17,0
1987-07-18,0
1987-07-19,0
1987-07-20,0
1987-07-21,0
1987-07-22,0
1987-07-23,0
1987-07-24,0
1987-07-25,0
1987-07-26,0
1987-07-27,0
1987-07-28,0
1987-07-29,0
1987-07-30,0
1987-07-31,0
1987-08-01,0
1987-08-02,0
1987-08-03,0
1987-08-04,0
1987-08-05,0
1987-08-06,0
1987-08-07,0
1987-08-08,0
1987-08-09,0
1987-08-10,0
1987-08-11,0
1987-08-12,0
1987-08-13,0
1987-08-14,0
1987-08-15,0
1987-08-16,0
1987-08-17,0
1987-08-18,0
1987-08-19,0
1987-08-20,0
1987-08-21,0
1987-08-22,0
1987-08-23,0
1987-08-24,0
1987-08-25,0
1987-08-26,0
1987-08-27,0
1987-08-28,0
1987-08-29,0
1987-08-30,0
1987-08-31,0
1987-09-01,0
1987-09-02,0
1987-09-03,0
1987-09-04,0
1987-09-05,0
1987-09-06,0
1987-09-07,0
1987-09-08,0
1987-09-09,0
1987-09-10,0
1987-09-11,0
1987-09-12,0
1987-09-13,0
1987-09-14,0
1987-09-15,0
1987-09-16,0
1987-09-17,0
1987-09-18,0
1987-09-19,0
1987-09-20,0
1987-09-21,0
1987-09-22,0
1987-09-23,0
1987-09-24,0
1987-09-25,0
1987-09-26,0
1987-09-27,0
1987-09-28,0
1987-09-29,0
1987-09-30,0
1987-10-01,0
1987-10-02,0
1987-10-03,0
1987-10-04,0
1987-10-05,0
1987-10-06,0
1987-10-07,0
1987-10-08,0
1987-10-09,0
1987-10-10,0
1987-10-11,0
1987-10-12,0
1987-10-13,0
1987-10-14,0
1987-10-15,0
1987-10-16,0
1987-10-17,0
1987-10-18,0
1987-10-19,0
1987-10-20,0
1987-10-21,0
1987-10-22,0
1987-10-23,9.86424345847554
1987-10-24,2.883572241183163
1987-10-25,0
1987-10-26,0
1987-10-27,0
1987-10-28,25.810432309442547
1987-10-29,3.2861660978384526
1987-10-30,0
1987-10-31,0
1987-11-01,0
1987-11-02,0.17978384527872582
1987-11-03,0.04373151308304892
1987-11-04,0
1987-11-05,0.0027303754266211604
1987-11-06,0
1987-11-07,0.013014789533560864
1987-11-08,0.043071672354948805
1987-11-09,4.854755403868032
1987-11-10,0
1987-11-11,0
1987-11-12,0
1987-11-13,16.017064846416382
1987-11-14,1.5557565415244596
1987-11-15,0
1987-11-16,0
1987-11-17,17.93730375426621
1987-11-18,5.875176336746303
1987-11-19,0
1987-11-20,5.922434584755404
1987-11-21,21.018100113765644
1987-11-22,0
1987-11-23,0
1987-11-24,0
1987-11-25,0
1987-11-26,0
1987-11-27,0
1987-11-28,0.0027303754266211604
1987-11-29,0
1987-11-30,17.00254835039818
1987-12-01,29.980056882821387
1987-12-02,22.68302616609784
1987-12-03,7.030500568828214
1987-12-04,4.4221501706484645
1987-12-05,17.00811149032992
1987-12-06,31.766348122866894
1987-12-07,14.243708759954494
1987-12-08,31.107804323094424
1987-12-09,21.195039817974973
1987-12-10,5.516075085324232
1987-12-11,0.9355176336746303
1987-12-12,0
1987-12-13,0
1987-12-14,0
1987-12-15,0.009840728100113766
1987-12-16,10.225881683731513
1987-12-17,11.2813196814562
1987-12-18,0
1987-12-19,0.052025028441410694
1987-12-20,0.0026621160409556316
1987-12-21,1.6457565415244595
1987-12-22,3.633401592718999
1987-12-23,0
1987-12-24,0
1987-12-25,0
1987-12-26,0
1987-12-27,0.1259499431171786
1987-12-28,13.93283276450512
1987-12-29,8.712127417519909
1987-12-30,0.03930602957906712
1987-12-31,0
1988-01-01,0
1988-01-02,2.1621729237770193
1988-01-03,22.340204778157
1988-01-04,62.07141069397042
1988-01-05,7.420534698521046
1988-01-06,0.10440273037542662
1988-01-07,0
1988-01-08,9.452718998862343
1988-01-09,4.983981797497155
1988-01-10,2.094061433447099
1988-01-11,8.26721274175199
1988-01-12,0
1988-01-13,0.0778839590443686
1988-01-14,0
1988-01-15,12.305244596131969
1988-01-16,27.116871444823662
1988-01-17,13.608987485779295
1988-01-18,1.1470875995449374
1988-01-19,0
1988-01-20,0
1988-01-21,0
1988-01-22,0
1988-01-23,0
1988-01-24,0
1988-01-25,0
1988-01-26,0
1988-01-27,0
1988-01-28,0.674254835039818
1988-01-29,17.384141069397042
1988-01-30,4.688623435722412
1988-01-31,0
1988-02-01,0.475551763367463
1988-02-02,0
1988-02-03,0
1988-02-04,0
1988-02-05,0
1988-02-06,0
1988-02-07,0
1988-02-08,0
1988-02-09,0
1988-02-10,0
1988-02-11,0
1988-02-12,0
1988-02-13,0
1988-02-14,0
1988-02-15,0
1988-02-16,0
1988-02-17,0
1988-02-18,0
1988-02-19,0
1988-02-20,0
1988-02-21,0
1988-02-22,0
1988-02-23,0
1988-02-24,0
1988-02-25,0
1988-02-26,0
1988-02-27,0.019840728100113766
1988-02-28,12.770716723549487
1988-02-29,0.5606712172923777
1988-03-01,1.281740614334471
1988-03-02,0
1988-03-03,0
1988-03-04,0
1988-03-05,0
1988-03-06,0
1988-03-07,0
1988-03-08,0
1988-03-09,0
1988-03-10,0
1988-03-11,0
1988-03-12,0
1988-03-13,0
1988-03-14,0
1988-03-15,0
1988-03-16,0
1988-03-17,0
1988-03-18,0
1988-03-19,0
1988-03-20,0
1988-03-21,0.1181797497155859
1988-03-22,0
1988-03-23,0.21348122866894198
1988-03-24,0
1988-03-25,0
1988-03-26,0
1988-03-27,0
1988-03-28,0
1988-03-29,0
1988-03-30,0
1988-03-31,0
1988-04-01,0
1988-04-02,0
1988-04-03,0
1988-04-04,0
1988-04-05,0
1988-04-06,0
1988-04-07,0
1988-04-08,0
1988-04-09,0
1988-04-10,0
1988-04-11,0
1988-04-12,0
1988-04-13,0.02068259385665529
1988-04-14,0.7802730375426621
1988-04-15,0.12805460750853243
1988-04-16,0
1988-04-17,0
1988-04-18,0.09582480091012514
1988-04-19,18.50184300341297
1988-04-20,16.716405005688284
1988-04-21,2.966575654152446
1988-04-22,0.38895335608646187
1988-04-23,11.358941979522184
1988-04-24,0
1988-04-25,0
1988-04-26,0
1988-04-27,0
1988-04-28,0.049670079635949944
1988-04-29,3.5363139931740615
1988-04-30,0
1988-05-01,0
1988-05-02,0
1988-05-03,0
1988-05-04,0
1988-05-05,0.6248805460750854
1988-05-06,0.8826393629124004
1988-05-07,12.099044368600683
1988-05-08,2.815199089874858
1988-05-09,0
1988-05-10,0
1988-05-11,0
1988-05-12,0.6593060295790671
1988-05-13,0.07483503981797497
1988-05-14,0
1988-05-15,0
1988-05-16,3.6015813424345846
1988-05-17,2.28551763367463
1988-05-18,0
1988-05-19,0
1988-05-20,0
1988-05-21,0
1988-05-22,0
1988-05-23,0
1988-05-24,0
1988-05-25,0
1988-05-26,0
1988-05-27,0
1988-05-28,0.3624118316268487
1988-05-29,0.1503754266211604
1988-05-30,0
1988-05-31,0
1988-06-01,0
1988-06-02,0
1988-06-03,0
1988-06-04,0
1988-06-05,0.2515358361774744
1988-06-06,3.093367463026166
1988-06-07,11.102104664391353
1988-06-08,0.10755403868031854
1988-06-09,0
1988-06-10,0
1988-06-11,0
1988-06-12,0
1988-06-13,0
1988-06-14,0
1988-06-15,0
1988-06-16,0
1988-06-17,0
1988-06-18,0
1988-06-19,0
1988-06-20,0
1988-06-21,0
1988-06-22,0
1988-06-23,0
1988-06-24,0
1988-06-25,0
1988-06-26,0
1988-06-27,0
1988-06-28,0
1988-06-29,0
1988-06-30,0
1988-07-01,0
1988-07-02,0
1988-07-03,0
1988-07-04,0
1988-07-05,0
1988-07-06,0
1988-07-07,0
1988-07-08,0
1988-07-09,0
1988-07-10,0
1988-07-11,0
1988-07-12,0
1988-07-13,0
1988-07-14,0
1988-07-15,0
1988-07-16,0
1988-07-17,0
1988-07-18,0
1988-07-19,0
1988-07-20,0
1988-07-21,0
1988-07-22,0
1988-07-23,0
1988-07-24,0
1988-07-25,0
1988-07-26,0
1988-07-27,0
1988-07-28,0
1988-07-29,0
1988-07-30,0
1988-07-31,0
1988-08-01,0
1988-08-02,0
1988-08-03,0
1988-08-04,0
1988-08-05,0
1988-08-06,0
1988-08-07,0
1988-08-08,0
1988-08-09,0
1988-08-10,0
1988-08-11,0
1988-08-12,0.011285551763367463
1988-08-13,0
1988-08-14,0
1988-08-15,0
1988-08-16,0
1988-08-17,0
1988-08-18,0
1988-08-19,0
1988-08-20,0
1988-08-21,0
1988-08-22,0
1988-08-23,0
1988-08-24,0
1988-08-25,0
1988-08-26,0
1988-08-27,0
1988-08-28,0
1988-08-29,0
1988-08-30,0
1988-08-31,0
1988-09-01,0
1988-09-02,0
1988-09-03,0
1988-09-04,0
1988-09-05,0
1988-09-06,0
1988-09-07,0
1988-09-08,0
1988-09-09,0
1988-09-10,0
1988-09-11,0
1988-09-12,0
1988-09-13,0
1988-09-14,0
1988-09-15,0
1988-09-16,0
1988-09-17,0
1988-09-18,0
1988-09-19,0
1988-09-20,0
1988-09-21,0
1988-09-22,0
1988-09-23,0
1988-09-24,0
1988-09-25,0
1988-09-26,0
1988-09-27,0
1988-09-28,0
1988-09-29,0
1988-09-30,0
1988-10-01,0
1988-10-02,0
1988-10-03,0
1988-10-04,0
1988-10-05,0.004800910125142207
1988-10-06,0.1353014789533561
1988-10-07,0.006370875995449375
1988-10-08,0
1988-10-09,0
1988-10-10,0
1988-10-11,0
1988-10-12,0
1988-10-13,2.9102616609783847
1988-10-14,4.037963594994312
1988-10-15,0
1988-10-16,0
1988-10-17,0
1988-10-18,0
1988-10-19,0
1988-10-20,0
1988-10-21,0
1988-10-22,0
1988-10-23,0
1988-10-24,0
1988-10-25,0
1988-10-26,0
1988-10-27,0.5454379977246872
1988-10-28,0
1988-10-29,0
1988-10-30,0
1988-10-31,0
1988-11-01,0.6606598407281001
1988-11-02,5.384937428896473
1988-11-03,10.027952218430034
1988-11-04,0.024812286689419795
1988-11-05,0
1988-11-06,0.5271103526734926
1988-11-07,0
1988-11-08,0
1988-11-09,1.24353811149033
1988-11-10,14.56358361774744
1988-11-11,0.19138794084186575
1988-11-12,6.406268486916951
1988-11-13,10.132912400455062
1988-11-14,10.973174061433447
1988-11-15,1.2424914675767917
1988-11-16,5.078100113765643
1988-11-17,6.162912400455062
1988-11-18,0
1988-11-19,0.017861205915813423
1988-11-20,0.3023777019340159
1988-11-21,3.32547212741752
1988-11-22,26.35306029579067
1988-11-23,38.63555176336747
1988-11-24,3.6879180887372014
1988-11-25,10.878509670079636
1988-11-26,0
1988-11-27,0
1988-11-28,0.08928327645051194
1988-11-29,0
1988-11-30,0
1988-12-01,0
1988-12-02,0
1988-12-03,0
1988-12-04,0
1988-12-05,0
1988-12-06,0
1988-12-07,0
1988-12-08,0
1988-12-09,0
1988-12-10,0
1988-12-11,0
1988-12-12,0
1988-12-13,0
1988-12-14,0
1988-12-15,0
1988-12-16,0
1988-12-17,0
1988-12-18,0.13379977246871444
1988-12-19,7.75990898748578
1988-12-20,7.570932878270762
1988-12-21,23.486302616609784
1988-12-22,25.042548350398178
1988-12-23,4.810534698521047
1988-12-24,15.756666666666666
1988-12-25,5.149704209328783
1988-12-26,0.12300341296928327
1988-12-27,4.650887372013652
1988-12-28,1.3305915813424345
1988-12-29,0
1988-12-30,0.047042093287827075
1988-12-31,14.715460750853243
1989-01-01,0
1989-01-02,0
1989-01-03,0
1989-01-04,0.06721274175199089
1989-01-05,12.467349260523322
1989-01-06,0.8264050056882821
1989-01-07,1.1699203640500568
1989-01-08,2.36098976109215
1989-01-09,4.102127417519909
1989-01-10,1.9038566552901024
1989-01-11,0
1989-01-12,0
1989-01-13,0
1989-01-14,1.8749374288964733
1989-01-15,0
1989-01-16,0
1989-01-17,0
1989-01-18,0
1989-01-19,0
1989-01-20,0
1989-01-21,0
1989-01-22,0.47969283276450514
1989-01-23,13.901001137656428
1989-01-24,0
1989-01-25,0
1989-01-26,0
1989-01-27,0
1989-01-28,0
1989-01-29,0
1989-01-30,0
1989-01-31,0
1989-02-01,0
1989-02-02,1.0837656427758817
1989-02-03,2.77811149032992
1989-02-04,2.147485779294653
1989-02-05,0
1989-02-06,0
1989-02-07,0
1989-02-08,0.10875995449374289
1989-02-09,12.331342434584755
1989-02-10,4.575153583617747
1989-02-11,0
1989-02-12,0
1989-02-13,0
1989-02-14,0
1989-02-15,0
1989-02-16,0
1989-02-17,0
1989-02-18,1.1629692832764504
1989-02-19,6.365870307167236
1989-02-20,0
1989-02-21,0.49131968145620025
1989-02-22,0.47525597269624575
1989-02-23,3.472013651877133
1989-02-24,0
1989-02-25,0.030227531285551765
1989-02-26,0
1989-02-27,0
1989-02-28,0
1989-03-01,5.044607508532423
1989-03-02,43.75787258248009
1989-03-03,0
1989-03-04,0.06485779294653014
1989-03-05,15.401820250284414
1989-03-06,10.55839590443686
1989-03-07,0.4818998862343572
1989-03-08,7.321592718998862
1989-03-09,13.92127417519909
1989-03-10,15.086928327645051
1989-03-11,26.35632536973834
1989-03-12,0.9607508532423208
1989-03-13,1.5243572241183163
1989-03-14,0
1989-03-15,0.04158134243458476
1989-03-16,12.78
1989-03-17,4.651240045506257
1989-03-18,40.499874857792946
1989-03-19,21.76448236632537
1989-03-20,0
1989-03-21,0
1989-03-22,0
1989-03-23,0.15696245733788397
1989-03-24,34.83635949943117
1989-03-25,11.148009101251422
1989-03-26,0
1989-03-27,1.4851308304891924
1989-03-28,1.8438566552901023
1989-03-29,0
1989-03-30,0
1989-03-31,0
1989-04-01,0
1989-04-02,1.4397155858930604
1989-04-03,0.04310580204778157
1989-04-04,0
1989-04-05,0
1989-04-06,0
1989-04-07,0
1989-04-08,0
1989-04-09,0
1989-04-10,0
1989-04-11,0
1989-04-12,0
1989-04-13,0
1989-04-14,0
1989-04-15,0
1989-04-16,0
1989-04-17,0
1989-04-18,0
1989-04-19,0
1989-04-20,0.009408418657565415
1989-04-21,3.07514220705347
1989-04-22,0.0017178612059158135
1989-04-23,6.775790671217292
1989-04-24,3.631877133105802
1989-04-25,5.814186575654152
1989-04-26,4.285108077360637
1989-04-27,0
1989-04-28,0
1989-04-29,0
1989-04-30,3.104539249146758
1989-05-01,0.36890784982935154
1989-05-02,0
1989-05-03,0
1989-05-04,0
1989-05-05,0
1989-05-06,0
1989-05-07,0
1989-05-08,0
1989-05-09,0
1989-05-10,0
1989-05-11,0
1989-05-12,0
1989-05-13,0
1989-05-14,0
1989-05-15,0
1989-05-16,0
1989-05-17,0
1989-05-18,0
1989-05-19,0.00434584755403868
1989-05-20,0
1989-05-21,0
1989-05-22,0.19383390216154722
1989-05-23,3.3544596131968145
1989-05-24,0
1989-05-25,0
1989-05-26,0
1989-05-27,0
1989-05-28,0
1989-05-29,0
1989-05-30,0
1989-05-31,0
1989-06-01,0
1989-06-02,0
1989-06-03,0
1989-06-04,2.4519453924914676
1989-06-05,1.0684072810011376
1989-06-06,0
1989-06-07,0
1989-06-08,0
1989-06-09,0
1989-06-10,0
1989-06-11,0
1989-06-12,0
1989-06-13,0
1989-06-14,0
1989-06-15,0
1989-06-16,0
1989-06-17,0
1989-06-18,0
1989-06-19,0
1989-06-20,0
1989-06-21,0
1989-06-22,0
1989-06-23,0
1989-06-24,0
1989-06-25,0
1989-06-26,0
1989-06-27,0
1989-06-28,0
1989-06-29,1.9788509670079637
1989-06-30,2.301183162684869
1989-07-01,0
1989-07-02,0
1989-07-03,0
1989-07-04,0
1989-07-05,0
1989-07-06,0
1989-07-07,0
1989-07-08,0
1989-07-09,0
1989-07-10,0
1989-07-11,0
1989-07-12,0
1989-07-13,0
1989-07-14,0
1989-07-15,0
1989-07-16,0
1989-07-17,0
1989-07-18,0
1989-07-19,0
1989-07-20,0
1989-07-21,0
1989-07-22,0
1989-07-23,0
1989-07-24,0
1989-07-25,0
1989-07-26,0
1989-07-27,0
1989-07-28,0
1989-07-29,0
1989-07-30,0
1989-07-31,0
1989-08-01,0
1989-08-02,0
1989-08-03,0
1989-08-04,0
1989-08-05,0
1989-08-06,0
1989-08-07,0
1989-08-08,0
1989-08-09,0
1989-08-10,0
1989-08-11,0
1989-08-12,0
1989-08-13,0
1989-08-14,0
1989-08-15,0
1989-08-16,0
1989-08-17,0
1989-08-18,0
1989-08-19,0
1989-08-20,0
1989-08-21,0.09604095563139932
1989-08-22,0
1989-08-23,0
1989-08-24,0
1989-08-25,0
1989-08-26,0
1989-08-27,0
1989-08-28,0
1989-08-29,0
1989-08-30,0
1989-08-31,0
1989-09-01,0
1989-09-02,0
1989-09-03,0
1989-09-04,0
1989-09-05,0
1989-09-06,0
1989-09-07,0
1989-09-08,0
1989-09-09,0
1989-09-10,0
1989-09-11,0
1989-09-12,0
1989-09-13,0
1989-09-14,0
1989-09-15,0.06351535836177474
1989-09-16,7.0281001137656425
1989-09-17,32.817531285551766
1989-09-18,10.620784982935154
1989-09-19,2.3167576791808875
1989-09-20,0
1989-09-21,0
1989-09-22,0
1989-09-23,0
1989-09-24,0
1989-09-25,0
1989-09-26,0
1989-09-27,0.6753128555176336
1989-09-28,1.0967007963594995
1989-09-29,12.49759954493743
1989-09-30,0
1989-10-01,0
1989-10-02,0
1989-10-03,0
1989-10-04,0
1989-10-05,0
1989-10-06,0
1989-10-07,0
1989-10-08,0
1989-10-09,0
1989-10-10,0
1989-10-11,0
1989-10-12,0
1989-10-13,0
1989-10-14,0
1989-10-15,0
1989-10-16,0
1989-10-17,0
1989-10-18,0
1989-10-19,0
1989-10-20,0.03543799772468714
1989-10-21,14.774664391353811
1989-10-22,22.674778156996588
1989-10-23,43.24837315130831
1989-10-24,12.031240045506257
1989-10-25,2.3849374288964733
1989-10-26,0
1989-10-27,0.8422298065984073
1989-10-28,0
1989-10-29,0
1989-10-30,0
1989-10-31,0
1989-11-01,0
1989-11-02,0
1989-11-03,0
1989-11-04,0
1989-11-05,0
1989-11-06,0
1989-11-07,0
1989-11-08,0
1989-11-09,0
1989-11-10,0
1989-11-11,0
1989-11-12,0
1989-11-13,0
1989-11-14,0.005392491467576792
1989-11-15,0
1989-11-16,0
1989-11-17,0
1989-11-18,0
1989-11-19,0
1989-11-20,0
1989-11-21,0
1989-11-22,0
1989-11-23,0
1989-11-24,1.8125938566552902
1989-11-25,7.128816837315131
1989-11-26,39.7981228668942
1989-11-27,0
1989-11-28,0
1989-11-29,0
1989-11-30,0
1989-12-01,0
1989-12-02,0
1989-12-03,0
1989-12-04,0
1989-12-05,0
1989-12-06,0
1989-12-07,0
1989-12-08,0
1989-12-09,0
1989-12-10,0
1989-12-11,0
1989-12-12,0
1989-12-13,0
1989-12-14,0
1989-12-15,0
1989-12-16,0
1989-12-17,0
1989-12-18,0
1989-12-19,0
1989-12-20,0
1989-12-21,0
1989-12-22,0
1989-12-23,0
1989-12-24,0
1989-12-25,0
1989-12-26,0
1989-12-27,0
1989-12-28,0
1989-12-29,0
1989-12-30,0
1989-12-31,0
1990-01-01,1.7966439135381116
1990-01-02,6.4920022753128555
1990-01-03,0
1990-01-04,0
1990-01-05,0
1990-01-06,0.03610921501706485
1990-01-07,23.63051194539249
1990-01-08,28.342309442548352
1990-01-09,1.0008532423208192
1990-01-10,0
1990-01-11,0.041979522184300344
1990-01-12,15.014766780432309
1990-01-13,43.20108077360637
1990-01-14,27.79405005688282
1990-01-15,0.815938566552901
1990-01-16,1.3269169510807737
1990-01-17,0
1990-01-18,0
1990-01-19,0
1990-01-20,0
1990-01-21,0
1990-01-22,0
1990-01-23,0
1990-01-24,0
1990-01-25,0
1990-01-26,0
1990-01-27,0
1990-01-28,0
1990-01-29,0.9057224118316268
1990-01-30,4.736814562002276
1990-01-31,3.7736860068259386
1990-02-01,12.420364050056882
1990-02-02,0
1990-02-03,0.47773606370875993
1990-02-04,20.82013651877133
1990-02-05,0.021444823663253697
1990-02-06,2.3278839590443687
1990-02-07,0
1990-02-08,0
1990-02-09,0
1990-02-10,0
1990-02-11,0
1990-02-12,0
1990-02-13,0
1990-02-14,0
1990-02-15,1.9936291240045507
1990-02-16,32.85176336746303
1990-02-17,20.472753128555176
1990-02-18,3.8968145620022754
1990-02-19,0.002480091012514221
1990-02-20,0
1990-02-21,0
1990-02-22,0
1990-02-23,0
1990-02-24,0
1990-02-25,0
1990-02-26,0
1990-02-27,0
1990-02-28,0
1990-03-01,0.03080773606370876
1990-03-02,7.0874288964732655
1990-03-03,13.88565415244596
1990-03-04,1.9272582480091012
1990-03-05,10.500762229806599
1990-03-06,0
1990-03-07,9.328782707622299e-4
1990-03-08,0.7812741751990899
1990-03-09,0.07383390216154721
1990-03-10,4.97230944254835
1990-03-11,2.8583276450511947
1990-03-12,0.006200227531285552
1990-03-13,0.0210580204778157
1990-03-14,0.47533560864618885
1990-03-15,1.3225028441410693
1990-03-16,0
1990-03-17,0.0065756541524459615
1990-03-18,0
1990-03-19,0
1990-03-20,0
1990-03-21,0
1990-03-22,0
1990-03-23,0
1990-03-24,0
1990-03-25,0
1990-03-26,0
1990-03-27,0
1990-03-28,0
1990-03-29,0
1990-03-30,0
1990-03-31,0
1990-04-01,0
1990-04-02,0
1990-04-03,0
1990-04-04,0
1990-04-05,0
1990-04-06,0
1990-04-07,0.34572241183162683
1990-04-08,0
1990-04-09,0
1990-04-10,0
1990-04-11,0
1990-04-12,0
1990-04-13,0
1990-04-14,0
1990-04-15,0
1990-04-16,0
1990-04-17,0
1990-04-18,0
1990-04-19,0.0040386803185438
1990-04-20,0.030591581342434584
1990-04-21,0
1990-04-22,0.41228668941979524
1990-04-23,5.961058020477815
1990-04-24,0
1990-04-25,0
1990-04-26,0
1990-04-27,0
1990-04-28,0
1990-04-29,0
1990-04-30,0
1990-05-01,0
1990-05-02,0
1990-05-03,0
1990-05-04,0
1990-05-05,0
1990-05-06,0
1990-05-07,0
1990-05-08,0
1990-05-09,0
1990-05-10,0
1990-05-11,0
1990-05-12,0
1990-05-13,0
1990-05-14,0
1990-05-15,0
1990-05-16,0
1990-05-17,0
1990-05-18,0
1990-05-19,0
1990-05-20,23.596143344709898
1990-05-21,1.466211604095563
1990-05-22,4.294778156996587
1990-05-23,10.130796359499431
1990-05-24,0
1990-05-25,0
1990-05-26,3.0704209328782706
1990-05-27,45.955108077360634
1990-05-28,39.43056882821388
1990-05-29,0
1990-05-30,4.271956769055745
1990-05-31,7.333993174061433
1990-06-01,0
1990-06-02,0
1990-06-03,0
1990-06-04,0
1990-06-05,0
1990-06-06,0
1990-06-07,0
1990-06-08,0
1990-06-09,0
1990-06-10,0
1990-06-11,0
1990-06-12,0
1990-06-13,0.0018543799772468715
1990-06-14,0
1990-06-15,0
1990-06-16,0
1990-06-17,0
1990-06-18,0
1990-06-19,0
1990-06-20,0
1990-06-21,0
1990-06-22,0.05598407281001138
1990-06-23,0
1990-06-24,0
1990-06-25,0
1990-06-26,0
1990-06-27,0
1990-06-28,0
1990-06-29,0
1990-06-30,0
1990-07-01,0
1990-07-02,0
1990-07-03,0
1990-07-04,0
1990-07-05,0
1990-07-06,0
1990-07-07,0
1990-07-08,0
1990-07-09,0
1990-07-10,0
1990-07-11,0
1990-07-12,0
1990-07-13,0
1990-07-14,0
1990-07-15,0
1990-07-16,0
1990-07-17,0
1990-07-18,0
1990-07-19,0
1990-07-20,0
1990-07-21,0
1990-07-22,0
1990-07-23,0
1990-07-24,0
1990-07-25,0
1990-07-26,0
1990-07-27,0
1990-07-28,0
1990-07-29,0
1990-07-30,0
1990-07-31,0
1990-08-01,0
1990-08-02,0
1990-08-03,0
1990-08-04,0
1990-08-05,0
1990-08-06,0
1990-08-07,3.2992036405005685e-4
1990-08-08,0
1990-08-09,0
1990-08-10,0
1990-08-11,0
1990-08-12,0
1990-08-13,0
1990-08-14,0
1990-08-15,0
1990-08-16,0
1990-08-17,0
1990-08-18,0
1990-08-19,0
1990-08-20,0
1990-08-21,0
1990-08-22,0
1990-08-23,0
1990-08-24,0
1990-08-25,0
1990-08-26,0
1990-08-27,0
1990-08-28,0
1990-08-29,0
1990-08-30,0
1990-08-31,0
1990-09-01,0
1990-09-02,0
1990-09-03,0
1990-09-04,0
1990-09-05,0
1990-09-06,0
1990-09-07,0
1990-09-08,0
1990-09-09,0
1990-09-10,0
1990-09-11,0
1990-09-12,0
1990-09-13,0
1990-09-14,0
1990-09-15,0
1990-09-16,0
1990-09-17,0
1990-09-18,0
1990-09-19,0
1990-09-20,0
1990-09-21,0
1990-09-22,0.06269624573378839
1990-09-23,6.184914675767918
1990-09-24,0.007167235494880546
1990-09-25,0
1990-09-26,0.11025028441410693
1990-09-27,0.07780432309442549
1990-09-28,0
1990-09-29,0
1990-09-30,0
1990-10-01,0
1990-10-02,0
1990-10-03,0
1990-10-04,0
1990-10-05,0
1990-10-06,0
1990-10-07,0
1990-10-08,0
1990-10-09,0
1990-10-10,0
1990-10-11,0
1990-10-12,0
1990-10-13,0
1990-10-14,0
1990-10-15,0
1990-10-16,0
1990-10-17,0
1990-10-18,0.43395904436860067
1990-10-19,4.162627986348123
1990-10-20,0
1990-10-21,0
1990-10-22,0
1990-10-23,0
1990-10-24,0
1990-10-25,0
1990-10-26,0
1990-10-27,0
1990-10-28,0
1990-10-29,0
1990-10-30,0.8866097838452787
1990-10-31,10.591740614334471
1990-11-01,0
1990-11-02,0
1990-11-03,0
1990-11-04,0.012195676905574517
1990-11-05,0
1990-11-06,0
1990-11-07,0
1990-11-08,0
1990-11-09,0
1990-11-10,0
1990-11-11,0
1990-11-12,0
1990-11-13,0
1990-11-14,1.3832650739476677
1990-11-15,0.006313993174061433
1990-11-16,0
1990-11-17,0
1990-11-18,0
1990-11-19,0
1990-11-20,0.42494880546075087
1990-11-21,2.8802389078498294
1990-11-22,0
1990-11-23,0
1990-11-24,0
1990-11-25,4.19839590443686
1990-11-26,7.354300341296929
1990-11-27,0
1990-11-28,0
1990-11-29,0
1990-11-30,0
1990-12-01,0
1990-12-02,0
1990-12-03,0
1990-12-04,0
1990-12-05,0
1990-12-06,0
1990-12-07,0
1990-12-08,0
1990-12-09,0
1990-12-10,1.6874402730375426
1990-12-11,9.855460750853242
1990-12-12,0
1990-12-13,0
1990-12-14,0.034618885096700795
1990-12-15,11.973151308304892
1990-12-16,6.177645051194539
1990-12-17,0
1990-12-18,0
1990-12-19,0.32005688282138794
1990-12-20,0
1990-12-21,0
1990-12-22,0
1990-12-23,0
1990-12-24,0
1990-12-25,0
1990-12-26,0
1990-12-27,0
1990-12-28,0
1990-12-29,0
1990-12-30,0
1990-12-31,0
1991-01-01,0
1991-01-02,0
1991-01-03,0
1991-01-04,0
1991-01-05,0
1991-01-06,0.21779294653014789
1991-01-07,15.083265073947668
1991-01-08,1.3122753128555176
1991-01-09,4.5504664391353815
1991-01-10,0
1991-01-11,0
1991-01-12,1.300830489192264
1991-01-13,0.01161547212741752
1991-01-14,0
1991-01-15,0.0985665529010239
1991-01-16,0
1991-01-17,0
1991-01-18,0
1991-01-19,0
1991-01-20,0
1991-01-21,0
1991-01-22,0
1991-01-23,0
1991-01-24,0
1991-01-25,0
1991-01-26,0
1991-01-27,0
1991-01-28,0
1991-01-29,0
1991-01-30,0
1991-01-31,0
1991-02-01,1.7828213879408419
1991-02-02,43.5589874857793
1991-02-03,13.001285551763367
1991-02-04,4.333731513083049
1991-02-05,21.78759954493743
1991-02-06,0
1991-02-07,0
1991-02-08,0.005995449374288965
1991-02-09,0
1991-02-10,0
1991-02-11,0
1991-02-12,0.005995449374288965
1991-02-13,0
1991-02-14,0
1991-02-15,0
1991-02-16,0
1991-02-17,0
1991-02-18,0
1991-02-19,0
1991-02-20,0
1991-02-21,0
1991-02-22,0
1991-02-23,0
1991-02-24,0
1991-02-25,0
1991-02-26,0
1991-02-27,3.243526734926052
1991-02-28,27.45849829351536
1991-03-01,17.973196814562
1991-03-02,22.12890784982935
1991-03-03,72.51279863481228
1991-03-04,81.16663253697384
1991-03-05,6.777952218430034
1991-03-06,0
1991-03-07,0
1991-03-08,0
1991-03-09,0.057121729237770195
1991-03-10,4.192354948805461
1991-03-11,7.639067121729238
1991-03-12,16.34367463026166
1991-03-13,27.126962457337886
1991-03-14,0.9799089874857793
1991-03-15,0.0013083048919226394
1991-03-16,0.24204778156996587
1991-03-17,11.341729237770194
1991-03-18,11.657849829351536
1991-03-19,0.5217406143344709
1991-03-20,14.06437997724687
1991-03-21,1.0622411831626848
1991-03-22,1.185551763367463
1991-03-23,14.750602957906713
1991-03-24,34.1384755403868
1991-03-25,22.275870307167235
1991-03-26,14.116689419795222
1991-03-27,5.38740614334471
1991-03-28,0
1991-03-29,0
1991-03-30,0
1991-03-31,0.0364391353811149
1991-04-01,0.5189419795221843
1991-04-02,0.01757679180887372
1991-04-03,0
1991-04-04,0
1991-04-05,0
1991-04-06,0.10632536973833902
1991-04-07,0
1991-04-08,0
1991-04-09,0
1991-04-10,0
1991-04-11,0
1991-04-12,0
1991-04-13,0
1991-04-14,0
1991-04-15,0
1991-04-16,0.24977246871444825
1991-04-17,0.04130830489192264
1991-04-18,0
1991-04-19,0.08678043230944255
1991-04-20,6.898350398179749
1991-04-21,0.5477360637087599
1991-04-22,0
1991-04-23,0
1991-04-24,1.7673720136518771
1991-04-25,0.7915927189988623
1991-04-26,1.6951763367463026
1991-04-27,0
1991-04-28,0
1991-04-29,0
1991-04-30,0
1991-05-01,0.041888509670079635
1991-05-02,0.3328213879408419
1991-05-03,0
1991-05-04,0
1991-05-05,0
1991-05-06,0
1991-05-07,0
1991-05-08,0.00098976109215017055
1991-05-09,0
1991-05-10,0
1991-05-11,0
1991-05-12,0.0240386803185438
1991-05-13,2.832400455062571
1991-05-14,0
1991-05-15,0
1991-05-16,0
1991-05-17,0
1991-05-18,0.2072241183162685
1991-05-19,0
1991-05-20,0
1991-05-21,0
1991-05-22,0
1991-05-23,0
1991-05-24,0
1991-05-25,0
1991-05-26,0
1991-05-27,0
1991-05-28,0
1991-05-29,0.036905574516496016
1991-05-30,0.0015130830489192264
1991-05-31,0
1991-06-01,0
1991-06-02,0
1991-06-03,0
1991-06-04,0
1991-06-05,0
1991-06-06,0
1991-06-07,0
1991-06-08,0
1991-06-09,0
1991-06-10,0
1991-06-11,0
1991-06-12,0
1991-06-13,0
1991-06-14,0
1991-06-15,0
1991-06-16,0
1991-06-17,0
1991-06-18,0
1991-06-19,0
1991-06-20,0
1991-06-21,0
1991-06-22,0
1991-06-23,0
1991-06-24,0
1991-06-25,0
1991-06-26,0.01795221843003413
1991-06-27,0.10073947667804323
1991-06-28,8.593617747440273
1991-06-29,7.470193401592719
1991-06-30,0
1991-07-01,0
1991-07-02,0
1991-07-03,0
1991-07-04,0
1991-07-05,0
1991-07-06,0
1991-07-07,0
1991-07-08,0
1991-07-09,0
1991-07-10,0
1991-07-11,0
1991-07-12,0
1991-07-13,0
1991-07-14,0
1991-07-15,0
1991-07-16,0
1991-07-17,0
1991-07-18,0
1991-07-19,0
1991-07-20,0
1991-07-21,0
1991-07-22,0
1991-07-23,0
1991-07-24,0
1991-07-25,0
1991-07-26,0
1991-07-27,0
1991-07-28,0
1991-07-29,0
1991-07-30,0
1991-07-31,0
1991-08-01,0
1991-08-02,0
1991-08-03,0
1991-08-04,0
1991-08-05,0
1991-08-06,0
1991-08-07,0
1991-08-08,0
1991-08-09,0
1991-08-10,0
1991-08-11,0
1991-08-12,0.029089874857792946
1991-08-13,1.1617747440273039
1991-08-14,0.9723321956769055
1991-08-15,0
1991-08-16,0
1991-08-17,0
1991-08-18,0
1991-08-19,0
1991-08-20,0
1991-08-21,0.007133105802047781
1991-08-22,0.007133105802047781
1991-08-23,0
1991-08-24,0
1991-08-25,0
1991-08-26,0
1991-08-27,0
1991-08-28,0
1991-08-29,0
1991-08-30,0
1991-08-31,0
1991-09-01,0
1991-09-02,0
1991-09-03,0
1991-09-04,0
1991-09-05,0
1991-09-06,0
1991-09-07,0
1991-09-08,0
1991-09-09,0
1991-09-10,0
1991-09-11,0
1991-09-12,0
1991-09-13,0
1991-09-14,0
1991-09-15,0
1991-09-16,0
1991-09-17,0
1991-09-18,0
1991-09-19,0
1991-09-20,0
1991-09-21,0
1991-09-22,0
1991-09-23,0
1991-09-24,0
1991-09-25,0.29741751990898746
1991-09-26,0
1991-09-27,0
1991-09-28,0
1991-09-29,0
1991-09-30,0
1991-10-01,0
1991-10-02,0
1991-10-03,0
1991-10-04,0
1991-10-05,0
1991-10-06,0
1991-10-07,0
1991-10-08,0
1991-10-09,0
1991-10-10,0
1991-10-11,0
1991-10-12,0
1991-10-13,0
1991-10-14,0
1991-10-15,0
1991-10-16,0
1991-10-17,0
1991-10-18,0
1991-10-19,0
1991-10-20,0
1991-10-21,0
1991-10-22,0.6993060295790672
1991-10-23,0
1991-10-24,0
1991-10-25,5.716222980659841
1991-10-26,51.849124004550625
1991-10-27,0.14650739476678043
1991-10-28,0
1991-10-29,0
1991-10-30,0
1991-10-31,0
1991-11-01,0
1991-11-02,0
1991-11-03,0
1991-11-04,0
1991-11-05,0
1991-11-06,0
1991-11-07,0
1991-11-08,0
1991-11-09,0
1991-11-10,0
1991-11-11,0
1991-11-12,0
1991-11-13,0
1991-11-14,0
1991-11-15,0
1991-11-16,8.475437997724686
1991-11-17,21.530967007963596
1991-11-18,5.9493629124004554
1991-11-19,0
1991-11-20,1.3722866894197951
1991-11-21,1.5072468714448237
1991-11-22,0
1991-11-23,0
1991-11-24,0
1991-11-25,0
1991-11-26,0
1991-11-27,0.23770193401592718
1991-11-28,0
1991-11-29,0
1991-11-30,0
1991-12-01,0
1991-12-02,0
1991-12-03,0
1991-12-04,0
1991-12-05,0
1991-12-06,0
1991-12-07,8.815711035267348
1991-12-08,0
1991-12-09,0
1991-12-10,0
1991-12-11,0
1991-12-12,0
1991-12-13,0
1991-12-14,0
1991-12-15,0
1991-12-16,0
1991-12-17,0
1991-12-18,13.332081911262799
1991-12-19,1.3833788395904436
1991-12-20,0
1991-12-21,0
1991-12-22,0
1991-12-23,0
1991-12-24,0
1991-12-25,0
1991-12-26,0
1991-12-27,0.8504891922639363
1991-12-28,36.48210466439135
1991-12-29,25.196916951080773
1991-12-30,1.647895335608646
1991-12-31,0
1992-01-01,0
1992-01-02,0
1992-01-03,0
1992-01-04,1.2350398179749715
1992-01-05,27.038998862343572
1992-01-06,8.482992036405006
1992-01-07,11.094505119453926
1992-01-08,0
1992-01-09,0
1992-01-10,0
1992-01-11,0
1992-01-12,0
1992-01-13,0
1992-01-14,0
1992-01-15,0
1992-01-16,0
1992-01-17,5.018714448236633
1992-01-18,0.9017747440273037
1992-01-19,0
1992-01-20,0.007315130830489193
1992-01-21,0
1992-01-22,0.007315130830489193
1992-01-23,0
1992-01-24,0
1992-01-25,0.2576222980659841
1992-01-26,0
1992-01-27,0.13324232081911264
1992-01-28,7.9035153583617745
1992-01-29,0.00888509670079636
1992-01-30,0.007315130830489193
1992-01-31,0.40695108077360637
1992-02-01,13.440068259385665
1992-02-02,0.001285551763367463
1992-02-03,0
1992-02-04,0
1992-02-05,0
1992-02-06,0.12252559726962457
1992-02-07,0.6465984072810012
1992-02-08,0.9951308304891923
1992-02-09,0
1992-02-10,30.70608646188851
1992-02-11,28.995676905574516
1992-02-12,30.670386803185437
1992-02-13,12.577007963594994
1992-02-14,12.387053469852106
1992-02-15,33.73069397042093
1992-02-16,17.170204778156997
1992-02-17,2.0347098976109215
1992-02-18,4.393094425483504
1992-02-19,27.730375426621162
1992-02-20,35.808862343572244
1992-02-21,5.009692832764505
1992-02-22,5.3263367463026166
1992-02-23,0
1992-02-24,0
1992-02-25,0
1992-02-26,0
1992-02-27,0
1992-02-28,0
1992-02-29,0
1992-03-01,8.327246871444824
1992-03-02,6.255676905574516
1992-03-03,0
1992-03-04,0.005949943117178612
1992-03-05,21.731820250284414
1992-03-06,11.712571103526734
1992-03-07,1.329283276450512
1992-03-08,0
1992-03-09,0
1992-03-10,0
1992-03-11,0
1992-03-12,0
1992-03-13,0
1992-03-14,20.843151308304893
1992-03-15,24.42089874857793
1992-03-16,16.159283276450513
1992-03-17,1.0381797497155858
1992-03-18,0
1992-03-19,0
1992-03-20,0
1992-03-21,0
1992-03-22,7.317633674630262
1992-03-23,7.475153583617748
1992-03-24,0
1992-03-25,0
1992-03-26,0
1992-03-27,0
1992-03-28,0
1992-03-29,0
1992-03-30,4.084732650739476
1992-03-31,1.3883845278725824
1992-04-01,0
1992-04-02,0
1992-04-03,0
1992-04-04,0
1992-04-05,0
1992-04-06,0
1992-04-07,0
1992-04-08,0
1992-04-09,0
1992-04-10,0
1992-04-11,0.1170193401592719
1992-04-12,30.588361774744026
1992-04-13,7.683435722411832
1992-04-14,0
1992-04-15,0.16349260523321957
1992-04-16,0.3379067121729238
1992-04-17,1.091410693970421
1992-04-18,0
1992-04-19,0
1992-04-20,0
1992-04-21,0
1992-04-22,0
1992-04-23,0
1992-04-24,0
1992-04-25,0
1992-04-26,0
1992-04-27,0
1992-04-28,0
1992-04-29,0
1992-04-30,0.022957906712172925
1992-05-01,0
1992-05-02,0
1992-05-03,0
1992-05-04,0
1992-05-05,0
1992-05-06,0
1992-05-07,0
1992-05-08,0
1992-05-09,0
1992-05-10,0
1992-05-11,0
1992-05-12,0
1992-05-13,0
1992-05-14,0
1992-05-15,0
1992-05-16,0
1992-05-17,0
1992-05-18,0
1992-05-19,0
1992-05-20,0
1992-05-21,0
1992-05-22,0
1992-05-23,0
1992-05-24,0
1992-05-25,0
1992-05-26,0
1992-05-27,0
1992-05-28,0
1992-05-29,0
1992-05-30,0
1992-05-31,0
1992-06-01,0
1992-06-02,0
1992-06-03,0
1992-06-04,0
1992-06-05,0
1992-06-06,0
1992-06-07,0
1992-06-08,0
1992-06-09,0
1992-06-10,0
1992-06-11,0
1992-06-12,0.2169169510807736
1992-06-13,0
1992-06-14,0
1992-06-15,0
1992-06-16,0
1992-06-17,0
1992-06-18,0
1992-06-19,0
1992-06-20,0
1992-06-21,0
1992-06-22,0
1992-06-23,0
1992-06-24,0.19469852104664392
1992-06-25,0
1992-06-26,0
1992-06-27,0
1992-06-28,1.149863481228669
1992-06-29,14.308316268486918
1992-06-30,14.310341296928328
1992-07-01,0
1992-07-02,0
1992-07-03,0
1992-07-04,0
1992-07-05,0
1992-07-06,0
1992-07-07,0
1992-07-08,0
1992-07-09,0
1992-07-10,0
1992-07-11,0
1992-07-12,0
1992-07-13,0
1992-07-14,0
1992-07-15,0
1992-07-16,0
1992-07-17,0
1992-07-18,0
1992-07-19,0
1992-07-20,0
1992-07-21,0
1992-07-22,0
1992-07-23,0
1992-07-24,0
1992-07-25,0
1992-07-26,0
1992-07-27,0
1992-07-28,0
1992-07-29,0
1992-07-30,0
1992-07-31,0
1992-08-01,0
1992-08-02,0
1992-08-03,0
1992-08-04,0
1992-08-05,0
1992-08-06,0
1992-08-07,0
1992-08-08,0
1992-08-09,0
1992-08-10,0
1992-08-11,0
1992-08-12,0
1992-08-13,0
1992-08-14,0
1992-08-15,0
1992-08-16,0
1992-08-17,0
1992-08-18,0
1992-08-19,0
1992-08-20,0
1992-08-21,0
1992-08-22,0
1992-08-23,0
1992-08-24,0
1992-08-25,0
1992-08-26,0
1992-08-27,0
1992-08-28,0
1992-08-29,0
1992-08-30,0
1992-08-31,0
1992-09-01,0
1992-09-02,0
1992-09-03,0
1992-09-04,0
1992-09-05,0
1992-09-06,0
1992-09-07,0
1992-09-08,0
1992-09-09,0
1992-09-10,0
1992-09-11,0
1992-09-12,0
1992-09-13,0
1992-09-14,0
1992-09-15,0
1992-09-16,0
1992-09-17,0
1992-09-18,0
1992-09-19,0
1992-09-20,0
1992-09-21,0
1992-09-22,0
1992-09-23,0
1992-09-24,0
1992-09-25,0
1992-09-26,0
1992-09-27,0
1992-09-28,0
1992-09-29,0
1992-09-30,0.00870307167235495
1992-10-01,1.7141524459613198
1992-10-02,1.6666780432309443
1992-10-03,2.846222980659841
1992-10-04,0
1992-10-05,0
1992-10-06,0
1992-10-07,0
1992-10-08,0
1992-10-09,0
1992-10-10,0
1992-10-11,0
1992-10-12,0
1992-10-13,0
1992-10-14,0
1992-10-15,0
1992-10-16,0
1992-10-17,0
1992-10-18,0
1992-10-19,0
1992-10-20,1.6581342434584756
1992-10-21,26.11848691695108
1992-10-22,0
1992-10-23,0
1992-10-24,0
1992-10-25,0
1992-10-26,0
1992-10-27,0
1992-10-28,0
1992-10-29,37.56315130830489
1992-10-30,14.600409556313993
1992-10-31,3.183845278725825
1992-11-01,6.60032992036405
1992-11-02,0
1992-11-03,0
1992-11-04,0
1992-11-05,0.001217292377701934
1992-11-06,0
1992-11-07,0
1992-11-08,0
1992-11-09,0
1992-11-10,0
1992-11-11,0
1992-11-12,0
1992-11-13,0
1992-11-14,0
1992-11-15,0
1992-11-16,0
1992-11-17,0
1992-11-18,0
1992-11-19,1.4510125142207053
1992-11-20,1.2718316268486918
1992-11-21,0.15321956769055745
1992-11-22,7.547485779294653
1992-11-23,0.13073947667804323
1992-11-24,0
1992-11-25,0
1992-11-26,0
1992-11-27,0.1420136518771331
1992-11-28,0
1992-11-29,0
1992-11-30,0
1992-12-01,0.03796359499431172
1992-12-02,7.00193401592719
1992-12-03,20.82382252559727
1992-12-04,0
1992-12-05,0.036313993174061435
1992-12-06,19.755984072810012
1992-12-07,29.406427758816836
1992-12-08,7.2701706484641635
1992-12-09,59.66911262798635
1992-12-10,25.903321956769055
1992-12-11,24.94108077360637
1992-12-12,2.0615813424345846
1992-12-13,0
1992-12-14,0
1992-12-15,0
1992-12-16,0.04329920364050057
1992-12-17,3.1832992036405003
1992-12-18,1.1701706484641639
1992-12-19,0
1992-12-20,1.3975312855517634
1992-12-21,0.23456200227531285
1992-12-22,0
1992-12-23,0
1992-12-24,0
1992-12-25,0
1992-12-26,0
1992-12-27,0.45985210466439136
1992-12-28,18.761058020477815
1992-12-29,19.788805460750854
1992-12-30,7.037713310580205
1992-12-31,23.171547212741753
1993-01-01,37.71179749715586
1993-01-02,0
1993-01-03,0
1993-01-04,0
1993-01-05,1.399089874857793
1993-01-06,9.712855517633674
1993-01-07,39.070648464163824
1993-01-08,5.9471103526734925
1993-01-09,2.11481228668942
1993-01-10,3.3104550625711036
1993-01-11,1.5459158134243458
1993-01-12,0.1331740614334471
1993-01-13,50.89172923777019
1993-01-14,23.88816837315131
1993-01-15,7.4946075085324235
1993-01-16,28.241058020477816
1993-01-17,1.7970534698521046
1993-01-18,19.534334470989762
1993-01-19,0
1993-01-20,67.18232081911263
1993-01-21,29.809590443686005
1993-01-22,25.163936291240045
1993-01-23,0
1993-01-24,0
1993-01-25,0
1993-01-26,0
1993-01-27,0
1993-01-28,0
1993-01-29,0
1993-01-30,0
1993-01-31,0
1993-02-01,0
1993-02-02,0
1993-02-03,0
1993-02-04,0.05582480091012514
1993-02-05,5.85037542662116
1993-02-06,0.15916951080773606
1993-02-07,4.177417519908987
1993-02-08,18.20344709897611
1993-02-09,5.004459613196815
1993-02-10,3.026473265073948
1993-02-11,16.344220705346984
1993-02-12,0.8000113765642776
1993-02-13,0
1993-02-14,0
1993-02-15,0
1993-02-16,1.241240045506257
1993-02-17,10.028794084186575
1993-02-18,34.904778156996585
1993-02-19,26.933947667804322
1993-02-20,18.04547212741752
1993-02-21,4.387690557451649
1993-02-22,4.775108077360637
1993-02-23,34.277713310580204
1993-02-24,9.271626848691696
1993-02-25,0
1993-02-26,0
1993-02-27,0
1993-02-28,0
1993-03-01,0
1993-03-02,1.1636632536973834
1993-03-03,9.143924914675768
1993-03-04,0
1993-03-05,0
1993-03-06,0
1993-03-07,0
1993-03-08,0
1993-03-09,0
1993-03-10,0.0870193401592719
1993-03-11,0
1993-03-12,0
1993-03-13,0
1993-03-14,1.239476678043231
1993-03-15,0.9848464163822526
1993-03-16,0
1993-03-17,37.45562002275313
1993-03-18,5.228532423208192
1993-03-19,0
1993-03-20,0.005426621160409557
1993-03-21,0
1993-03-22,0.08046643913538111
1993-03-23,3.262207053469852
1993-03-24,13.49967007963595
1993-03-25,0
1993-03-26,0.6199317406143344
1993-03-27,0.36838452787258247
1993-03-28,8.041717861205916
1993-03-29,0
1993-03-30,0
1993-03-31,0.2439476678043231
1993-04-01,7.44032992036405
1993-04-02,0.03519908987485779
1993-04-03,0
1993-04-04,0.16772468714448235
1993-04-05,0
1993-04-06,0
1993-04-07,0
1993-04-08,0.02820250284414107
1993-04-09,4.043378839590444
1993-04-10,0
1993-04-11,0
1993-04-12,0
1993-04-13,0
1993-04-14,0
1993-04-15,0
1993-04-16,0.6390102389078498
1993-04-17,16.543151308304893
1993-04-18,12.802821387940842
1993-04-19,0
1993-04-20,0
1993-04-21,0
1993-04-22,0
1993-04-23,0.44043230944254835
1993-04-24,5.8678498293515355
1993-04-25,0
1993-04-26,0
1993-04-27,0
1993-04-28,0
1993-04-29,0
1993-04-30,0
1993-05-01,0
1993-05-02,0.0036746302616609784
1993-05-03,1.489806598407281
1993-05-04,2.1056996587030716
1993-05-05,0
1993-05-06,0
1993-05-07,0
1993-05-08,0
1993-05-09,0
1993-05-10,0
1993-05-11,0
1993-05-12,0
1993-05-13,0.5466780432309443
1993-05-14,0
1993-05-15,0
1993-05-16,0
1993-05-17,0
1993-05-18,0
1993-05-19,0.789749715585893
1993-05-20,2.785881683731513
1993-05-21,0.1529692832764505
1993-05-22,0
1993-05-23,0
1993-05-24,0.20795221843003414
1993-05-25,7.816689419795222
1993-05-26,7.331478953356086
1993-05-27,16.5672582480091
1993-05-28,2.840443686006826
1993-05-29,0
1993-05-30,3.557144482366325
1993-05-31,8.195506257110353
1993-06-01,0.5928782707622298
1993-06-02,0
1993-06-03,0.10614334470989761
1993-06-04,6.402207053469852
1993-06-05,23.280807736063707
1993-06-06,1.888452787258248
1993-06-07,0
1993-06-08,0
1993-06-09,0
1993-06-10,0
1993-06-11,0
1993-06-12,0
1993-06-13,0
1993-06-14,0
1993-06-15,0
1993-06-16,0
1993-06-17,0
1993-06-18,0
1993-06-19,0
1993-06-20,0
1993-06-21,0
1993-06-22,0
1993-06-23,0
1993-06-24,0
1993-06-25,0
1993-06-26,0
1993-06-27,0
1993-06-28,0
1993-06-29,0
1993-06-30,0
1993-07-01,0
1993-07-02,0
1993-07-03,0
1993-07-04,0
1993-07-05,0
1993-07-06,0
1993-07-07,0
1993-07-08,0
1993-07-09,0
1993-07-10,0
1993-07-11,0
1993-07-12,0
1993-07-13,0
1993-07-14,0
1993-07-15,0
1993-07-16,0
1993-07-17,0
1993-07-18,0
1993-07-19,0
1993-07-20,0
1993-07-21,0
1993-07-22,0
1993-07-23,0
1993-07-24,0
1993-07-25,0
1993-07-26,0
1993-07-27,0
1993-07-28,0.0034129692832764505
1993-07-29,0
1993-07-30,0
1993-07-31,0
1993-08-01,0
1993-08-02,0
1993-08-03,0
1993-08-04,0
1993-08-05,0
1993-08-06,0
1993-08-07,0
1993-08-08,0
1993-08-09,0
1993-08-10,0
1993-08-11,0
1993-08-12,0
1993-08-13,0
1993-08-14,0
1993-08-15,0
1993-08-16,0
1993-08-17,0
1993-08-18,0
1993-08-19,0
1993-08-20,0
1993-08-21,0
1993-08-22,0
1993-08-23,0
1993-08-24,0
1993-08-25,0
1993-08-26,0
1993-08-27,0
1993-08-28,0
1993-08-29,0
1993-08-30,0
1993-08-31,0
1993-09-01,0
1993-09-02,0
1993-09-03,0
1993-09-04,0
1993-09-05,0
1993-09-06,0
1993-09-07,0
1993-09-08,0
1993-09-09,0
1993-09-10,0
1993-09-11,0
1993-09-12,0
1993-09-13,0
1993-09-14,0
1993-09-15,0
1993-09-16,0
1993-09-17,0
1993-09-18,0
1993-09-19,0
1993-09-20,0
1993-09-21,0
1993-09-22,0
1993-09-23,0
1993-09-24,0
1993-09-25,0
1993-09-26,0
1993-09-27,0
1993-09-28,0
1993-09-29,0
1993-09-30,0
1993-10-01,0
1993-10-02,0
1993-10-03,0
1993-10-04,0
1993-10-05,0
1993-10-06,0.070386803185438
1993-10-07,0
1993-10-08,0
1993-10-09,0
1993-10-10,2.000409556313993
1993-10-11,0.6495221843003413
1993-10-12,0.030523321956769055
1993-10-13,0
1993-10-14,12.504425483503981
1993-10-15,25.782468714448235
1993-10-16,2.827098976109215
1993-10-17,0.0034243458475540388
1993-10-18,0
1993-10-19,0
1993-10-20,0
1993-10-21,0
1993-10-22,0
1993-10-23,0
1993-10-24,0
1993-10-25,0
1993-10-26,0
1993-10-27,0
1993-10-28,0
1993-10-29,0
1993-10-30,0
1993-10-31,0
1993-11-01,0
1993-11-02,0
1993-11-03,0
1993-11-04,0
1993-11-05,0
1993-11-06,0
1993-11-07,0
1993-11-08,0
1993-11-09,0
1993-11-10,5.403720136518771
1993-11-11,13.640648464163823
1993-11-12,0
1993-11-13,0
1993-11-14,0
1993-11-15,0
1993-11-16,0
1993-11-17,0
1993-11-18,0
1993-11-19,0
1993-11-20,0
1993-11-21,0
1993-11-22,0.3341410693970421
1993-11-23,0
1993-11-24,0
1993-11-25,0
1993-11-26,0
1993-11-27,0
1993-11-28,4.71070534698521
1993-11-29,33.4262457337884
1993-11-30,31.76523321956769
1993-12-01,0
1993-12-02,0
1993-12-03,0
1993-12-04,0.1800113765642776
1993-12-05,0
1993-12-06,0.06400455062571103
1993-12-07,2.2732992036405006
1993-12-08,30.187610921501708
1993-12-09,12.892025028441411
1993-12-10,2.9559613196814563
1993-12-11,22.32920364050057
1993-12-12,9.140227531285552
1993-12-13,15.557064846416383
1993-12-14,18.69904436860068
1993-12-15,2.3145733788395906
1993-12-16,0
1993-12-17,0
1993-12-18,0
1993-12-19,0
1993-12-20,0
1993-12-21,0
1993-12-22,0
1993-12-23,0
1993-12-24,0
1993-12-25,0
1993-12-26,0
1993-12-27,0.577098976109215
1993-12-28,0
1993-12-29,0
1993-12-30,0
1993-12-31,0
1994-01-01,0.7928896473265074
1994-01-02,1.4973151308304893
1994-01-03,0.11113765642775882
1994-01-04,1.389863481228669
1994-01-05,3.3618088737201366
1994-01-06,0
1994-01-07,0
1994-01-08,2.35901023890785
1994-01-09,2.3293401592719
1994-01-10,0
1994-01-11,0
1994-01-12,0
1994-01-13,0
1994-01-14,0
1994-01-15,0
1994-01-16,0
1994-01-17,0
1994-01-18,0
1994-01-19,0
1994-01-20,0
1994-01-21,0
1994-01-22,3.103230944254835
1994-01-23,29.760102389078497
1994-01-24,21.159920364050055
1994-01-25,17.35706484641638
1994-01-26,8.257019340159271
1994-01-27,2.9159044368600684
1994-01-28,0
1994-01-29,0
1994-01-30,0
1994-01-31,0
1994-02-01,0
1994-02-02,0
1994-02-03,0
1994-02-04,0
1994-02-05,0
1994-02-06,23.414118316268485
1994-02-07,34.96369738339022
1994-02-08,1.8723435722411832
1994-02-09,0.11671217292377702
1994-02-10,1.3774516496018203
1994-02-11,0.8353697383390216
1994-02-12,0
1994-02-13,0
1994-02-14,0
1994-02-15,0
1994-02-16,0.178452787258248
1994-02-17,28.427713310580206
1994-02-18,13.26419795221843
1994-02-19,3.3734357224118314
1994-02-20,32.076029579067125
1994-02-21,6.623333333333333
1994-02-22,3.142741751990899
1994-02-23,0
1994-02-24,0
1994-02-25,0
1994-02-26,3.2690102389078497
1994-02-27,0.7978043230944255
1994-02-28,0
1994-03-01,0
1994-03-02,0
1994-03-03,0
1994-03-04,0
1994-03-05,0
1994-03-06,1.1300910125142207
1994-03-07,0
1994-03-08,0
1994-03-09,0
1994-03-10,0.00968145620022753
1994-03-11,0
1994-03-12,0
1994-03-13,0
1994-03-14,0
1994-03-15,0
1994-03-16,2.2713196814562
1994-03-17,0
1994-03-18,0
1994-03-19,0
1994-03-20,0
1994-03-21,0.18036405005688283
1994-03-22,0.2603071672354949
1994-03-23,0
1994-03-24,0.5586348122866894
1994-03-25,6.038339021615472
1994-03-26,0
1994-03-27,0
1994-03-28,0
1994-03-29,0
1994-03-30,0
1994-03-31,0
1994-04-01,0
1994-04-02,0
1994-04-03,0
1994-04-04,0
1994-04-05,0
1994-04-06,0
1994-04-07,0
1994-04-08,0.17071672354948805
1994-04-09,14.35547212741752
1994-04-10,0
1994-04-11,0
1994-04-12,0
1994-04-13,0
1994-04-14,0
1994-04-15,0
1994-04-16,0
1994-04-17,0
1994-04-18,0
1994-04-19,0
1994-04-20,0
1994-04-21,0
1994-04-22,0
1994-04-23,0.6086803185437998
1994-04-24,13.152161547212742
1994-04-25,14.613811149032992
1994-04-26,6.286348122866894
1994-04-27,0
1994-04-28,0
1994-04-29,0
1994-04-30,0
1994-05-01,0
1994-05-02,0
1994-05-03,0
1994-05-04,0
1994-05-05,0.994584755403868
1994-05-06,0
1994-05-07,19.375961319681455
1994-05-08,0.2917861205915813
1994-05-09,0
1994-05-10,0
1994-05-11,0
1994-05-12,0
1994-05-13,0
1994-05-14,0
1994-05-15,0.1202844141069397
1994-05-16,0
1994-05-17,5.673299203640501
1994-05-18,1.1236518771331059
1994-05-19,0.2618998862343572
1994-05-20,0
1994-05-21,0
1994-05-22,0
1994-05-23,0
1994-05-24,0
1994-05-25,0
1994-05-26,0
1994-05-27,0
1994-05-28,0
1994-05-29,0
1994-05-30,0
1994-05-31,0
1994-06-01,0
1994-06-02,0
1994-06-03,0
1994-06-04,0
1994-06-05,0
1994-06-06,0.5241410693970421
1994-06-07,0
1994-06-08,0
1994-06-09,0
1994-06-10,0
1994-06-11,0
1994-06-12,0
1994-06-13,0
1994-06-14,0
1994-06-15,0
1994-06-16,0
1994-06-17,0
1994-06-18,0
1994-06-19,0
1994-06-20,0
1994-06-21,0
1994-06-22,0
1994-06-23,0
1994-06-24,0
1994-06-25,0
1994-06-26,0
1994-06-27,0
1994-06-28,0
1994-06-29,0
1994-06-30,0
1994-07-01,0
1994-07-02,0
1994-07-03,0
1994-07-04,0
1994-07-05,0
1994-07-06,0
1994-07-07,0
1994-07-08,0
1994-07-09,0
1994-07-10,0
1994-07-11,0
1994-07-12,0
1994-07-13,0
1994-07-14,0
1994-07-15,0
1994-07-16,0
1994-07-17,0
1994-07-18,0
1994-07-19,0
1994-07-20,0
1994-07-21,0
1994-07-22,0.180773606370876
1994-07-23,0
1994-07-24,0
1994-07-25,0
1994-07-26,0
1994-07-27,0
1994-07-28,0
1994-07-29,0
1994-07-30,0
1994-07-31,0
1994-08-01,0
1994-08-02,0
1994-08-03,0
1994-08-04,0
1994-08-05,0
1994-08-06,0
1994-08-07,0
1994-08-08,0
1994-08-09,0
1994-08-10,0
1994-08-11,0
1994-08-12,0
1994-08-13,0
1994-08-14,0
1994-08-15,0
1994-08-16,0
1994-08-17,0
1994-08-18,0
1994-08-19,0
1994-08-20,0
1994-08-21,0
1994-08-22,0
1994-08-23,0
1994-08-24,0
1994-08-25,0
1994-08-26,0
1994-08-27,0
1994-08-28,0
1994-08-29,0
1994-08-30,0
1994-08-31,0
1994-09-01,0
1994-09-02,0
1994-09-03,0
1994-09-04,0
1994-09-05,0
1994-09-06,0
1994-09-07,0
1994-09-08,0
1994-09-09,0
1994-09-10,0
1994-09-11,0
1994-09-12,0
1994-09-13,0
1994-09-14,0
1994-09-15,0
1994-09-16,0
1994-09-17,0
1994-09-18,0
1994-09-19,0
1994-09-20,0
1994-09-21,0
1994-09-22,0
1994-09-23,0
1994-09-24,0.2214334470989761
1994-09-25,0
1994-09-26,0
1994-09-27,0
1994-09-28,0
1994-09-29,0
1994-09-30,0
1994-10-01,0
1994-10-02,0
1994-10-03,0
1994-10-04,0
1994-10-05,27.877508532423207
1994-10-06,0
1994-10-07,0
1994-10-08,0
1994-10-09,0
1994-10-10,0
1994-10-11,0
1994-10-12,0
1994-10-13,0
1994-10-14,0
1994-10-15,0
1994-10-16,0
1994-10-17,0
1994-10-18,0
1994-10-19,0
1994-10-20,0
1994-10-21,0
1994-10-22,0
1994-10-23,0
1994-10-24,0
1994-10-25,0
1994-10-26,0
1994-10-27,0.06055745164960182
1994-10-28,0
1994-10-29,0
1994-10-30,0
1994-10-31,0
1994-11-01,0
1994-11-02,0.5803185437997724
1994-11-03,0
1994-11-04,0
1994-11-05,54.28960182025028
1994-11-06,47.107519908987484
1994-11-07,5.446245733788396
1994-11-08,0
1994-11-09,14.344323094425484
1994-11-10,16.693503981797498
1994-11-11,0
1994-11-12,0
1994-11-13,0
1994-11-14,0
1994-11-15,16.495779294653016
1994-11-16,8.901285551763367
1994-11-17,1.1653924914675768
1994-11-18,0.31715585893060294
1994-11-19,0
1994-11-20,0
1994-11-21,0.21443686006825938
1994-11-22,0
1994-11-23,0
1994-11-24,0
1994-11-25,20.153412969283277
1994-11-26,8.868987485779295
1994-11-27,2.0960409556313992
1994-11-28,4.06481228668942
1994-11-29,0
1994-11-30,0
1994-12-01,0
1994-12-02,0.496712172923777
1994-12-03,19.675870307167237
1994-12-04,28.597952218430034
1994-12-05,0
1994-12-06,2.347872582480091
1994-12-07,0.38337883959044367
1994-12-08,0
1994-12-09,0
1994-12-10,0
1994-12-11,1.178339021615472
1994-12-12,13.434755403868031
1994-12-13,4.007610921501707
1994-12-14,6.193344709897611
1994-12-15,11.164277588168373
1994-12-16,0
1994-12-17,0
1994-12-18,2.1832423208191125
1994-12-19,0.005324232081911263
1994-12-20,0
1994-12-21,0
1994-12-22,0.0015244596131968146
1994-12-23,0.10141069397042093
1994-12-24,9.045824800910125
1994-12-25,0
1994-12-26,0
1994-12-27,0
1994-12-28,7.284937428896473
1994-12-29,0
1994-12-30,0.16284414106939704
1994-12-31,1.7038111490329921
1995-01-01,9.537554038680318
1995-01-02,2.795915813424346
1995-01-03,13.403515358361775
1995-01-04,15.921114903299204
1995-01-05,16.97112627986348
1995-01-06,3.8212514220705347
1995-01-07,35.11898748577929
1995-01-08,51.0412172923777
1995-01-09,97.80492605233219
1995-01-10,57.17843003412969
1995-01-11,13.925824800910124
1995-01-12,23.256507394766782
1995-01-13,32.47221843003413
1995-01-14,47.16575654152446
1995-01-15,13.998794084186576
1995-01-16,0.8198862343572241
1995-01-17,0
1995-01-18,0
1995-01-19,0
1995-01-20,0
1995-01-21,11.604755403868031
1995-01-22,17.0659385665529
1995-01-23,36.475301478953355
1995-01-24,20.469829351535836
1995-01-25,2.5605915813424347
1995-01-26,3.7766439135381114
1995-01-27,31.268998862343572
1995-01-28,15.786234357224119
1995-01-29,3.442150170648464
1995-01-30,15.008339021615472
1995-01-31,8.168339021615472
1995-02-01,0
1995-02-02,0
1995-02-03,0
1995-02-04,0
1995-02-05,0
1995-02-06,0
1995-02-07,0
1995-02-08,10.833344709897611
1995-02-09,1.018009101251422
1995-02-10,0
1995-02-11,0.07877133105802048
1995-02-12,0
1995-02-13,4.648213879408418
1995-02-14,4.465199089874858
1995-02-15,0
1995-02-16,0
1995-02-17,0
1995-02-18,0
1995-02-19,0
1995-02-20,0
1995-02-21,0
1995-02-22,0
1995-02-23,0.12676905574516495
1995-02-24,0
1995-02-25,0
1995-02-26,0
1995-02-27,0
1995-02-28,0
1995-03-01,0.242127417519909
1995-03-02,8.915631399317407
1995-03-03,14.021262798634812
1995-03-04,0
1995-03-05,1.3226052332195677
1995-03-06,0
1995-03-07,0.0464391353811149
1995-03-08,4.269294653014789
1995-03-09,138.06623435722412
1995-03-10,25.389601820250284
1995-03-11,24.91056882821388
1995-03-12,6.48028441410694
1995-03-13,17.201672354948805
1995-03-14,36.63439135381115
1995-03-15,16.068646188850966
1995-03-16,0
1995-03-17,0
1995-03-18,8.175881683731513
1995-03-19,0.08431171786120592
1995-03-20,19.391365187713312
1995-03-21,10.637417519908988
1995-03-22,24.626632536973833
1995-03-23,17.480398179749717
1995-03-24,4.356689419795222
1995-03-25,0
1995-03-26,0
1995-03-27,0
1995-03-28,0
1995-03-29,0
1995-03-30,0
1995-03-31,0
1995-04-01,0
1995-04-02,0
1995-04-03,0
1995-04-04,0
1995-04-05,0
1995-04-06,3.9467463026166096
1995-04-07,18.589408418657566
1995-04-08,5.986734926052332
1995-04-09,2.5595221843003415
1995-04-10,0
1995-04-11,0
1995-04-12,0
1995-04-13,8.634914675767918
1995-04-14,0.040875995449374286
1995-04-15,0
1995-04-16,6.798418657565415
1995-04-17,0.002275312855517634
1995-04-18,0.8161433447098976
1995-04-19,0
1995-04-20,2.79386803185438
1995-04-21,0
1995-04-22,0
1995-04-23,0
1995-04-24,0
1995-04-25,0
1995-04-26,0
1995-04-27,3.235961319681456
1995-04-28,3.3646302616609782
1995-04-29,14.66028441410694
1995-04-30,1.2574402730375427
1995-05-01,37.12908987485779
1995-05-02,0.21566552901023892
1995-05-03,0
1995-05-04,0
1995-05-05,0.009943117178612059
1995-05-06,0
1995-05-07,0
1995-05-08,0
1995-05-09,0.6120819112627987
1995-05-10,3.951023890784983
1995-05-11,0
1995-05-12,0.28187713310580204
1995-05-13,11.659601820250284
1995-05-14,0.6812514220705347
1995-05-15,1.1823890784982936
1995-05-16,0
1995-05-17,0
1995-05-18,0
1995-05-19,0
1995-05-20,0
1995-05-21,0
1995-05-22,0
1995-05-23,0
1995-05-24,0
1995-05-25,0
1995-05-26,0
1995-05-27,0
1995-05-28,0
1995-05-29,0
1995-05-30,0
1995-05-31,0
1995-06-01,0
1995-06-02,0
1995-06-03,0
1995-06-04,0
1995-06-05,0
1995-06-06,0
1995-06-07,0
1995-06-08,0
1995-06-09,0
1995-06-10,0
1995-06-11,0
1995-06-12,0
1995-06-13,0
1995-06-14,1.7148691695108078
1995-06-15,11.724095563139931
1995-06-16,6.369169510807736
1995-06-17,0.14242320819112628
1995-06-18,0
1995-06-19,0
1995-06-20,0
1995-06-21,0
1995-06-22,0
1995-06-23,0
1995-06-24,0
1995-06-25,0
1995-06-26,0
1995-06-27,0
1995-06-28,0
1995-06-29,0
1995-06-30,0
1995-07-01,0
1995-07-02,0
1995-07-03,0
1995-07-04,0
1995-07-05,0
1995-07-06,0
1995-07-07,0
1995-07-08,0
1995-07-09,0
1995-07-10,0
1995-07-11,0
1995-07-12,0
1995-07-13,0
1995-07-14,0
1995-07-15,0
1995-07-16,0
1995-07-17,0
1995-07-18,0
1995-07-19,0
1995-07-20,0
1995-07-21,0
1995-07-22,0
1995-07-23,0
1995-07-24,0
1995-07-25,0
1995-07-26,0
1995-07-27,0
1995-07-28,0
1995-07-29,0
1995-07-30,0
1995-07-31,0
1995-08-01,0
1995-08-02,0
1995-08-03,0
1995-08-04,0
1995-08-05,0
1995-08-06,0
1995-08-07,0
1995-08-08,0
1995-08-09,0
1995-08-10,0
1995-08-11,0
1995-08-12,0
1995-08-13,0
1995-08-14,0
1995-08-15,0
1995-08-16,0
1995-08-17,0
1995-08-18,0
1995-08-19,0
1995-08-20,0
1995-08-21,0
1995-08-22,0
1995-08-23,0
1995-08-24,0
1995-08-25,0
1995-08-26,0
1995-08-27,0
1995-08-28,0
1995-08-29,0
1995-08-30,0
1995-08-31,0
1995-09-01,0
1995-09-02,0
1995-09-03,0
1995-09-04,0
1995-09-05,0
1995-09-06,0
1995-09-07,0
1995-09-08,0
1995-09-09,0
1995-09-10,0
1995-09-11,0
1995-09-12,0
1995-09-13,0
1995-09-14,0
1995-09-15,0
1995-09-16,0
1995-09-17,0
1995-09-18,0
1995-09-19,0
1995-09-20,0
1995-09-21,0
1995-09-22,0
1995-09-23,0
1995-09-24,0
1995-09-25,0
1995-09-26,0
1995-09-27,0
1995-09-28,0
1995-09-29,0
1995-09-30,0
1995-10-01,0
1995-10-02,0
1995-10-03,0
1995-10-04,0
1995-10-05,0
1995-10-06,0
1995-10-07,0
1995-10-08,0
1995-10-09,0
1995-10-10,0
1995-10-11,0
1995-10-12,0
1995-10-13,0
1995-10-14,0
1995-10-15,0
1995-10-16,0
1995-10-17,0
1995-10-18,0
1995-10-19,0
1995-10-20,0
1995-10-21,0
1995-10-22,0
1995-10-23,0
1995-10-24,0
1995-10-25,0
1995-10-26,0
1995-10-27,0
1995-10-28,0
1995-10-29,0
1995-10-30,0
1995-10-31,0
1995-11-01,5.154129692832765
1995-11-02,0
1995-11-03,0
1995-11-04,0
1995-11-05,0
1995-11-06,0
1995-11-07,0
1995-11-08,0
1995-11-09,0.001558589306029579
1995-11-10,0
1995-11-11,0
1995-11-12,0
1995-11-13,0
1995-11-14,0
1995-11-15,0
1995-11-16,0
1995-11-17,0
1995-11-18,0
1995-11-19,0
1995-11-20,0
1995-11-21,3.844755403868032
1995-11-22,0.20920364050056883
1995-11-23,0
1995-11-24,0
1995-11-25,0
1995-11-26,0.09783845278725825
1995-11-27,0
1995-11-28,0
1995-11-29,0
1995-11-30,0
1995-12-01,0
1995-12-02,1.6667918088737201
1995-12-03,0
1995-12-04,12.029089874857792
1995-12-05,0.814118316268487
1995-12-06,0.35840728100113767
1995-12-07,1.9219795221843003
1995-12-08,0.0039817974971558595
1995-12-09,0.003367463026166098
1995-12-10,0
1995-12-11,51.76712172923777
1995-12-12,130.1309670079636
1995-12-13,18.0427417519909
1995-12-14,5.305392491467577
1995-12-15,14.973833902161548
1995-12-16,0.9210466439135381
1995-12-17,0
1995-12-18,6.271706484641638
1995-12-19,0.3396700796359499
1995-12-20,0
1995-12-21,0
1995-12-22,10.105733788395904
1995-12-23,1.7937997724687145
1995-12-24,0
1995-12-25,0
1995-12-26,0
1995-12-27,0
1995-12-28,1.3807167235494882
1995-12-29,5.144891922639363
1995-12-30,22.26056882821388
1995-12-31,0.005881683731513083
1996-01-01,0
1996-01-02,0
1996-01-03,0
1996-01-04,0
1996-01-05,0
1996-01-06,0
1996-01-07,0
1996-01-08,0.03811149032992037
1996-01-09,0
1996-01-10,1.0287030716723549
1996-01-11,0
1996-01-12,0.0015017064846416382
1996-01-13,0
1996-01-14,0
1996-01-15,5.362662116040956
1996-01-16,47.47448236632537
1996-01-17,14.048418657565415
1996-01-18,1.6638452787258249
1996-01-19,35.83409556313993
1996-01-20,0.40928327645051193
1996-01-21,17.119852104664393
1996-01-22,1.5120250284414107
1996-01-23,1.2451990898748577
1996-01-24,11.534209328782708
1996-01-25,28.943174061433446
1996-01-26,0
1996-01-27,36.169795221843
1996-01-28,11.204118316268486
1996-01-29,0
1996-01-30,0.8730261660978385
1996-01-31,32.73309442548351
1996-02-01,1.5392718998862343
1996-02-02,0
1996-02-03,2.0518202502844143
1996-02-04,86.66684869169511
1996-02-05,29.580489192263936
1996-02-06,0.12556313993174062
1996-02-07,0
1996-02-08,0.07891922639362912
1996-02-09,0
1996-02-10,0
1996-02-11,0
1996-02-12,0
1996-02-13,0
1996-02-14,0
1996-02-15,0
1996-02-16,12.9619795221843
1996-02-17,4.575130830489193
1996-02-18,5.441672354948805
1996-02-19,26.495108077360637
1996-02-20,17.415119453924916
1996-02-21,26.42590443686007
1996-02-22,7.294220705346985
1996-02-23,0
1996-02-24,5.576609783845279
1996-02-25,0.1744368600682594
1996-02-26,0
1996-02-27,8.04212741751991
1996-02-28,10.923321956769056
1996-02-29,30.002650739476678
1996-03-01,0.8993060295790671
1996-03-02,0
1996-03-03,0.21705346985210466
1996-03-04,12.43910125142207
1996-03-05,17.33816837315131
1996-03-06,1.1746075085324232
1996-03-07,0
1996-03-08,0
1996-03-09,0
1996-03-10,5.221456200227531
1996-03-11,12.085813424345847
1996-03-12,26.536916951080773
1996-03-13,2.5572241183162685
1996-03-14,0
1996-03-15,0
1996-03-16,0
1996-03-17,0
1996-03-18,0
1996-03-19,0
1996-03-20,0
1996-03-21,0
1996-03-22,0
1996-03-23,0
1996-03-24,0
1996-03-25,0
1996-03-26,0
1996-03-27,0.0010238907849829352
1996-03-28,1.4127417519908987
1996-03-29,0
1996-03-30,0.0038225255972696246
1996-03-31,1.902400455062571
1996-04-01,33.13134243458475
1996-04-02,33.198907849829354
1996-04-03,0
1996-04-04,0
1996-04-05,0
1996-04-06,0
1996-04-07,0
1996-04-08,0
1996-04-09,2.041797497155859
1996-04-10,0.004732650739476678
1996-04-11,0
1996-04-12,0.049419795221843005
1996-04-13,0
1996-04-14,0
1996-04-15,0
1996-04-16,11.023902161547213
1996-04-17,0
1996-04-18,18.28924914675768
1996-04-19,0.05511945392491468
1996-04-20,4.466837315130831
1996-04-21,0.0775085324232082
1996-04-22,0.5405460750853243
1996-04-23,0.03864618885096701
1996-04-24,2.8791581342434585
1996-04-25,0.26879408418657563
1996-04-26,0
1996-04-27,0
1996-04-28,0
1996-04-29,0
1996-04-30,0
1996-05-01,0
1996-05-02,0
1996-05-03,0
1996-05-04,0
1996-05-05,0
1996-05-06,0
1996-05-07,0
1996-05-08,0
1996-05-09,0
1996-05-10,0
1996-05-11,0
1996-05-12,0
1996-05-13,0
1996-05-14,0
1996-05-15,0.8537087599544937
1996-05-16,51.41786120591581
1996-05-17,4.426450511945393
1996-05-18,19.116587030716722
1996-05-19,1.5654493742889648
1996-05-20,0
1996-05-21,4.580227531285551
1996-05-22,14.13448236632537
1996-05-23,0
1996-05-24,0
1996-05-25,0
1996-05-26,0
1996-05-27,0
1996-05-28,0
1996-05-29,0
1996-05-30,0
1996-05-31,0
1996-06-01,0
1996-06-02,0
1996-06-03,0
1996-06-04,0
1996-06-05,0
1996-06-06,0
1996-06-07,0
1996-06-08,0
1996-06-09,0
1996-06-10,0
1996-06-11,0
1996-06-12,0
1996-06-13,0
1996-06-14,0
1996-06-15,0
1996-06-16,0
1996-06-17,0
1996-06-18,0
1996-06-19,0
1996-06-20,0
1996-06-21,0
1996-06-22,0
1996-06-23,0
1996-06-24,0
1996-06-25,0
1996-06-26,0
1996-06-27,0
1996-06-28,0
1996-06-29,0
1996-06-30,0
1996-07-01,0
1996-07-02,0
1996-07-03,0
1996-07-04,0
1996-07-05,0
1996-07-06,0
1996-07-07,0
1996-07-08,0
1996-07-09,0
1996-07-10,0
1996-07-11,0
1996-07-12,0
1996-07-13,0
1996-07-14,0
1996-07-15,0
1996-07-16,0
1996-07-17,0
1996-07-18,0
1996-07-19,0
1996-07-20,0
1996-07-21,0
1996-07-22,0
1996-07-23,0
1996-07-24,0
1996-07-25,0
1996-07-26,0
1996-07-27,0
1996-07-28,0
1996-07-29,0
1996-07-30,0
1996-07-31,0
1996-08-01,0
1996-08-02,0
1996-08-03,0
1996-08-04,0
1996-08-05,0
1996-08-06,0
1996-08-07,0
1996-08-08,0
1996-08-09,0
1996-08-10,0
1996-08-11,0
1996-08-12,0
1996-08-13,0
1996-08-14,0
1996-08-15,0
1996-08-16,0
1996-08-17,0
1996-08-18,0
1996-08-19,0
1996-08-20,0
1996-08-21,0
1996-08-22,0
1996-08-23,0
1996-08-24,0
1996-08-25,0
1996-08-26,0
1996-08-27,0
1996-08-28,0
1996-08-29,0
1996-08-30,0
1996-08-31,0
1996-09-01,0
1996-09-02,0
1996-09-03,0
1996-09-04,0
1996-09-05,0
1996-09-06,0
1996-09-07,0
1996-09-08,0
1996-09-09,0
1996-09-10,0
1996-09-11,0
1996-09-12,0
1996-09-13,0
1996-09-14,0
1996-09-15,2.081513083048919
1996-09-16,6.02957906712173e-4
1996-09-17,0
1996-09-18,0
1996-09-19,0
1996-09-20,0
1996-09-21,0
1996-09-22,0
1996-09-23,0
1996-09-24,0
1996-09-25,0
1996-09-26,0
1996-09-27,0
1996-09-28,0
1996-09-29,0
1996-09-30,0
1996-10-01,0
1996-10-02,1.49646188850967
1996-10-03,0
1996-10-04,0
1996-10-05,0
1996-10-06,0
1996-10-07,0
1996-10-08,0
1996-10-09,0
1996-10-10,0
1996-10-11,0
1996-10-12,0
1996-10-13,0
1996-10-14,0
1996-10-15,0
1996-10-16,0
1996-10-17,0.07411831626848692
1996-10-18,4.799226393629124
1996-10-19,0.8204323094425483
1996-10-20,0
1996-10-21,0
1996-10-22,0
1996-10-23,0
1996-10-24,1.7744709897610922
1996-10-25,0.708646188850967
1996-10-26,0.07185437997724688
1996-10-27,0
1996-10-28,0
1996-10-29,19.534641638225256
1996-10-30,5.742559726962457
1996-10-31,0
1996-11-01,0
1996-11-02,0
1996-11-03,0
1996-11-04,0
1996-11-05,0
1996-11-06,0
1996-11-07,0
1996-11-08,0
1996-11-09,0
1996-11-10,0
1996-11-11,0
1996-11-12,0
1996-11-13,0
1996-11-14,0
1996-11-15,0
1996-11-16,0
1996-11-17,32.9883731513083
1996-11-18,20.392480091012516
1996-11-19,6.539590443686007
1996-11-20,25.99425483503982
1996-11-21,0.020091012514220706
1996-11-22,16.8086803185438
1996-11-23,2.7048577929465303
1996-11-24,0.055335608646188854
1996-11-25,1.108646188850967
1996-11-26,0
1996-11-27,0
1996-11-28,0.022445961319681455
1996-11-29,0
1996-11-30,0
1996-12-01,6.055255972696246
1996-12-02,0
1996-12-03,0
1996-12-04,0.026075085324232083
1996-12-05,51.76993174061433
1996-12-06,3.327701934015927
1996-12-07,0.059306029579067124
1996-12-08,3.516029579067122
1996-12-09,22.703151308304893
1996-12-10,52.40276450511946
1996-12-11,6.3071331058020474
1996-12-12,14.782081911262798
1996-12-13,5.168316268486917
1996-12-14,0
1996-12-15,0
1996-12-16,0
1996-12-17,0
1996-12-18,0
1996-12-19,0
1996-12-20,0
1996-12-21,27.058589306029578
1996-12-22,20.00184300341297
1996-12-23,10.980125142207054
1996-12-24,0
1996-12-25,0
1996-12-26,6.184709897610921
1996-12-27,32.11871444823663
1996-12-28,9.626393629124005
1996-12-29,11.75108077360637
1996-12-30,41.083367463026164
1996-12-31,41.784072810011374
1997-01-01,77.99031854379977
1997-01-02,33.422992036405006
1997-01-03,7.669806598407281
1997-01-04,0
1997-01-05,0
1997-01-06,0
1997-01-07,0
1997-01-08,0
1997-01-09,0
1997-01-10,0
1997-01-11,0
1997-01-12,4.480830489192264
1997-01-13,0.17193401592719
1997-01-14,0
1997-01-15,5.548941979522184
1997-01-16,0.9773492605233219
1997-01-17,0.03633674630261661
1997-01-18,0
1997-01-19,0
1997-01-20,6.320125142207053
1997-01-21,7.148839590443686
1997-01-22,22.76650739476678
1997-01-23,65.9027417519909
1997-01-24,0
1997-01-25,70.73448236632537
1997-01-26,35.34117178612059
1997-01-27,1.7792605233219567
1997-01-28,1.6868828213879408
1997-01-29,0
1997-01-30,0.010580204778156996
1997-01-31,0.009237770193401593
1997-02-01,1.4866325369738338
1997-02-02,0
1997-02-03,0
1997-02-04,8.335039817974971
1997-02-05,0
1997-02-06,0.0129806598407281
1997-02-07,0
1997-02-08,1.2057792946530148
1997-02-09,0
1997-02-10,0.892127417519909
1997-02-11,0
1997-02-12,0
1997-02-13,0
1997-02-14,0
1997-02-15,0
1997-02-16,0
1997-02-17,3.1587144482366325
1997-02-18,0
1997-02-19,0.01646188850967008
1997-02-20,0.7953128555176336
1997-02-21,0
1997-02-22,0
1997-02-23,0
1997-02-24,0
1997-02-25,0
1997-02-26,0
1997-02-27,0
1997-02-28,0
1997-03-01,0
1997-03-02,8.97679180887372
1997-03-03,0.7247326507394767
1997-03-04,0
1997-03-05,0
1997-03-06,0
1997-03-07,0
1997-03-08,0
1997-03-09,0
1997-03-10,0
1997-03-11,0
1997-03-12,0
1997-03-13,0
1997-03-14,0
1997-03-15,0
1997-03-16,5.757554038680318
1997-03-17,21.250921501706486
1997-03-18,0
1997-03-19,0
1997-03-20,0
1997-03-21,0
1997-03-22,0
1997-03-23,0
1997-03-24,0
1997-03-25,0
1997-03-26,0
1997-03-27,0
1997-03-28,0
1997-03-29,0
1997-03-30,0.1069283276450512
1997-03-31,0.8356427758816837
1997-04-01,0
1997-04-02,0
1997-04-03,0
1997-04-04,0
1997-04-05,0
1997-04-06,0
1997-04-07,0
1997-04-08,0
1997-04-09,0
1997-04-10,0
1997-04-11,0
1997-04-12,3.4129692832764505e-4
1997-04-13,0
1997-04-14,0
1997-04-15,0
1997-04-16,0
1997-04-17,0
1997-04-18,0
1997-04-19,23.002707622298065
1997-04-20,1.0382593856655291
1997-04-21,0.031137656427758818
1997-04-22,0.11805460750853243
1997-04-23,3.1751194539249146
1997-04-24,0
1997-04-25,0
1997-04-26,0
1997-04-27,0
1997-04-28,0
1997-04-29,0
1997-04-30,0
1997-05-01,0
1997-05-02,0
1997-05-03,0
1997-05-04,0
1997-05-05,0
1997-05-06,0
1997-05-07,0
1997-05-08,0
1997-05-09,0
1997-05-10,0
1997-05-11,0
1997-05-12,0
1997-05-13,0
1997-05-14,0
1997-05-15,0
1997-05-16,0
1997-05-17,0
1997-05-18,0
1997-05-19,0
1997-05-20,0
1997-05-21,0
1997-05-22,0
1997-05-23,4.541979522184301
1997-05-24,11.047929465301479
1997-05-25,0
1997-05-26,0
1997-05-27,3.2812741751990897
1997-05-28,0
1997-05-29,0
1997-05-30,0
1997-05-31,0
1997-06-01,0
1997-06-02,0
1997-06-03,0.09052332195676906
1997-06-04,10.371774744027304
1997-06-05,0
1997-06-06,0
1997-06-07,0
1997-06-08,0
1997-06-09,0
1997-06-10,0
1997-06-11,0
1997-06-12,0
1997-06-13,0
1997-06-14,0
1997-06-15,0
1997-06-16,0
1997-06-17,0
1997-06-18,0
1997-06-19,0
1997-06-20,0
1997-06-21,0
1997-06-22,0
1997-06-23,0
1997-06-24,0
1997-06-25,0
1997-06-26,0
1997-06-27,0
1997-06-28,0
1997-06-29,0
1997-06-30,0
1997-07-01,0
1997-07-02,0
1997-07-03,0
1997-07-04,0
1997-07-05,0
1997-07-06,0
1997-07-07,0
1997-07-08,0
1997-07-09,0
1997-07-10,0
1997-07-11,0
1997-07-12,0
1997-07-13,0
1997-07-14,0
1997-07-15,0
1997-07-16,0
1997-07-17,0
1997-07-18,0
1997-07-19,0
1997-07-20,0
1997-07-21,0
1997-07-22,0
1997-07-23,0
1997-07-24,0
1997-07-25,0
1997-07-26,0
1997-07-27,0
1997-07-28,0
1997-07-29,0
1997-07-30,0
1997-07-31,0
1997-08-01,0
1997-08-02,0
1997-08-03,0
1997-08-04,0
1997-08-05,0
1997-08-06,0
1997-08-07,0
1997-08-08,0
1997-08-09,0
1997-08-10,0
1997-08-11,0
1997-08-12,0
1997-08-13,0
1997-08-14,0
1997-08-15,0
1997-08-16,0
1997-08-17,0.012252559726962457
1997-08-18,0
1997-08-19,0
1997-08-20,22.797053469852106
1997-08-21,1.6564505119453925
1997-08-22,0.03981797497155859
1997-08-23,0
1997-08-24,0.08713310580204778
1997-08-25,0
1997-08-26,0
1997-08-27,0
1997-08-28,0
1997-08-29,0
1997-08-30,0
1997-08-31,0
1997-09-01,0
1997-09-02,0
1997-09-03,0
1997-09-04,0
1997-09-05,0
1997-09-06,0
1997-09-07,0
1997-09-08,0
1997-09-09,0.03888509670079636
1997-09-10,0
1997-09-11,0
1997-09-12,0
1997-09-13,0
1997-09-14,3.1116951080773605
1997-09-15,8.40646188850967
1997-09-16,0
1997-09-17,0
1997-09-18,0
1997-09-19,0
1997-09-20,0
1997-09-21,0
1997-09-22,0
1997-09-23,0
1997-09-24,0
1997-09-25,0
1997-09-26,0
1997-09-27,0
1997-09-28,0
1997-09-29,0
1997-09-30,0
1997-10-01,0
1997-10-02,5.0819681456200225
1997-10-03,0
1997-10-04,0
1997-10-05,0
1997-10-06,0
1997-10-07,0
1997-10-08,3.188031854379977
1997-10-09,29.839180887372013
1997-10-10,2.0540273037542662
1997-10-11,0
1997-10-12,0
1997-10-13,0
1997-10-14,0
1997-10-15,0
1997-10-16,0
1997-10-17,0
1997-10-18,0
1997-10-19,0
1997-10-20,0
1997-10-21,0
1997-10-22,0
1997-10-23,0
1997-10-24,0
1997-10-25,0
1997-10-26,0
1997-10-27,0
1997-10-28,0
1997-10-29,0
1997-10-30,0.6752104664391354
1997-10-31,0
1997-11-01,0
1997-11-02,0
1997-11-03,0
1997-11-04,0
1997-11-05,0
1997-11-06,0
1997-11-07,1.4977815699658703
1997-11-08,0
1997-11-09,0
1997-11-10,15.878213879408419
1997-11-11,5.86773606370876
1997-11-12,0.3755062571103527
1997-11-13,12.927872582480092
1997-11-14,14.923697383390216
1997-11-15,14.290352673492606
1997-11-16,22.935779294653013
1997-11-17,14.055494880546075
1997-11-18,0
1997-11-19,23.045062571103525
1997-11-20,1.6438566552901024
1997-11-21,0.43648464163822526
1997-11-22,2.0574061433447097
1997-11-23,4.724232081911262
1997-11-24,2.8863481228668944
1997-11-25,8.592343572241184
1997-11-26,42.24335608646189
1997-11-27,15.047576791808874
1997-11-28,0.03757679180887372
1997-11-29,0
1997-11-30,24.267155858930604
1997-12-01,2.522866894197952
1997-12-02,0
1997-12-03,0
1997-12-04,9.059681456200227
1997-12-05,9.499260523321956
1997-12-06,4.609135381114903
1997-12-07,14.920762229806598
1997-12-08,17.29009101251422
1997-12-09,1.0773720136518772
1997-12-10,0
1997-12-11,0
1997-12-12,0
1997-12-13,0
1997-12-14,18.090364050056884
1997-12-15,14.794425483503982
1997-12-16,0
1997-12-17,2.149920364050057
1997-12-18,2.1923321956769057
1997-12-19,0
1997-12-20,0.005540386803185438
1997-12-21,0
1997-12-22,0
1997-12-23,0
1997-12-24,0
1997-12-25,0
1997-12-26,0
1997-12-27,0
1997-12-28,0
1997-12-29,0
1997-12-30,0
1997-12-31,0
1998-01-01,0
1998-01-02,11.424232081911263
1998-01-03,12.872730375426622
1998-01-04,20.812821387940843
1998-01-05,4.358509670079636
1998-01-06,0
1998-01-07,12.871911262798635
1998-01-08,0
1998-01-09,1.3232081911262799
1998-01-10,15.971319681456201
1998-01-11,9.399795221843004
1998-01-12,43.191774744027306
1998-01-13,14.74490329920364
1998-01-14,7.357872582480091
1998-01-15,30.508361774744028
1998-01-16,6.805893060295791
1998-01-17,6.740625711035268
1998-01-18,12.088930602957907
1998-01-19,37.61349260523322
1998-01-20,3.015938566552901
1998-01-21,0.5467349260523322
1998-01-22,0
1998-01-23,0
1998-01-24,7.324357224118316
1998-01-25,0.4755631399317406
1998-01-26,11.288589306029579
1998-01-27,16.695449374288966
1998-01-28,0
1998-01-29,24.239408418657565
1998-01-30,3.4499658703071674
1998-01-31,3.374539249146758
1998-02-01,20.439749715585894
1998-02-02,22.82550625711035
1998-02-03,84.01194539249147
1998-02-04,10.989067121729239
1998-02-05,24.523720136518772
1998-02-06,51.52259385665529
1998-02-07,39.583196814562
1998-02-08,25.979203640500568
1998-02-09,6.617701934015927
1998-02-10,2.293731513083049
1998-02-11,13.58990898748578
1998-02-12,6.537952218430034
1998-02-13,11.27891922639363
1998-02-14,25.1754835039818
1998-02-15,7.930386803185438
1998-02-16,1.3349374288964733
1998-02-17,24.78508532423208
1998-02-18,2.1132764505119455
1998-02-19,45.690204778156996
1998-02-20,42.393924914675765
1998-02-21,31.276803185438
1998-02-22,18.35627986348123
1998-02-23,10.613003412969283
1998-02-24,9.953071672354948
1998-02-25,0
1998-02-26,0.29406143344709895
1998-02-27,0.020341296928327646
1998-02-28,0
1998-03-01,0
1998-03-02,0
1998-03-03,0.5296928327645051
1998-03-04,0
1998-03-05,0
1998-03-06,10.490295790671217
1998-03-07,0
1998-03-08,4.296973833902162
1998-03-09,0
1998-03-10,0
1998-03-11,0
1998-03-12,1.8734926052332195
1998-03-13,17.722332195676906
1998-03-14,0.06613196814562003
1998-03-15,0
1998-03-16,0
1998-03-17,0
1998-03-18,0
1998-03-19,0
1998-03-20,0
1998-03-21,0
1998-03-22,9.835153583617748
1998-03-23,2.1734698521046645
1998-03-24,19.85763367463026
1998-03-25,5.983993174061434
1998-03-26,3.497269624573379
1998-03-27,0
1998-03-28,0.9905005688282139
1998-03-29,0.04210466439135381
1998-03-30,0
1998-03-31,11.293219567690558
1998-04-01,9.211058020477816
1998-04-02,0.06238907849829352
1998-04-03,12.688156996587031
1998-04-04,10.235483503981797
1998-04-05,1.5189533560864619
1998-04-06,0.023777019340159272
1998-04-07,1.2530716723549489
1998-04-08,0
1998-04-09,7.288179749715586
1998-04-10,5.270693970420933
1998-04-11,0.37819112627986345
1998-04-12,0
1998-04-13,14.960193401592718
1998-04-14,1.3350056882821388
1998-04-15,0.34390216154721276
1998-04-16,0
1998-04-17,0
1998-04-18,0
1998-04-19,0
1998-04-20,0
1998-04-21,0
1998-04-22,0
1998-04-23,8.644129692832765
1998-04-24,7.298521046643914
1998-04-25,0
1998-04-26,0
1998-04-27,0
1998-04-28,0
1998-04-29,0
1998-04-30,0
1998-05-01,2.858703071672355
1998-05-02,9.518225255972697
1998-05-03,2.522536973833902
1998-05-04,1.3145164960182025
1998-05-05,2.126166097838453
1998-05-06,8.109499431171786
1998-05-07,0.7269852104664392
1998-05-08,0
1998-05-09,0
1998-05-10,0.15534698521046644
1998-05-11,0.03896473265073948
1998-05-12,12.016541524459614
1998-05-13,10.125415244596132
1998-05-14,0.08665529010238908
1998-05-15,0
1998-05-16,0
1998-05-17,0
1998-05-18,0
1998-05-19,0
1998-05-20,0
1998-05-21,0
1998-05-22,0
1998-05-23,0
1998-05-24,0
1998-05-25,0.009283276450511945
1998-05-26,0
1998-05-27,1.8156313993174062
1998-05-28,29.85160409556314
1998-05-29,34.27405005688282
1998-05-30,7.569635949943117
1998-05-31,0.01800910125142207
1998-06-01,0.08666666666666667
1998-06-02,0.23179749715585893
1998-06-03,0.02079635949943117
1998-06-04,0.14524459613196813
1998-06-05,0
1998-06-06,0
1998-06-07,0.463481228668942
1998-06-08,0
1998-06-09,0
1998-06-10,0
1998-06-11,0.22658703071672354
1998-06-12,0.048475540386803184
1998-06-13,0.03693970420932878
1998-06-14,0
1998-06-15,0.08579067121729238
1998-06-16,0
1998-06-17,0
1998-06-18,0
1998-06-19,0
1998-06-20,0
1998-06-21,0
1998-06-22,0
1998-06-23,0
1998-06-24,0
1998-06-25,0
1998-06-26,0
1998-06-27,0
1998-06-28,0
1998-06-29,0
1998-06-30,0
1998-07-01,0
1998-07-02,0
1998-07-03,0
1998-07-04,0
1998-07-05,0
1998-07-06,0
1998-07-07,0
1998-07-08,0
1998-07-09,0
1998-07-10,0
1998-07-11,0
1998-07-12,0
1998-07-13,0
1998-07-14,0
1998-07-15,0
1998-07-16,0
1998-07-17,0
1998-07-18,0
1998-07-19,0
1998-07-20,0
1998-07-21,0
1998-07-22,0
1998-07-23,0
1998-07-24,0
1998-07-25,0
1998-07-26,0
1998-07-27,0
1998-07-28,0
1998-07-29,0
1998-07-30,0
1998-07-31,0
1998-08-01,0
1998-08-02,0
1998-08-03,0
1998-08-04,0
1998-08-05,0
1998-08-06,0
1998-08-07,0
1998-08-08,0
1998-08-09,0
1998-08-10,0
1998-08-11,0
1998-08-12,0
1998-08-13,0
1998-08-14,0
1998-08-15,0
1998-08-16,0
1998-08-17,0
1998-08-18,0
1998-08-19,0
1998-08-20,0
1998-08-21,0
1998-08-22,0
1998-08-23,0
1998-08-24,0
1998-08-25,0
1998-08-26,0
1998-08-27,0
1998-08-28,0
1998-08-29,0
1998-08-30,0
1998-08-31,0
1998-09-01,0
1998-09-02,0
1998-09-03,0
1998-09-04,0
1998-09-05,0
1998-09-06,0
1998-09-07,0
1998-09-08,0
1998-09-09,0
1998-09-10,0
1998-09-11,0
1998-09-12,0
1998-09-13,0
1998-09-14,0
1998-09-15,0
1998-09-16,0
1998-09-17,0
1998-09-18,0
1998-09-19,0
1998-09-20,0
1998-09-21,0
1998-09-22,0
1998-09-23,0
1998-09-24,0
1998-09-25,0
1998-09-26,0
1998-09-27,0.011808873720136519
1998-09-28,2.4186803185438
1998-09-29,0
1998-09-30,0
1998-10-01,0.044926052332195675
1998-10-02,0
1998-10-03,0
1998-10-04,0
1998-10-05,0
1998-10-06,0
1998-10-07,0
1998-10-08,0.6836405005688282
1998-10-09,0
1998-10-10,0
1998-10-11,0
1998-10-12,0
1998-10-13,0
1998-10-14,0
1998-10-15,0
1998-10-16,0
1998-10-17,0
1998-10-18,0
1998-10-19,0
1998-10-20,0
1998-10-21,0
1998-10-22,0
1998-10-23,0
1998-10-24,23.880022753128554
1998-10-25,4.13967007963595
1998-10-26,0
1998-10-27,0
1998-10-28,0
1998-10-29,0
1998-10-30,0
1998-10-31,0
1998-11-01,1.787428896473265
1998-11-02,0
1998-11-03,0.15433447098976108
1998-11-04,0.5714106939704209
1998-11-05,0
1998-11-06,0.4381911262798635
1998-11-07,25.666166097838452
1998-11-08,7.314391353811149
1998-11-09,2.7353128555176336
1998-11-10,0.2008646188850967
1998-11-11,6.06358361774744
1998-11-12,0
1998-11-13,0
1998-11-14,0
1998-11-15,0.8637997724687144
1998-11-16,0.8252787258248009
1998-11-17,6.015642775881684
1998-11-18,0.3426052332195677
1998-11-19,0
1998-11-20,0
1998-11-21,1.5399886234357225
1998-11-22,5.743947667804323
1998-11-23,25.795028441410693
1998-11-24,28.487463026166097
1998-11-25,0
1998-11-26,0.11804323094425484
1998-11-27,6.839783845278726
1998-11-28,0.9939590443686007
1998-11-29,20.25522184300341
1998-11-30,33.054789533560864
1998-12-01,19.68133105802048
1998-12-02,3.1842775881683734
1998-12-03,10.751672354948806
1998-12-04,1.0448805460750854
1998-12-05,0
1998-12-06,11.361001137656428
1998-12-07,0
1998-12-08,6.305415244596132
1998-12-09,0
1998-12-10,0
1998-12-11,0
1998-12-12,0
1998-12-13,0
1998-12-14,6.068873720136518
1998-12-15,0
1998-12-16,0
1998-12-17,0
1998-12-18,0
1998-12-19,0
1998-12-20,0.7856541524459614
1998-12-21,0
1998-12-22,0
1998-12-23,0
1998-12-24,0
1998-12-25,0
1998-12-26,0
1998-12-27,0.2659271899886234
1998-12-28,0.004539249146757679
1998-12-29,0
1998-12-30,0
1998-12-31,0
1999-01-01,0
1999-01-02,0
1999-01-03,0
1999-01-04,0
1999-01-05,0
1999-01-06,0
1999-01-07,0
1999-01-08,0
1999-01-09,0
1999-01-10,0
1999-01-11,0
1999-01-12,0
1999-01-13,0
1999-01-14,0
1999-01-15,2.3333788395904436
1999-01-16,7.186769055745165
1999-01-17,3.734493742889647
1999-01-18,14.713321956769056
1999-01-19,6.229772468714448
1999-01-20,30.209328782707622
1999-01-21,9.385324232081912
1999-01-22,0.1801137656427759
1999-01-23,12.455699658703072
1999-01-24,1.890523321956769
1999-01-25,0
1999-01-26,5.220022753128555
1999-01-27,3.2660864618885097
1999-01-28,0
1999-01-29,0
1999-01-30,0
1999-01-31,22.617656427758817
1999-02-01,3.3099886234357223
1999-02-02,0
1999-02-03,0
1999-02-04,0
1999-02-05,0
1999-02-06,5.712298065984073
1999-02-07,85.37295790671217
1999-02-08,14.033947667804323
1999-02-09,48.566006825938565
1999-02-10,2.492821387940842
1999-02-11,0
1999-02-12,0
1999-02-13,0
1999-02-14,4.107212741751991
1999-02-15,0
1999-02-16,11.903526734926052
1999-02-17,49.405460750853244
1999-02-18,1.024721274175199
1999-02-19,10.125597269624574
1999-02-20,0
1999-02-21,31.609522184300342
1999-02-22,4.808304891922639
1999-02-23,0.05416382252559727
1999-02-24,0
1999-02-25,26.109726962457337
1999-02-26,1.6332423208191127
1999-02-27,0
1999-02-28,2.861524459613197
1999-03-01,13.87839590443686
1999-03-02,0
1999-03-03,6.315961319681456
1999-03-04,0
1999-03-05,0
1999-03-06,0
1999-03-07,0
1999-03-08,0.9209783845278726
1999-03-09,26.972298065984074
1999-03-10,0
1999-03-11,0
1999-03-12,0
1999-03-13,0
1999-03-14,1.1721729237770193
1999-03-15,11.76646188850967
1999-03-16,0
1999-03-17,0
1999-03-18,0
1999-03-19,0
1999-03-20,5.736609783845279
1999-03-21,0.7737770193401593
1999-03-22,1.3691922639362912
1999-03-23,4.626496018202503
1999-03-24,3.922684869169511
1999-03-25,39.08365187713311
1999-03-26,0
1999-03-27,0
1999-03-28,0
1999-03-29,0
1999-03-30,0
1999-03-31,9.794106939704209
1999-04-01,0.0039817974971558595
1999-04-02,0
1999-04-03,0.011376564277588168
1999-04-04,0
1999-04-05,2.511376564277588
1999-04-06,11.902366325369739
1999-04-07,0
1999-04-08,13.563526734926052
1999-04-09,4.000830489192264
1999-04-10,0
1999-04-11,29.488316268486916
1999-04-12,4.720830489192264
1999-04-13,0
1999-04-14,0
1999-04-15,0
1999-04-16,0
1999-04-17,0
1999-04-18,0
1999-04-19,0
1999-04-20,0
1999-04-21,0
1999-04-22,0
1999-04-23,0
1999-04-24,0
1999-04-25,0.009362912400455062
1999-04-26,0
1999-04-27,0
1999-04-28,0
1999-04-29,0
1999-04-30,0
1999-05-01,0
1999-05-02,0.19765642775881684
1999-05-03,2.587542662116041
1999-05-04,0.1343344709897611
1999-05-05,0
1999-05-06,0
1999-05-07,0
1999-05-08,0
1999-05-09,0
1999-05-10,0
1999-05-11,0
1999-05-12,0
1999-05-13,0
1999-05-14,0
1999-05-15,0
1999-05-16,0
1999-05-17,0
1999-05-18,0
1999-05-19,0
1999-05-20,0
1999-05-21,0
1999-05-22,0
1999-05-23,0
1999-05-24,0
1999-05-25,0
1999-05-26,0
1999-05-27,0
1999-05-28,0
1999-05-29,0
1999-05-30,0
1999-05-31,0
1999-06-01,0
1999-06-02,0.36301478953356087
1999-06-03,3.080557451649602
1999-06-04,0.04337883959044369
1999-06-05,0
1999-06-06,0
1999-06-07,0
1999-06-08,0
1999-06-09,0
1999-06-10,0
1999-06-11,0
1999-06-12,0
1999-06-13,0
1999-06-14,0
1999-06-15,0
1999-06-16,0
1999-06-17,0
1999-06-18,0
1999-06-19,0
1999-06-20,0
1999-06-21,0
1999-06-22,0
1999-06-23,0
1999-06-24,0
1999-06-25,0
1999-06-26,0
1999-06-27,0
1999-06-28,0
1999-06-29,0
1999-06-30,0
1999-07-01,0
1999-07-02,0
1999-07-03,0
1999-07-04,0
1999-07-05,0
1999-07-06,0
1999-07-07,0
1999-07-08,0
1999-07-09,0
1999-07-10,0
1999-07-11,0
1999-07-12,0
1999-07-13,0
1999-07-14,0
1999-07-15,0
1999-07-16,0
1999-07-17,0
1999-07-18,0
1999-07-19,0
1999-07-20,0
1999-07-21,0
1999-07-22,0
1999-07-23,0
1999-07-24,0
1999-07-25,0
1999-07-26,0
1999-07-27,0
1999-07-28,0
1999-07-29,0
1999-07-30,0
1999-07-31,0
1999-08-01,0
1999-08-02,0
1999-08-03,0
1999-08-04,0
1999-08-05,0
1999-08-06,0
1999-08-07,0
1999-08-08,0
1999-08-09,0
1999-08-10,0
1999-08-11,0
1999-08-12,0
1999-08-13,0
1999-08-14,0
1999-08-15,0
1999-08-16,0
1999-08-17,0
1999-08-18,0
1999-08-19,0
1999-08-20,0
1999-08-21,0
1999-08-22,0
1999-08-23,0
1999-08-24,0
1999-08-25,0
1999-08-26,0
1999-08-27,0
1999-08-28,0
1999-08-29,0
1999-08-30,0
1999-08-31,0
1999-09-01,0
1999-09-02,0
1999-09-03,0
1999-09-04,0
1999-09-05,0
1999-09-06,0
1999-09-07,0
1999-09-08,0
1999-09-09,0.18182025028441412
1999-09-10,0
1999-09-11,0
1999-09-12,0
1999-09-13,0
1999-09-14,0
1999-09-15,0
1999-09-16,0
1999-09-17,0
1999-09-18,0
1999-09-19,0.1864505119453925
1999-09-20,0
1999-09-21,0
1999-09-22,2.443617747440273
1999-09-23,0.30053469852104664
1999-09-24,0
1999-09-25,0
1999-09-26,0
1999-09-27,0
1999-09-28,0
1999-09-29,0
1999-09-30,0
1999-10-01,0.013208191126279864
1999-10-02,0
1999-10-03,0
1999-10-04,0
1999-10-05,0
1999-10-06,1.5194311717861206
1999-10-07,0
1999-10-08,0
1999-10-09,0
1999-10-10,0
1999-10-11,0
1999-10-12,0
1999-10-13,0
1999-10-14,0.0011945392491467578
1999-10-15,0
1999-10-16,0
1999-10-17,0
1999-10-18,0
1999-10-19,0
1999-10-20,0
1999-10-21,0
1999-10-22,0
1999-10-23,0
1999-10-24,0
1999-10-25,0
1999-10-26,0
1999-10-27,0
1999-10-28,26.89646188850967
1999-10-29,0.2810466439135381
1999-10-30,0
1999-10-31,0
1999-11-01,0
1999-11-02,0
1999-11-03,0
1999-11-04,0
1999-11-05,0
1999-11-06,0.005039817974971559
1999-11-07,1.478896473265074
1999-11-08,32.538976109215014
1999-11-09,0
1999-11-10,1.6054835039817974
1999-11-11,7.1418543799772465
1999-11-12,0
1999-11-13,0
1999-11-14,0
1999-11-15,8.00613196814562
1999-11-16,2.7073720136518773
1999-11-17,11.240750853242321
1999-11-18,0
1999-11-19,10.129453924914676
1999-11-20,18.983799772468714
1999-11-21,1.355085324232082
1999-11-22,0
1999-11-23,0
1999-11-24,0
1999-11-25,0
1999-11-26,0
1999-11-27,0
1999-11-28,0
1999-11-29,0
1999-11-30,16.46777019340159
1999-12-01,7.666188850967008
1999-12-02,0.8393970420932878
1999-12-03,0.6750056882821388
1999-12-04,0
1999-12-05,0
1999-12-06,0
1999-12-07,0.3053697383390216
1999-12-08,0
1999-12-09,8.686973833902162
1999-12-10,2.8581342434584753
1999-12-11,0
1999-12-12,0
1999-12-13,0.4105005688282139
1999-12-14,0
1999-12-15,0
1999-12-16,0
1999-12-17,0
1999-12-18,0
1999-12-19,0
1999-12-20,0
1999-12-21,0
1999-12-22,0
1999-12-23,0
1999-12-24,0
1999-12-25,0
1999-12-26,0
1999-12-27,0
1999-12-28,0
1999-12-29,0
1999-12-30,0
1999-12-31,0
2000-01-01,0
2000-01-02,0
2000-01-03,0
2000-01-04,0.049169510807736065
2000-01-05,1.3506484641638226
2000-01-06,0
2000-01-07,0
2000-01-08,0.0030489192263936293
2000-01-09,0
2000-01-10,0.0030489192263936293
2000-01-11,8.612787258248009
2000-01-12,11.822047781569966
2000-01-13,0.8532423208191127
2000-01-14,2.8424232081911263
2000-01-15,4.201285551763368
2000-01-16,18.75091012514221
2000-01-17,1.0597383390216155
2000-01-18,15.8919795221843
2000-01-19,6.997781569965871
2000-01-20,7.451365187713311
2000-01-21,0.24449374288964731
2000-01-22,5.413230944254835
2000-01-23,11.34500568828214
2000-01-24,38.50417519908987
2000-01-25,15.685039817974971
2000-01-26,0.3093174061433447
2000-01-27,0
2000-01-28,0.0068828213879408425
2000-01-29,0
2000-01-30,15.502366325369739
2000-01-31,9.62283276450512
2000-02-01,6.638885096700796
2000-02-02,0
2000-02-03,0.11812286689419796
2000-02-04,5.656029579067122
2000-02-05,8.463572241183163
2000-02-06,8.049215017064846
2000-02-07,0
2000-02-08,0
2000-02-09,0
2000-02-10,9.27164960182025
2000-02-11,10.82127417519909
2000-02-12,39.97252559726962
2000-02-13,31.456803185437998
2000-02-14,54.714084186575654
2000-02-15,10.734607508532424
2000-02-16,1.2899886234357225
2000-02-17,3.042730375426621
2000-02-18,0
2000-02-19,0
2000-02-20,1.7942434584755405
2000-02-21,17.693367463026167
2000-02-22,2.036222980659841
2000-02-23,32.872605233219566
2000-02-24,2.4827531285551765
2000-02-25,4.972696245733788
2000-02-26,9.340602957906713
2000-02-27,38.014220705346986
2000-02-28,5.236973833902161
2000-02-29,16.797895335608647
2000-03-01,4.511058020477816
2000-03-02,5.502730375426621
2000-03-03,4.651080773606371
2000-03-04,0
2000-03-05,16.608145620022754
2000-03-06,3.0563026166097838
2000-03-07,0
2000-03-08,14.751990898748579
2000-03-09,32.17716723549488
2000-03-10,2.4449829351535834
2000-03-11,1.6868031854379977
2000-03-12,0
2000-03-13,0
2000-03-14,0
2000-03-15,0
2000-03-16,0
2000-03-17,0
2000-03-18,0
2000-03-19,0
2000-03-20,0
2000-03-21,0
2000-03-22,0
2000-03-23,0
2000-03-24,0
2000-03-25,0
2000-03-26,0
2000-03-27,0
2000-03-28,0
2000-03-29,0
2000-03-30,0
2000-03-31,0
2000-04-01,0
2000-04-02,0
2000-04-03,0
2000-04-04,0
2000-04-05,0
2000-04-06,0
2000-04-07,0
2000-04-08,0
2000-04-09,0
2000-04-10,0
2000-04-11,0
2000-04-12,0.016188850967007964
2000-04-13,13.200341296928327
2000-04-14,2.358486916951081
2000-04-15,1.579943117178612
2000-04-16,1.9867007963594994
2000-04-17,45.19032992036405
2000-04-18,1.7624687144482367
2000-04-19,0
2000-04-20,0
2000-04-21,0
2000-04-22,0
2000-04-23,0
2000-04-24,0
2000-04-25,0
2000-04-26,0
2000-04-27,0
2000-04-28,0
2000-04-29,0
2000-04-30,0
2000-05-01,0
2000-05-02,0
2000-05-03,0
2000-05-04,0
2000-05-05,0
2000-05-06,0
2000-05-07,9.294118316268486
2000-05-08,10.980716723549488
2000-05-09,0
2000-05-10,0
2000-05-11,0
2000-05-12,0
2000-05-13,0
2000-05-14,0.04381114903299203
2000-05-15,20.371649601820252
2000-05-16,2.9739021615472128
2000-05-17,0
2000-05-18,0
2000-05-19,0
2000-05-20,0
2000-05-21,0
2000-05-22,0
2000-05-23,0
2000-05-24,0
2000-05-25,0
2000-05-26,0
2000-05-27,0
2000-05-28,0
2000-05-29,0
2000-05-30,0
2000-05-31,0
2000-06-01,0
2000-06-02,0
2000-06-03,0
2000-06-04,0
2000-06-05,0
2000-06-06,0
2000-06-07,0
2000-06-08,7.313412969283276
2000-06-09,0.11418657565415245
2000-06-10,0
2000-06-11,0
2000-06-12,0
2000-06-13,0
2000-06-14,0
2000-06-15,0
2000-06-16,0
2000-06-17,0
2000-06-18,0
2000-06-19,0
2000-06-20,0
2000-06-21,0
2000-06-22,0
2000-06-23,0
2000-06-24,0
2000-06-25,0
2000-06-26,0
2000-06-27,0
2000-06-28,0
2000-06-29,0
2000-06-30,0
2000-07-01,0
2000-07-02,0
2000-07-03,0
2000-07-04,0
2000-07-05,0
2000-07-06,0
2000-07-07,0
2000-07-08,0
2000-07-09,0
2000-07-10,0
2000-07-11,0
2000-07-12,0
2000-07-13,0
2000-07-14,0
2000-07-15,0
2000-07-16,0
2000-07-17,0
2000-07-18,0
2000-07-19,0
2000-07-20,0
2000-07-21,0
2000-07-22,0
2000-07-23,0
2000-07-24,0
2000-07-25,0
2000-07-26,0
2000-07-27,0
2000-07-28,0
2000-07-29,0
2000-07-30,0
2000-07-31,0
2000-08-01,0
2000-08-02,0
2000-08-03,0
2000-08-04,0
2000-08-05,0
2000-08-06,0
2000-08-07,0
2000-08-08,0
2000-08-09,0
2000-08-10,0
2000-08-11,0
2000-08-12,0
2000-08-13,0
2000-08-14,0
2000-08-15,0
2000-08-16,0
2000-08-17,0
2000-08-18,0
2000-08-19,0
2000-08-20,0
2000-08-21,0
2000-08-22,0
2000-08-23,0
2000-08-24,0
2000-08-25,0
2000-08-26,0
2000-08-27,0
2000-08-28,0
2000-08-29,0
2000-08-30,0.0012286689419795222
2000-08-31,0
2000-09-01,0
2000-09-02,8.177940841865757
2000-09-03,0.5070079635949943
2000-09-04,0
2000-09-05,0
2000-09-06,0
2000-09-07,0
2000-09-08,0
2000-09-09,0
2000-09-10,0
2000-09-11,0
2000-09-12,0
2000-09-13,0
2000-09-14,0
2000-09-15,0
2000-09-16,0
2000-09-17,0
2000-09-18,0
2000-09-19,0
2000-09-20,0
2000-09-21,0.3284186575654153
2000-09-22,2.246575654152446
2000-09-23,0.3044368600682594
2000-09-24,0
2000-09-25,0
2000-09-26,0
2000-09-27,0
2000-09-28,0
2000-09-29,0
2000-09-30,0
2000-10-01,0
2000-10-02,0
2000-10-03,0
2000-10-04,0
2000-10-05,0
2000-10-06,0
2000-10-07,0
2000-10-08,0
2000-10-09,0.10129692832764504
2000-10-10,3.7677133105802048
2000-10-11,2.189613196814562
2000-10-12,0.016598407281001138
2000-10-13,0
2000-10-14,0
2000-10-15,0
2000-10-16,0
2000-10-17,0
2000-10-18,0
2000-10-19,0
2000-10-20,0
2000-10-21,0
2000-10-22,0
2000-10-23,0
2000-10-24,0
2000-10-25,3.5905688282138795
2000-10-26,23.737394766780433
2000-10-27,9.005415244596133
2000-10-28,2.645267349260523
2000-10-29,38.25293515358362
2000-10-30,11.08688282138794
2000-10-31,3.688566552901024
2000-11-01,0
2000-11-02,0
2000-11-03,0
2000-11-04,0
2000-11-05,0
2000-11-06,0
2000-11-07,0
2000-11-08,0
2000-11-09,0
2000-11-10,0
2000-11-11,0
2000-11-12,0
2000-11-13,0.022957906712172925
2000-11-14,6.683742889647326
2000-11-15,0
2000-11-16,2.492434584755404
2000-11-17,0
2000-11-18,0
2000-11-19,0
2000-11-20,0
2000-11-21,1.1427872582480092
2000-11-22,9.998862343572242
2000-11-23,0
2000-11-24,0.22906712172923777
2000-11-25,0
2000-11-26,0
2000-11-27,0
2000-11-28,0
2000-11-29,11.41485779294653
2000-11-30,5.54740614334471
2000-12-01,0
2000-12-02,0
2000-12-03,0
2000-12-04,0
2000-12-05,0
2000-12-06,0
2000-12-07,0
2000-12-08,0.12294653014789533
2000-12-09,0
2000-12-10,0.09011376564277589
2000-12-11,0
2000-12-12,8.094186575654152
2000-12-13,1.0018430034129693
2000-12-14,9.493788395904437
2000-12-15,5.407303754266212
2000-12-16,0
2000-12-17,0
2000-12-18,0
2000-12-19,0
2000-12-20,0
2000-12-21,0.05293515358361775
2000-12-22,2.96740614334471
2000-12-23,0
2000-12-24,0
2000-12-25,0.019328782707622297
2000-12-26,0
2000-12-27,0
2000-12-28,0
2000-12-29,0
2000-12-30,0
2000-12-31,0
2001-01-01,0
2001-01-02,0
2001-01-03,0
2001-01-04,0
2001-01-05,0
2001-01-06,0
2001-01-07,0
2001-01-08,11.812946530147896
2001-01-09,5.589306029579067
2001-01-10,10.370693970420932
2001-01-11,33.45717861205916
2001-01-12,16.194220705346986
2001-01-13,0
2001-01-14,0.6202957906712173
2001-01-15,0
2001-01-16,0
2001-01-17,0
2001-01-18,0
2001-01-19,0
2001-01-20,0
2001-01-21,0
2001-01-22,0
2001-01-23,1.2392946530147895
2001-01-24,25.65646188850967
2001-01-25,2.2154266211604097
2001-01-26,32.57267349260523
2001-01-27,6.946552901023891
2001-01-28,0
2001-01-29,3.684584755403868
2001-01-30,0.05036405005688282
2001-01-31,0
2001-02-01,0
2001-02-02,0
2001-02-03,0
2001-02-04,0
2001-02-05,0
2001-02-06,0
2001-02-07,0
2001-02-08,0
2001-02-09,7.2563936291240045
2001-02-10,20.324470989761092
2001-02-11,12.84094425483504
2001-02-12,12.467895335608647
2001-02-13,4.993811149032992
2001-02-14,0
2001-02-15,0
2001-02-16,0
2001-02-17,2.0033560864618885
2001-02-18,18.782093287827077
2001-02-19,8.985324232081911
2001-02-20,20.44862343572241
2001-02-21,16.053401592719
2001-02-22,14.44901023890785
2001-02-23,20.4393401592719
2001-02-24,9.848885096700796
2001-02-25,20.03343572241183
2001-02-26,3.0289874857792944
2001-02-27,0
2001-02-28,0
2001-03-01,0
2001-03-02,3.6639590443686005
2001-03-03,1.2877815699658703
2001-03-04,16.029556313993176
2001-03-05,30.660011376564277
2001-03-06,0.7649829351535836
2001-03-07,0
2001-03-08,0
2001-03-09,0
2001-03-10,0
2001-03-11,0
2001-03-12,0
2001-03-13,0
2001-03-14,0
2001-03-15,0
2001-03-16,0
2001-03-17,1.4227189988623437
2001-03-18,0
2001-03-19,0
2001-03-20,0
2001-03-21,0
2001-03-22,0
2001-03-23,0
2001-03-24,0
2001-03-25,6.865108077360637
2001-03-26,0
2001-03-27,0
2001-03-28,0
2001-03-29,0
2001-03-30,0
2001-03-31,0
2001-04-01,0
2001-04-02,0
2001-04-03,0
2001-04-04,0
2001-04-05,0
2001-04-06,2.4724687144482367
2001-04-07,4.701820250284414
2001-04-08,0.2196018202502844
2001-04-09,0.582013651877133
2001-04-10,0
2001-04-11,0.20360637087599545
2001-04-12,0
2001-04-13,0
2001-04-14,0
2001-04-15,0
2001-04-16,0
2001-04-17,1.4750739476678043
2001-04-18,0
2001-04-19,0.5007281001137657
2001-04-20,2.5398976109215017
2001-04-21,10.452002275312855
2001-04-22,0
2001-04-23,0
2001-04-24,0
2001-04-25,0
2001-04-26,0
2001-04-27,0
2001-04-28,0
2001-04-29,0
2001-04-30,0
2001-05-01,0
2001-05-02,0
2001-05-03,0
2001-05-04,0
2001-05-05,0
2001-05-06,0
2001-05-07,0
2001-05-08,0
2001-05-09,0
2001-05-10,0
2001-05-11,0
2001-05-12,0
2001-05-13,0
2001-05-14,0
2001-05-15,0
2001-05-16,0
2001-05-17,0
2001-05-18,0
2001-05-19,0
2001-05-20,0
2001-05-21,0
2001-05-22,0
2001-05-23,0
2001-05-24,0
2001-05-25,0
2001-05-26,0
2001-05-27,0
2001-05-28,0
2001-05-29,0
2001-05-30,0
2001-05-31,0
2001-06-01,0
2001-06-02,0
2001-06-03,0
2001-06-04,0
2001-06-05,0
2001-06-06,0
2001-06-07,0
2001-06-08,0
2001-06-09,0
2001-06-10,0
2001-06-11,0
2001-06-12,0
2001-06-13,0
2001-06-14,0
2001-06-15,0
2001-06-16,0
2001-06-17,0
2001-06-18,0
2001-06-19,0
2001-06-20,0
2001-06-21,0
2001-06-22,0
2001-06-23,0
2001-06-24,0
2001-06-25,0
2001-06-26,0.007986348122866894
2001-06-27,3.835108077360637
2001-06-28,9.829852104664392
2001-06-29,0
2001-06-30,0
2001-07-01,0
2001-07-02,0
2001-07-03,0
2001-07-04,0
2001-07-05,0
2001-07-06,0
2001-07-07,0
2001-07-08,0
2001-07-09,0
2001-07-10,0
2001-07-11,0
2001-07-12,0
2001-07-13,0
2001-07-14,0
2001-07-15,0
2001-07-16,0
2001-07-17,0
2001-07-18,0
2001-07-19,0
2001-07-20,0
2001-07-21,0
2001-07-22,0
2001-07-23,0
2001-07-24,0
2001-07-25,0
2001-07-26,0
2001-07-27,0
2001-07-28,0
2001-07-29,0
2001-07-30,0
2001-07-31,0
2001-08-01,0
2001-08-02,0
2001-08-03,0
2001-08-04,0
2001-08-05,0
2001-08-06,0
2001-08-07,0
2001-08-08,0
2001-08-09,0
2001-08-10,0
2001-08-11,0
2001-08-12,0
2001-08-13,0
2001-08-14,0
2001-08-15,0
2001-08-16,0
2001-08-17,0
2001-08-18,0
2001-08-19,0
2001-08-20,0
2001-08-21,0
2001-08-22,0
2001-08-23,0.026530147895335608
2001-08-24,0
2001-08-25,0
2001-08-26,0
2001-08-27,0
2001-08-28,0
2001-08-29,0
2001-08-30,0
2001-08-31,0
2001-09-01,0
2001-09-02,0
2001-09-03,0
2001-09-04,0
2001-09-05,0
2001-09-06,0
2001-09-07,0
2001-09-08,0
2001-09-09,0
2001-09-10,0
2001-09-11,0
2001-09-12,0
2001-09-13,0
2001-09-14,0
2001-09-15,0
2001-09-16,0
2001-09-17,0
2001-09-18,0
2001-09-19,0
2001-09-20,0
2001-09-21,0
2001-09-22,0
2001-09-23,0
2001-09-24,0
2001-09-25,5.556086461888509
2001-09-26,0
2001-09-27,0
2001-09-28,0
2001-09-29,0
2001-09-30,0
2001-10-01,0
2001-10-02,0
2001-10-03,0
2001-10-04,0
2001-10-05,0
2001-10-06,0
2001-10-07,0
2001-10-08,0
2001-10-09,0
2001-10-10,0
2001-10-11,0
2001-10-12,0
2001-10-13,0
2001-10-14,0
2001-10-15,0
2001-10-16,0
2001-10-17,0
2001-10-18,0
2001-10-19,0
2001-10-20,0
2001-10-21,0
2001-10-22,0
2001-10-23,0
2001-10-24,0
2001-10-25,0
2001-10-26,0
2001-10-27,0
2001-10-28,0
2001-10-29,0
2001-10-30,21.014186575654154
2001-10-31,16.700648464163823
2001-11-01,0
2001-11-02,0
2001-11-03,0
2001-11-04,0
2001-11-05,0
2001-11-06,0
2001-11-07,0
2001-11-08,0
2001-11-09,0.0034698521046643916
2001-11-10,0
2001-11-11,26.675073947667805
2001-11-12,35.302332195676904
2001-11-13,30.5627417519909
2001-11-14,6.686120591581343
2001-11-15,0.76580204778157
2001-11-16,0.20401592718998862
2001-11-17,3.584027303754266
2001-11-18,0
2001-11-19,0
2001-11-20,5.271968145620023
2001-11-21,3.828748577929465
2001-11-22,24.81588168373151
2001-11-23,0
2001-11-24,19.30881683731513
2001-11-25,9.279397042093288
2001-11-26,0
2001-11-27,0
2001-11-28,0.2716723549488055
2001-11-29,51.30261660978385
2001-11-30,1.2700227531285553
2001-12-01,27.59122866894198
2001-12-02,55.73311717861206
2001-12-03,20.58013651877133
2001-12-04,0.007610921501706485
2001-12-05,4.273219567690558
2001-12-06,15.089965870307168
2001-12-07,0.003435722411831627
2001-12-08,0
2001-12-09,4.247144482366325
2001-12-10,0
2001-12-11,0
2001-12-12,0
2001-12-13,0
2001-12-14,29.834926052332197
2001-12-15,0.2574061433447099
2001-12-16,0
2001-12-17,17.515403868031854
2001-12-18,3.520557451649602
2001-12-19,0.048976109215017063
2001-12-20,10.774778156996588
2001-12-21,19.55145620022753
2001-12-22,10.319647326507395
2001-12-23,17.519260523321957
2001-12-24,0
2001-12-25,0.35359499431171787
2001-12-26,1.8926393629124005
2001-12-27,0.6001023890784983
2001-12-28,13.161683731513083
2001-12-29,35.796905574516494
2001-12-30,5.172662116040955
2001-12-31,30.36995449374289
2002-01-01,6.018737201365187
2002-01-02,50.20089874857793
2002-01-03,12.193071672354948
2002-01-04,0
2002-01-05,3.4641069397042092
2002-01-06,36.83136518771331
2002-01-07,0.9835039817974972
2002-01-08,0
2002-01-09,0.01093287827076223
2002-01-10,0.005392491467576792
2002-01-11,0
2002-01-12,0
2002-01-13,0
2002-01-14,0.005676905574516496
2002-01-15,0
2002-01-16,0
2002-01-17,0
2002-01-18,0
2002-01-19,0
2002-01-20,0
2002-01-21,0.6368259385665529
2002-01-22,2.679419795221843
2002-01-23,0
2002-01-24,0
2002-01-25,0.025426621160409557
2002-01-26,6.102844141069397
2002-01-27,4.135847554038681
2002-01-28,4.102445961319681
2002-01-29,2.1473492605233218
2002-01-30,0
2002-01-31,0
2002-02-01,0.0174061433447099
2002-02-02,0
2002-02-03,0
2002-02-04,0
2002-02-05,0
2002-02-06,0.06676905574516497
2002-02-07,0.8689078498293515
2002-02-08,12.43273037542662
2002-02-09,0
2002-02-10,0
2002-02-11,0
2002-02-12,0
2002-02-13,0.00335608646188851
2002-02-14,0.9104778156996587
2002-02-15,0
2002-02-16,0
2002-02-17,16.85513083048919
2002-02-18,1.03127417519909
2002-02-19,8.699169510807737
2002-02-20,10.895415244596132
2002-02-21,0.06360637087599545
2002-02-22,0
2002-02-23,0.9381683731513083
2002-02-24,0.6642889647326508
2002-02-25,0
2002-02-26,0
2002-02-27,0
2002-02-28,0
2002-03-01,0
2002-03-02,0
2002-03-03,0
2002-03-04,0
2002-03-05,0
2002-03-06,11.765369738339022
2002-03-07,18.879795221843004
2002-03-08,2.112684869169511
2002-03-09,0
2002-03-10,17.678953356086463
2002-03-11,0.12600682593856655
2002-03-12,0
2002-03-13,0.07407281001137657
2002-03-14,0
2002-03-15,0
2002-03-16,0.5787599544937428
2002-03-17,0.39590443686006827
2002-03-18,2.2294880546075087
2002-03-19,0
2002-03-20,0
2002-03-21,0
2002-03-22,1.060716723549488
2002-03-23,18.129453924914674
2002-03-24,2.556518771331058
2002-03-25,0
2002-03-26,0
2002-03-27,0
2002-03-28,0
2002-03-29,0
2002-03-30,0
2002-03-31,0
2002-04-01,0
2002-04-02,0
2002-04-03,0
2002-04-04,0
2002-04-05,0
2002-04-06,0
2002-04-07,0
2002-04-08,0
2002-04-09,1.0076109215017064
2002-04-10,1.7617519908987487
2002-04-11,0
2002-04-12,0
2002-04-13,0
2002-04-14,0
2002-04-15,0
2002-04-16,0
2002-04-17,4.682150170648464
2002-04-18,0
2002-04-19,0
2002-04-20,0
2002-04-21,0
2002-04-22,0
2002-04-23,0
2002-04-24,0
2002-04-25,0
2002-04-26,0
2002-04-27,0
2002-04-28,0
2002-04-29,3.094470989761092
2002-04-30,1.740967007963595
2002-05-01,2.35773606370876
2002-05-02,0
2002-05-03,0
2002-05-04,0
2002-05-05,0
2002-05-06,0
2002-05-07,0
2002-05-08,0
2002-05-09,0
2002-05-10,0
2002-05-11,0
2002-05-12,0
2002-05-13,0
2002-05-14,0
2002-05-15,0
2002-05-16,0
2002-05-17,0
2002-05-18,0.09387940841865756
2002-05-19,0.08627986348122867
2002-05-20,11.146996587030717
2002-05-21,12.841672354948805
2002-05-22,0
2002-05-23,0
2002-05-24,0
2002-05-25,0
2002-05-26,0
2002-05-27,0
2002-05-28,0
2002-05-29,0
2002-05-30,0
2002-05-31,0
2002-06-01,0
2002-06-02,0
2002-06-03,0
2002-06-04,0
2002-06-05,0
2002-06-06,0
2002-06-07,0
2002-06-08,0
2002-06-09,0
2002-06-10,0
2002-06-11,0
2002-06-12,0
2002-06-13,0
2002-06-14,0
2002-06-15,0
2002-06-16,0
2002-06-17,0
2002-06-18,0
2002-06-19,0
2002-06-20,0
2002-06-21,0
2002-06-22,0
2002-06-23,0
2002-06-24,0
2002-06-25,0
2002-06-26,0
2002-06-27,0
2002-06-28,0
2002-06-29,0
2002-06-30,0
2002-07-01,0
2002-07-02,0
2002-07-03,0
2002-07-04,0
2002-07-05,0
2002-07-06,0
2002-07-07,0
2002-07-08,0
2002-07-09,0
2002-07-10,0
2002-07-11,0
2002-07-12,0
2002-07-13,0
2002-07-14,0
2002-07-15,0
2002-07-16,0
2002-07-17,0
2002-07-18,0
2002-07-19,0
2002-07-20,0
2002-07-21,0
2002-07-22,0
2002-07-23,0
2002-07-24,0
2002-07-25,0
2002-07-26,0
2002-07-27,0
2002-07-28,0
2002-07-29,0
2002-07-30,0
2002-07-31,0
2002-08-01,0
2002-08-02,0
2002-08-03,0
2002-08-04,0
2002-08-05,0
2002-08-06,0
2002-08-07,0
2002-08-08,0
2002-08-09,0
2002-08-10,0
2002-08-11,0
2002-08-12,0
2002-08-13,0
2002-08-14,0
2002-08-15,0
2002-08-16,0
2002-08-17,0
2002-08-18,0
2002-08-19,0
2002-08-20,0
2002-08-21,0
2002-08-22,0
2002-08-23,0
2002-08-24,0
2002-08-25,0
2002-08-26,0
2002-08-27,0
2002-08-28,0
2002-08-29,0
2002-08-30,0
2002-08-31,0
2002-09-01,0
2002-09-02,0
2002-09-03,0
2002-09-04,0
2002-09-05,0
2002-09-06,0
2002-09-07,0
2002-09-08,0
2002-09-09,0
2002-09-10,0
2002-09-11,0
2002-09-12,0
2002-09-13,0
2002-09-14,0
2002-09-15,0
2002-09-16,0
2002-09-17,0
2002-09-18,0
2002-09-19,0
2002-09-20,0
2002-09-21,0
2002-09-22,0
2002-09-23,0
2002-09-24,0
2002-09-25,0
2002-09-26,0
2002-09-27,0
2002-09-28,0
2002-09-29,0
2002-09-30,0
2002-10-01,0
2002-10-02,0
2002-10-03,0
2002-10-04,0
2002-10-05,0
2002-10-06,0
2002-10-07,0
2002-10-08,0
2002-10-09,0
2002-10-10,0
2002-10-11,0
2002-10-12,0
2002-10-13,0
2002-10-14,0
2002-10-15,0
2002-10-16,0
2002-10-17,0
2002-10-18,0
2002-10-19,0
2002-10-20,0
2002-10-21,0
2002-10-22,0
2002-10-23,0
2002-10-24,0
2002-10-25,0.21092150170648463
2002-10-26,0
2002-10-27,0
2002-10-28,0
2002-10-29,0
2002-10-30,0
2002-10-31,0
2002-11-01,0
2002-11-02,0
2002-11-03,0
2002-11-04,0
2002-11-05,0
2002-11-06,0
2002-11-07,19.30036405005688
2002-11-08,46.22381114903299
2002-11-09,9.497929465301478
2002-11-10,4.7168259385665525
2002-11-11,1.41419795221843
2002-11-12,0
2002-11-13,3.2218430034129693
2002-11-14,0
2002-11-15,0
2002-11-16,0
2002-11-17,0
2002-11-18,0
2002-11-19,0
2002-11-20,0
2002-11-21,0
2002-11-22,0
2002-11-23,0
2002-11-24,0.0067690557451649605
2002-11-25,0
2002-11-26,0
2002-11-27,0
2002-11-28,0
2002-11-29,0
2002-11-30,0
2002-12-01,0
2002-12-02,0
2002-12-03,0
2002-12-04,0
2002-12-05,0
2002-12-06,0.010602957906712172
2002-12-07,0.2393401592718999
2002-12-08,0
2002-12-09,5.778714448236633
2002-12-10,17.35656427758817
2002-12-11,0.9702616609783845
2002-12-12,0
2002-12-13,37.80786120591581
2002-12-14,104.48401592718999
2002-12-15,39.92707622298066
2002-12-16,59.033356086461886
2002-12-17,15.117155858930603
2002-12-18,1.7174288964732651
2002-12-19,7.163617747440273
2002-12-20,39.95452787258248
2002-12-21,21.615722411831626
2002-12-22,1.344175199089875
2002-12-23,0
2002-12-24,0
2002-12-25,0.0013310580204778158
2002-12-26,7.586268486916951
2002-12-27,21.3040614334471
2002-12-28,19.75067121729238
2002-12-29,24.840432309442548
2002-12-30,9.806257110352673
2002-12-31,22.80721274175199
2003-01-01,3.3434584755403867
2003-01-02,0
2003-01-03,0
2003-01-04,0
2003-01-05,0
2003-01-06,0
2003-01-07,0
2003-01-08,0
2003-01-09,2.1612855517633673
2003-01-10,27.562081911262798
2003-01-11,11.000398179749716
2003-01-12,2.6976564277588166
2003-01-13,29.028418657565414
2003-01-14,4.058577929465302
2003-01-15,0.307098976109215
2003-01-16,0
2003-01-17,0
2003-01-18,0
2003-01-19,0
2003-01-20,0
2003-01-21,6.479852104664391
2003-01-22,10.285494880546075
2003-01-23,20.976200227531287
2003-01-24,1.1613879408418657
2003-01-25,0
2003-01-26,0
2003-01-27,0.032252559726962456
2003-01-28,0
2003-01-29,0
2003-01-30,0
2003-01-31,0
2003-02-01,0.24379977246871445
2003-02-02,0.004448236632536974
2003-02-03,0
2003-02-04,0
2003-02-05,0
2003-02-06,0
2003-02-07,0
2003-02-08,0
2003-02-09,0
2003-02-10,0
2003-02-11,0.05689419795221843
2003-02-12,0.02962457337883959
2003-02-13,20.282889647326506
2003-02-14,2.723367463026166
2003-02-15,0
2003-02-16,29.29005688282139
2003-02-17,1.6056996587030716
2003-02-18,0
2003-02-19,2.2699203640500567
2003-02-20,0.9902616609783845
2003-02-21,0
2003-02-22,0
2003-02-23,0
2003-02-24,0.0877929465301479
2003-02-25,0.01902161547212742
2003-02-26,0
2003-02-27,2.486962457337884
2003-02-28,0
2003-03-01,0.01863481228668942
2003-03-02,0
2003-03-03,0
2003-03-04,2.137007963594994
2003-03-05,0
2003-03-06,0
2003-03-07,0
2003-03-08,0
2003-03-09,0
2003-03-10,0.03965870307167235
2003-03-11,0
2003-03-12,0
2003-03-13,0
2003-03-14,19.884846416382253
2003-03-15,40.19613196814562
2003-03-16,5.073105802047782
2003-03-17,2.6987258248009103
2003-03-18,0
2003-03-19,0
2003-03-20,5.283879408418658
2003-03-21,0
2003-03-22,0
2003-03-23,2.0448009101251423
2003-03-24,0
2003-03-25,0
2003-03-26,1.079226393629124
2003-03-27,0
2003-03-28,0
2003-03-29,0
2003-03-30,0
2003-03-31,0
2003-04-01,0
2003-04-02,1.052377701934016
2003-04-03,1.2280546075085323
2003-04-04,11.226939704209329
2003-04-05,3.024971558589306
2003-04-06,0
2003-04-07,0.11411831626848692
2003-04-08,0
2003-04-09,0
2003-04-10,0
2003-04-11,0
2003-04-12,7.818236632536974
2003-04-13,31.17043230944255
2003-04-14,4.425642775881684
2003-04-15,0
2003-04-16,1.6093515358361774
2003-04-17,2.8311717861205916
2003-04-18,0
2003-04-19,0
2003-04-20,0
2003-04-21,0
2003-04-22,2.2693174061433448
2003-04-23,0
2003-04-24,18.26919226393629
2003-04-25,10.031751990898748
2003-04-26,12.504914675767917
2003-04-27,0.019294653014789533
2003-04-28,13.374914675767918
2003-04-29,13.395608646188851
2003-04-30,2.2276905574516497
2003-05-01,0.13985210466439135
2003-05-02,2.5244596131968144
2003-05-03,22.639465301478953
2003-05-04,5.856325369738339
2003-05-05,0
2003-05-06,0
2003-05-07,0.5050284414106939
2003-05-08,0.4446757679180887
2003-05-09,0.2422298065984073
2003-05-10,0
2003-05-11,0
2003-05-12,0
2003-05-13,0
2003-05-14,0
2003-05-15,0
2003-05-16,0
2003-05-17,0
2003-05-18,0
2003-05-19,0
2003-05-20,0
2003-05-21,0
2003-05-22,0
2003-05-23,0
2003-05-24,0
2003-05-25,0
2003-05-26,0
2003-05-27,0
2003-05-28,0
2003-05-29,0
2003-05-30,0
2003-05-31,0
2003-06-01,0
2003-06-02,0
2003-06-03,0
2003-06-04,0
2003-06-05,0
2003-06-06,0
2003-06-07,0.027679180887372014
2003-06-08,0.02718998862343572
2003-06-09,0
2003-06-10,0.09189988623435723
2003-06-11,0
2003-06-12,0
2003-06-13,0
2003-06-14,0
2003-06-15,0
2003-06-16,0
2003-06-17,0
2003-06-18,0
2003-06-19,0
2003-06-20,0
2003-06-21,0
2003-06-22,0
2003-06-23,0
2003-06-24,0
2003-06-25,0
2003-06-26,0
2003-06-27,0
2003-06-28,0
2003-06-29,0
2003-06-30,0
2003-07-01,0
2003-07-02,0
2003-07-03,0
2003-07-04,0
2003-07-05,0
2003-07-06,0
2003-07-07,0
2003-07-08,0
2003-07-09,0
2003-07-10,0
2003-07-11,0
2003-07-12,0
2003-07-13,0
2003-07-14,0
2003-07-15,0
2003-07-16,0
2003-07-17,0
2003-07-18,0
2003-07-19,0
2003-07-20,0
2003-07-21,0
2003-07-22,0
2003-07-23,0
2003-07-24,0
2003-07-25,0.12262798634812287
2003-07-26,0.020466439135381116
2003-07-27,0
2003-07-28,0
2003-07-29,0
2003-07-30,0
2003-07-31,0
2003-08-01,0
2003-08-02,0
2003-08-03,0
2003-08-04,0
2003-08-05,0
2003-08-06,0
2003-08-07,0
2003-08-08,0
2003-08-09,0
2003-08-10,0
2003-08-11,0
2003-08-12,0
2003-08-13,0
2003-08-14,0
2003-08-15,0
2003-08-16,0
2003-08-17,0
2003-08-18,0
2003-08-19,0
2003-08-20,0
2003-08-21,0
2003-08-22,0.501547212741752
2003-08-23,0
2003-08-24,0
2003-08-25,0
2003-08-26,0
2003-08-27,0
2003-08-28,0
2003-08-29,0
2003-08-30,0
2003-08-31,0
2003-09-01,0
2003-09-02,0
2003-09-03,0.5686120591581343
2003-09-04,0.8502957906712173
2003-09-05,0
2003-09-06,0
2003-09-07,0
2003-09-08,0
2003-09-09,0.06488054607508532
2003-09-10,0.20453924914675767
2003-09-11,0
2003-09-12,0
2003-09-13,0
2003-09-14,0
2003-09-15,0
2003-09-16,0
2003-09-17,0
2003-09-18,0
2003-09-19,0
2003-09-20,0
2003-09-21,0
2003-09-22,0
2003-09-23,0
2003-09-24,0
2003-09-25,0
2003-09-26,0
2003-09-27,0
2003-09-28,0
2003-09-29,0
2003-09-30,0
2003-10-01,0
2003-10-02,0
2003-10-03,0
2003-10-04,0
2003-10-05,0
2003-10-06,0
2003-10-07,0
2003-10-08,0
2003-10-09,0
2003-10-10,0
2003-10-11,0
2003-10-12,0
2003-10-13,0
2003-10-14,0
2003-10-15,0
2003-10-16,0
2003-10-17,0
2003-10-18,0
2003-10-19,0
2003-10-20,0
2003-10-21,0
2003-10-22,0
2003-10-23,0
2003-10-24,0
2003-10-25,0
2003-10-26,0
2003-10-27,0
2003-10-28,0
2003-10-29,0
2003-10-30,0
2003-10-31,1.0559158134243458
2003-11-01,2.048122866894198
2003-11-02,0
2003-11-03,8.80688282138794
2003-11-04,0
2003-11-05,0.9054379977246871
2003-11-06,0.1362571103526735
2003-11-07,5.749397042093288
2003-11-08,9.606518771331059
2003-11-09,36.60728100113766
2003-11-10,2.6562229806598405
2003-11-11,0
2003-11-12,0
2003-11-13,0
2003-11-14,0.08143344709897611
2003-11-15,7.981922639362913
2003-11-16,0.8786803185437998
2003-11-17,0.7722525597269625
2003-11-18,0
2003-11-19,0
2003-11-20,0
2003-11-21,0
2003-11-22,0
2003-11-23,0
2003-11-24,0
2003-11-25,0
2003-11-26,0
2003-11-27,0
2003-11-28,0.0864391353811149
2003-11-29,2.501456200227531
2003-11-30,5.391399317406143
2003-12-01,16.47292377701934
2003-12-02,21.702616609783846
2003-12-03,0.8716951080773606
2003-12-04,0.18604095563139933
2003-12-05,11.285642775881684
2003-12-06,5.722764505119454
2003-12-07,22.13509670079636
2003-12-08,0
2003-12-09,0.019306029579067123
2003-12-10,30.564698521046644
2003-12-11,8.638828213879409
2003-12-12,0.12613196814562003
2003-12-13,9.330591581342434
2003-12-14,20.700432309442547
2003-12-15,0
2003-12-16,0
2003-12-17,0
2003-12-18,0
2003-12-19,0.026598407281001137
2003-12-20,17.272696245733787
2003-12-21,20.367804323094425
2003-12-22,0
2003-12-23,4.98382252559727
2003-12-24,42.51085324232082
2003-12-25,6.656154721274175
2003-12-26,0
2003-12-27,0
2003-12-28,0
2003-12-29,43.26412969283277
2003-12-30,52.57689419795222
2003-12-31,0
2004-01-01,18.957428896473264
2004-01-02,25.25773606370876
2004-01-03,4.466245733788396
2004-01-04,0
2004-01-05,0
2004-01-06,0
2004-01-07,4.705699658703072
2004-01-08,3.418031854379977
2004-01-09,1.8967804323094426
2004-01-10,21.270170648464163
2004-01-11,0
2004-01-12,0
2004-01-13,0.15248009101251422
2004-01-14,0.04343572241183163
2004-01-15,2.8597155858930603
2004-01-16,0
2004-01-17,0
2004-01-18,0
2004-01-19,0
2004-01-20,0
2004-01-21,0
2004-01-22,0
2004-01-23,0
2004-01-24,4.894061433447099
2004-01-25,0.021638225255972695
2004-01-26,0
2004-01-27,8.287758816837314
2004-01-28,5.418748577929465
2004-01-29,0
2004-01-30,0.25351535836177475
2004-01-31,1.2383276450511946
2004-02-01,0.733424345847554
2004-02-02,7.72971558589306
2004-02-03,31.915176336746303
2004-02-04,2.32028441410694
2004-02-05,0
2004-02-06,0
2004-02-07,3.037144482366325
2004-02-08,0
2004-02-09,0
2004-02-10,0
2004-02-11,0
2004-02-12,0
2004-02-13,0
2004-02-14,2.2634015927189988
2004-02-15,0.28754266211604096
2004-02-16,19.1019795221843
2004-02-17,75.86541524459614
2004-02-18,45.086291240045504
2004-02-19,0.2134698521046644
2004-02-20,0.3644254835039818
2004-02-21,0.16001137656427758
2004-02-22,1.7178384527872583
2004-02-23,2.8346075085324234
2004-02-24,2.932013651877133
2004-02-25,21.14655290102389
2004-02-26,29.60467576791809
2004-02-27,6.896769055745165
2004-02-28,0
2004-02-29,0
2004-03-01,2.246222980659841
2004-03-02,7.103139931740614
2004-03-03,0
2004-03-04,0
2004-03-05,0
2004-03-06,0
2004-03-07,0
2004-03-08,0
2004-03-09,0
2004-03-10,0
2004-03-11,0
2004-03-12,0
2004-03-13,0
2004-03-14,0
2004-03-15,0
2004-03-16,0
2004-03-17,0
2004-03-18,0
2004-03-19,0
2004-03-20,0
2004-03-21,0
2004-03-22,0
2004-03-23,0
2004-03-24,0
2004-03-25,0
2004-03-26,20.454880546075085
2004-03-27,2.386439135381115
2004-03-28,0.17399317406143344
2004-03-29,0
2004-03-30,0.35302616609783843
2004-03-31,0
2004-04-01,0
2004-04-02,0
2004-04-03,0
2004-04-04,0
2004-04-05,0
2004-04-06,0
2004-04-07,0
2004-04-08,0
2004-04-09,0
2004-04-10,0
2004-04-11,0
2004-04-12,0
2004-04-13,0
2004-04-14,0
2004-04-15,0.35150170648464163
2004-04-16,0
2004-04-17,0
2004-04-18,0.5312286689419795
2004-04-19,3.334562002275313
2004-04-20,13.952172923777018
2004-04-21,0.8465984072810011
2004-04-22,0.6786234357224118
2004-04-23,0
2004-04-24,0
2004-04-25,0
2004-04-26,0
2004-04-27,0
2004-04-28,0
2004-04-29,0
2004-04-30,0
2004-05-01,0
2004-05-02,0
2004-05-03,0
2004-05-04,0
2004-05-05,0
2004-05-06,0
2004-05-07,0
2004-05-08,0
2004-05-09,0
2004-05-10,0
2004-05-11,0
2004-05-12,0
2004-05-13,0
2004-05-14,0
2004-05-15,0
2004-05-16,0
2004-05-17,0
2004-05-18,0
2004-05-19,0.009101251422070534
2004-05-20,0
2004-05-21,0
2004-05-22,0
2004-05-23,0
2004-05-24,0
2004-05-25,0
2004-05-26,0
2004-05-27,0
2004-05-28,0.02700796359499431
2004-05-29,1.113230944254835
2004-05-30,0
2004-05-31,0
2004-06-01,0
2004-06-02,0
2004-06-03,0
2004-06-04,0
2004-06-05,0
2004-06-06,0
2004-06-07,0
2004-06-08,0
2004-06-09,0.11113765642775882
2004-06-10,0
2004-06-11,0
2004-06-12,0
2004-06-13,0
2004-06-14,0
2004-06-15,0
2004-06-16,0
2004-06-17,0
2004-06-18,0
2004-06-19,0
2004-06-20,0
2004-06-21,0
2004-06-22,0
2004-06-23,0
2004-06-24,0
2004-06-25,0
2004-06-26,0
2004-06-27,0
2004-06-28,0
2004-06-29,0
2004-06-30,0
2004-07-01,0
2004-07-02,0
2004-07-03,0
2004-07-04,0
2004-07-05,0
2004-07-06,0
2004-07-07,0
2004-07-08,0
2004-07-09,0
2004-07-10,0
2004-07-11,0
2004-07-12,0
2004-07-13,0
2004-07-14,0
2004-07-15,0
2004-07-16,0
2004-07-17,0
2004-07-18,0
2004-07-19,0
2004-07-20,0
2004-07-21,0
2004-07-22,0
2004-07-23,0
2004-07-24,2.957906712172924e-4
2004-07-25,0
2004-07-26,0
2004-07-27,0
2004-07-28,0
2004-07-29,0.08718998862343573
2004-07-30,0
2004-07-31,0
2004-08-01,0
2004-08-02,2.844141069397042e-4
2004-08-03,0
2004-08-04,0
2004-08-05,0
2004-08-06,0
2004-08-07,0
2004-08-08,0
2004-08-09,0
2004-08-10,0
2004-08-11,0
2004-08-12,0
2004-08-13,0
2004-08-14,0
2004-08-15,0
2004-08-16,0
2004-08-17,0
2004-08-18,0
2004-08-19,0
2004-08-20,0.003708759954493743
2004-08-21,0
2004-08-22,0
2004-08-23,0
2004-08-24,0
2004-08-25,0
2004-08-26,0
2004-08-27,0
2004-08-28,0
2004-08-29,0
2004-08-30,0
2004-08-31,0
2004-09-01,0
2004-09-02,0
2004-09-03,0
2004-09-04,0
2004-09-05,0
2004-09-06,0
2004-09-07,0
2004-09-08,0
2004-09-09,0
2004-09-10,0
2004-09-11,0
2004-09-12,0
2004-09-13,0
2004-09-14,0
2004-09-15,0
2004-09-16,0
2004-09-17,0
2004-09-18,0
2004-09-19,0.48169510807736066
2004-09-20,1.7340273037542662
2004-09-21,0
2004-09-22,0
2004-09-23,0
2004-09-24,0
2004-09-25,0
2004-09-26,0
2004-09-27,0
2004-09-28,0
2004-09-29,0
2004-09-30,0
2004-10-01,0
2004-10-02,0
2004-10-03,0
2004-10-04,0
2004-10-05,0
2004-10-06,0
2004-10-07,0
2004-10-08,0
2004-10-09,0
2004-10-10,0
2004-10-11,0
2004-10-12,0
2004-10-13,0
2004-10-14,0
2004-10-15,0
2004-10-16,0
2004-10-17,6.206962457337884
2004-10-18,10.796541524459613
2004-10-19,18.787747440273037
2004-10-20,26.86411831626849
2004-10-21,0.3970307167235495
2004-10-22,0
2004-10-23,0.7117292377701934
2004-10-24,5.450955631399317
2004-10-25,0
2004-10-26,35.875631399317406
2004-10-27,0.8654607508532424
2004-10-28,0
2004-10-29,0
2004-10-30,0
2004-10-31,0
2004-11-01,0
2004-11-02,0
2004-11-03,0
2004-11-04,4.527963594994311
2004-11-05,0
2004-11-06,0
2004-11-07,0
2004-11-08,0
2004-11-09,0
2004-11-10,7.4230602957906715
2004-11-11,10.799874857792947
2004-11-12,14.76632536973834
2004-11-13,0.739226393629124
2004-11-14,0
2004-11-15,0
2004-11-16,0
2004-11-17,0
2004-11-18,0.015927189988623434
2004-11-19,0
2004-11-20,0
2004-11-21,0
2004-11-22,0
2004-11-23,0
2004-11-24,0
2004-11-25,0.025301478953356087
2004-11-26,0.13791808873720138
2004-11-27,10.943890784982935
2004-11-28,8.662571103526735
2004-11-29,0
2004-11-30,0
2004-12-01,0
2004-12-02,0
2004-12-03,0
2004-12-04,0
2004-12-05,0
2004-12-06,0
2004-12-07,46.68814562002275
2004-12-08,53.62105802047782
2004-12-09,15.828896473265074
2004-12-10,0
2004-12-11,0
2004-12-12,0
2004-12-13,1.3727531285551764
2004-12-14,0.1071103526734926
2004-12-15,0.0035381114903299204
2004-12-16,0
2004-12-17,0.0055176336746302615
2004-12-18,0
2004-12-19,0
2004-12-20,0.058816837315130835
2004-12-21,0.0055176336746302615
2004-12-22,0
2004-12-23,0
2004-12-24,0
2004-12-25,0
2004-12-26,0
2004-12-27,59.9775654152446
2004-12-28,43.731342434584754
2004-12-29,10.777178612059158
2004-12-30,26.0064960182025
2004-12-31,15.754732650739477
2005-01-01,18.205620022753127
2005-01-02,13.060022753128555
2005-01-03,23.17028441410694
2005-01-04,2.368646188850967
2005-01-05,0.8432650739476678
2005-01-06,1.2257792946530148
2005-01-07,7.1305460750853245
2005-01-08,22.44844141069397
2005-01-09,7.336222980659841
2005-01-10,0.03688282138794084
2005-01-11,24.344175199089875
2005-01-12,4.8685437997724685
2005-01-13,0
2005-01-14,0
2005-01-15,0
2005-01-16,0
2005-01-17,0
2005-01-18,0
2005-01-19,0
2005-01-20,0
2005-01-21,0.005608646188850967
2005-01-22,0
2005-01-23,0
2005-01-24,0
2005-01-25,0
2005-01-26,7.396507394766781
2005-01-27,3.8144141069397044
2005-01-28,19.355927189988623
2005-01-29,3.383617747440273
2005-01-30,0
2005-01-31,0
2005-02-01,0
2005-02-02,0
2005-02-03,0
2005-02-04,0
2005-02-05,0
2005-02-06,0
2005-02-07,0.3310466439135381
2005-02-08,0.15476678043230943
2005-02-09,0
2005-02-10,0
2005-02-11,0
2005-02-12,0
2005-02-13,0.07002275312855517
2005-02-14,0.35466439135381117
2005-02-15,4.914254835039818
2005-02-16,14.773708759954493
2005-02-17,1.5046757679180887
2005-02-18,9.607303754266212
2005-02-19,15.946348122866894
2005-02-20,13.512741751990898
2005-02-21,13.895779294653014
2005-02-22,10.567849829351536
2005-02-23,0
2005-02-24,0
2005-02-25,0
2005-02-26,0
2005-02-27,4.1606598407281
2005-02-28,29.116541524459613
2005-03-01,0.08675767918088738
2005-03-02,14.78575654152446
2005-03-03,0
2005-03-04,9.58589306029579
2005-03-05,3.143071672354949
2005-03-06,0
2005-03-07,0
2005-03-08,0
2005-03-09,0
2005-03-10,0
2005-03-11,0
2005-03-12,0
2005-03-13,0
2005-03-14,0
2005-03-15,0
2005-03-16,0
2005-03-17,0
2005-03-18,0
2005-03-19,25.08221843003413
2005-03-20,12.750227531285551
2005-03-21,9.091763367463026
2005-03-22,42.061467576791806
2005-03-23,8.795779294653014
2005-03-24,0.2656541524459613
2005-03-25,0.003526734926052332
2005-03-26,0
2005-03-27,0
2005-03-28,25.695790671217292
2005-03-29,4.2547895335608645
2005-03-30,3.0404209328782708
2005-03-31,0
2005-04-01,0
2005-04-02,0
2005-04-03,0
2005-04-04,16.33763367463026
2005-04-05,0.04558589306029579
2005-04-06,0
2005-04-07,5.448987485779295
2005-04-08,6.794209328782707
2005-04-09,10.410910125142207
2005-04-10,0
2005-04-11,0
2005-04-12,0
2005-04-13,0
2005-04-14,0
2005-04-15,0
2005-04-16,0
2005-04-17,0
2005-04-18,0
2005-04-19,0
2005-04-20,0
2005-04-21,0
2005-04-22,0
2005-04-23,6.0860864618885095
2005-04-24,1.2665073947667804
2005-04-25,0
2005-04-26,0
2005-04-27,0
2005-04-28,0.7912059158134244
2005-04-29,0.3237315130830489
2005-04-30,0
2005-05-01,0
2005-05-02,0
2005-05-03,0
2005-05-04,0.0540386803185438
2005-05-05,27.64109215017065
2005-05-06,0.5593401592718998
2005-05-07,2.347815699658703
2005-05-08,7.273412969283276
2005-05-09,46.72596131968145
2005-05-10,2.428646188850967
2005-05-11,0
2005-05-12,0
2005-05-13,0
2005-05-14,0
2005-05-15,0
2005-05-16,0.06531285551763368
2005-05-17,0
2005-05-18,19.206962457337884
2005-05-19,42.1140614334471
2005-05-20,0
2005-05-21,0
2005-05-22,0
2005-05-23,0
2005-05-24,0
2005-05-25,0
2005-05-26,0
2005-05-27,0
2005-05-28,2.957906712172924e-4
2005-05-29,0
2005-05-30,0.0039817974971558595
2005-05-31,0.023128555176336746
2005-06-01,0
2005-06-02,0
2005-06-03,0
2005-06-04,0
2005-06-05,0
2005-06-06,0
2005-06-07,0
2005-06-08,0.5856655290102389
2005-06-09,11.984027303754266
2005-06-10,0.047121729237770194
2005-06-11,0
2005-06-12,0
2005-06-13,0
2005-06-14,0
2005-06-15,0
2005-06-16,0
2005-06-17,11.055506257110352
2005-06-18,3.6885779294653016
2005-06-19,0.4591126279863481
2005-06-20,0
2005-06-21,0
2005-06-22,0
2005-06-23,0
2005-06-24,0
2005-06-25,0
2005-06-26,0
2005-06-27,0
2005-06-28,0
2005-06-29,0
2005-06-30,0
2005-07-01,0
2005-07-02,0
2005-07-03,0
2005-07-04,0
2005-07-05,0
2005-07-06,0
2005-07-07,0
2005-07-08,0
2005-07-09,0
2005-07-10,0
2005-07-11,0
2005-07-12,0
2005-07-13,0
2005-07-14,0
2005-07-15,0
2005-07-16,0
2005-07-17,0
2005-07-18,0
2005-07-19,0
2005-07-20,0
2005-07-21,0
2005-07-22,0
2005-07-23,0
2005-07-24,0
2005-07-25,0
2005-07-26,0
2005-07-27,0
2005-07-28,0
2005-07-29,0
2005-07-30,0
2005-07-31,0
2005-08-01,0
2005-08-02,0
2005-08-03,0
2005-08-04,0
2005-08-05,0
2005-08-06,0
2005-08-07,0
2005-08-08,0
2005-08-09,0
2005-08-10,0
2005-08-11,0
2005-08-12,0
2005-08-13,0
2005-08-14,0
2005-08-15,0
2005-08-16,0
2005-08-17,0
2005-08-18,0
2005-08-19,0
2005-08-20,0.00726962457337884
2005-08-21,0
2005-08-22,0
2005-08-23,0
2005-08-24,0
2005-08-25,0
2005-08-26,0
2005-08-27,0
2005-08-28,0
2005-08-29,0
2005-08-30,0
2005-08-31,0
2005-09-01,0
2005-09-02,0
2005-09-03,0
2005-09-04,0
2005-09-05,0
2005-09-06,0
2005-09-07,0
2005-09-08,0
2005-09-09,0
2005-09-10,0
2005-09-11,0
2005-09-12,0
2005-09-13,0
2005-09-14,0
2005-09-15,0
2005-09-16,0
2005-09-17,0
2005-09-18,0
2005-09-19,0
2005-09-20,0
2005-09-21,0
2005-09-22,0
2005-09-23,0
2005-09-24,0
2005-09-25,0
2005-09-26,0
2005-09-27,0
2005-09-28,0
2005-09-29,0
2005-09-30,0
2005-10-01,0
2005-10-02,0
2005-10-03,0
2005-10-04,0
2005-10-05,0
2005-10-06,0
2005-10-07,0
2005-10-08,0
2005-10-09,0
2005-10-10,0
2005-10-11,0
2005-10-12,0
2005-10-13,0
2005-10-14,0
2005-10-15,1.6947667804323094
2005-10-16,0
2005-10-17,0
2005-10-18,0
2005-10-19,0
2005-10-20,0
2005-10-21,0
2005-10-22,0
2005-10-23,0
2005-10-24,0
2005-10-25,0.07315130830489193
2005-10-26,5.425881683731513
2005-10-27,1.5968373151308304
2005-10-28,8.091672354948805
2005-10-29,13.51349260523322
2005-10-30,0
2005-10-31,0
2005-11-01,0
2005-11-02,0
2005-11-03,0
2005-11-04,8.013219567690557
2005-11-05,0.5712741751990899
2005-11-06,0.36689419795221845
2005-11-07,3.6487144482366327
2005-11-08,18.397360637087598
2005-11-09,0.8159726962457338
2005-11-10,0
2005-11-11,0
2005-11-12,0
2005-11-13,0
2005-11-14,0
2005-11-15,0
2005-11-16,0
2005-11-17,0
2005-11-18,0
2005-11-19,0
2005-11-20,0
2005-11-21,0
2005-11-22,0
2005-11-23,0
2005-11-24,0
2005-11-25,7.487542662116041
2005-11-26,7.608646188850967
2005-11-27,0
2005-11-28,0
2005-11-29,16.445767918088738
2005-11-30,1.1936518771331057
2005-12-01,14.722650739476679
2005-12-02,51.336291240045504
2005-12-03,0.04410693970420933
2005-12-04,0
2005-12-05,0
2005-12-06,0
2005-12-07,0
2005-12-08,1.0160637087599544
2005-12-09,0
2005-12-10,0
2005-12-11,0
2005-12-12,0
2005-12-13,0.0052787258248009105
2005-12-14,0
2005-12-15,0.0052787258248009105
2005-12-16,0
2005-12-17,0.0052787258248009105
2005-12-18,40.57227531285552
2005-12-19,43.7019795221843
2005-12-20,4.423594994311718
2005-12-21,19.772104664391353
2005-12-22,26.21357224118316
2005-12-23,26.381114903299203
2005-12-24,0
2005-12-25,2.7547440273037545
2005-12-26,24.96664391353811
2005-12-27,3.418862343572241
2005-12-28,59.5908646188851
2005-12-29,16.649169510807734
2005-12-30,9.06547212741752
2005-12-31,125.51270762229807
2006-01-01,20.533105802047782
2006-01-02,40.41770193401593
2006-01-03,9.104266211604095
2006-01-04,13.522480091012515
2006-01-05,0.25284414106939707
2006-01-06,0
2006-01-07,1.7069852104664391
2006-01-08,0.4360864618885097
2006-01-09,0
2006-01-10,0
2006-01-11,3.127770193401593
2006-01-12,1.1857679180887373
2006-01-13,0
2006-01-14,11.076439135381115
2006-01-15,9.47758816837315
2006-01-16,0
2006-01-17,0
2006-01-18,24.017827076222982
2006-01-19,5.971547212741752
2006-01-20,0
2006-01-21,4.771899886234357
2006-01-22,0
2006-01-23,0
2006-01-24,0
2006-01-25,0
2006-01-26,0.3611376564277588
2006-01-27,6.211251422070535
2006-01-28,3.1623890784982933
2006-01-29,16.08170648464164
2006-01-30,1.3874175199089875
2006-01-31,15.199294653014789
2006-02-01,2.069146757679181
2006-02-02,11.630671217292377
2006-02-03,0.12408418657565415
2006-02-04,2.6213765642775884
2006-02-05,1.172491467576792
2006-02-06,0
2006-02-07,0
2006-02-08,0
2006-02-09,0
2006-02-10,0
2006-02-11,0
2006-02-12,0
2006-02-13,0
2006-02-14,0
2006-02-15,0
2006-02-16,0
2006-02-17,1.5867804323094425
2006-02-18,3.2808759954493745
2006-02-19,3.066188850967008
2006-02-20,0.031080773606370876
2006-02-21,0
2006-02-22,0
2006-02-23,0
2006-02-24,0
2006-02-25,0
2006-02-26,0
2006-02-27,41.673503981797495
2006-02-28,55.98741751990899
2006-03-01,3.84
2006-03-02,12.468498293515358
2006-03-03,11.65901023890785
2006-03-04,2.805529010238908
2006-03-05,7.381740614334471
2006-03-06,59.24869169510808
2006-03-07,11.660921501706484
2006-03-08,2.2333105802047784
2006-03-09,0.48433447098976107
2006-03-10,1.8296359499431172
2006-03-11,2.4878612059158134
2006-03-12,2.750557451649602
2006-03-13,4.965551763367463
2006-03-14,22.3313196814562
2006-03-15,3.6905688282138795
2006-03-16,1.7222980659840728
2006-03-17,14.674425483503981
2006-03-18,1.3693174061433446
2006-03-19,0
2006-03-20,0.8154379977246872
2006-03-21,7.582423208191126
2006-03-22,0
2006-03-23,0
2006-03-24,6.243549488054607
2006-03-25,26.602525597269626
2006-03-26,3.7339362912400453
2006-03-27,0
2006-03-28,9.134072810011377
2006-03-29,12.574516496018202
2006-03-30,6.490546075085324
2006-03-31,3.554141069397042
2006-04-01,24.623424345847553
2006-04-02,3.475995449374289
2006-04-03,23.34641638225256
2006-04-04,4.620250284414107
2006-04-05,17.00367463026166
2006-04-06,1.1521387940841865
2006-04-07,0
2006-04-08,9.813788395904437
2006-04-09,0.43782707622298067
2006-04-10,2.823754266211604
2006-04-11,6.462980659840728
2006-04-12,53.993083048919225
2006-04-13,8.307701934015927
2006-04-14,0
2006-04-15,0.25329920364050057
2006-04-16,15.471956769055746
2006-04-17,6.178270762229807
2006-04-18,0
2006-04-19,0
2006-04-20,0
2006-04-21,0
2006-04-22,0
2006-04-23,0.002081911262798635
2006-04-24,0
2006-04-25,0
2006-04-26,0
2006-04-27,0
2006-04-28,0
2006-04-29,0
2006-04-30,0
2006-05-01,0
2006-05-02,0
2006-05-03,0
2006-05-04,0
2006-05-05,0
2006-05-06,0
2006-05-07,0
2006-05-08,0
2006-05-09,0
2006-05-10,0
2006-05-11,0
2006-05-12,0
2006-05-13,0
2006-05-14,0
2006-05-15,0
2006-05-16,0
2006-05-17,0
2006-05-18,0
2006-05-19,0
2006-05-20,6.223139931740614
2006-05-21,0.9538907849829351
2006-05-22,6.30061433447099
2006-05-23,0.3678839590443686
2006-05-24,1.163481228668942
2006-05-25,2.5507849829351534
2006-05-26,0
2006-05-27,0
2006-05-28,0
2006-05-29,0
2006-05-30,0
2006-05-31,0
2006-06-01,0
2006-06-02,0
2006-06-03,0
2006-06-04,0
2006-06-05,0
2006-06-06,0
2006-06-07,0
2006-06-08,0
2006-06-09,0
2006-06-10,0.10475540386803185
2006-06-11,0
2006-06-12,0
2006-06-13,0
2006-06-14,0
2006-06-15,0
2006-06-16,0
2006-06-17,0
2006-06-18,0.09582480091012514
2006-06-19,0
2006-06-20,0
2006-06-21,0
2006-06-22,0
2006-06-23,0
2006-06-24,0
2006-06-25,0
2006-06-26,0
2006-06-27,0
2006-06-28,0
2006-06-29,0
2006-06-30,0
2006-07-01,0
2006-07-02,0
2006-07-03,0
2006-07-04,0
2006-07-05,0
2006-07-06,0
2006-07-07,0
2006-07-08,0
2006-07-09,0
2006-07-10,0
2006-07-11,0
2006-07-12,0
2006-07-13,0
2006-07-14,0
2006-07-15,0
2006-07-16,0
2006-07-17,0
2006-07-18,0
2006-07-19,0
2006-07-20,0
2006-07-21,0
2006-07-22,0
2006-07-23,0
2006-07-24,0
2006-07-25,0
2006-07-26,0.13870307167235496
2006-07-27,0
2006-07-28,0
2006-07-29,0.18177474402730376
2006-07-30,0.028896473265073948
2006-07-31,5.552582480091012
2006-08-01,0
2006-08-02,0
2006-08-03,0
2006-08-04,0
2006-08-05,0
2006-08-06,0
2006-08-07,0
2006-08-08,0
2006-08-09,0
2006-08-10,0
2006-08-11,0
2006-08-12,0
2006-08-13,0
2006-08-14,0
2006-08-15,0
2006-08-16,0
2006-08-17,0
2006-08-18,0
2006-08-19,0
2006-08-20,0
2006-08-21,0
2006-08-22,0
2006-08-23,0
2006-08-24,0
2006-08-25,0
2006-08-26,0
2006-08-27,0
2006-08-28,0
2006-08-29,0
2006-08-30,0
2006-08-31,0
2006-09-01,0
2006-09-02,0
2006-09-03,0
2006-09-04,0
2006-09-05,0
2006-09-06,0
2006-09-07,0
2006-09-08,0
2006-09-09,0
2006-09-10,0
2006-09-11,0
2006-09-12,0
2006-09-13,0
2006-09-14,0
2006-09-15,0
2006-09-16,0
2006-09-17,0
2006-09-18,0
2006-09-19,0
2006-09-20,0
2006-09-21,0
2006-09-22,0
2006-09-23,0
2006-09-24,0
2006-09-25,0
2006-09-26,0
2006-09-27,0
2006-09-28,0
2006-09-29,0
2006-09-30,0
2006-10-01,0
2006-10-02,0
2006-10-03,0
2006-10-04,0
2006-10-05,5.628828213879409
2006-10-06,5.578498293515358
2006-10-07,0
2006-10-08,0
2006-10-09,0
2006-10-10,0
2006-10-11,0
2006-10-12,0
2006-10-13,0
2006-10-14,0
2006-10-15,0
2006-10-16,0.4115017064846416
2006-10-17,0
2006-10-18,0
2006-10-19,0
2006-10-20,0
2006-10-21,0
2006-10-22,0
2006-10-23,0
2006-10-24,0
2006-10-25,0
2006-10-26,0
2006-10-27,0
2006-10-28,0
2006-10-29,0
2006-10-30,0
2006-10-31,0
2006-11-01,0
2006-11-02,4.204425483503981
2006-11-03,24.856860068259387
2006-11-04,0.0540386803185438
2006-11-05,0
2006-11-06,0
2006-11-07,0
2006-11-08,0.002969283276450512
2006-11-09,0
2006-11-10,0
2006-11-11,6.330273037542662
2006-11-12,3.319362912400455
2006-11-13,7.45259385665529
2006-11-14,13.629931740614335
2006-11-15,0
2006-11-16,0.48959044368600685
2006-11-17,2.1991012514220705
2006-11-18,0
2006-11-19,0
2006-11-20,0
2006-11-21,0
2006-11-22,0.16627986348122867
2006-11-23,2.157906712172924
2006-11-24,0.0019795221843003415
2006-11-25,0
2006-11-26,0
2006-11-27,19.618122866894197
2006-11-28,0.7265642775881683
2006-11-29,0
2006-11-30,0
2006-12-01,0
2006-12-02,0
2006-12-03,0
2006-12-04,0
2006-12-05,0
2006-12-06,0
2006-12-07,0
2006-12-08,0
2006-12-09,16.187656427758817
2006-12-10,18.55032992036405
2006-12-11,6.922468714448237
2006-12-12,26.906257110352673
2006-12-13,3.440853242320819
2006-12-14,2.021467576791809
2006-12-15,4.288771331058021
2006-12-16,0
2006-12-17,0
2006-12-18,0
2006-12-19,0
2006-12-20,0
2006-12-21,0.65386803185438
2006-12-22,21.540113765642776
2006-12-23,0
2006-12-24,0
2006-12-25,0
2006-12-26,0.6698976109215017
2006-12-27,49.447394766780434
2006-12-28,0
2006-12-29,0
2006-12-30,0
2006-12-31,0
2007-01-01,0
2007-01-02,0
2007-01-03,0
2007-01-04,5.714004550625711
2007-01-05,0.6786689419795222
2007-01-06,0
2007-01-07,0
2007-01-08,0
2007-01-09,0
2007-01-10,0
2007-01-11,0
2007-01-12,0
2007-01-13,0
2007-01-14,0
2007-01-15,0
2007-01-16,0
2007-01-17,0.4959613196814562
2007-01-18,0
2007-01-19,0
2007-01-20,0
2007-01-21,0
2007-01-22,0
2007-01-23,0
2007-01-24,0
2007-01-25,0
2007-01-26,0
2007-01-27,4.297701934015927
2007-01-28,0
2007-01-29,0
2007-01-30,0
2007-01-31,0
2007-02-01,0
2007-02-02,0
2007-02-03,0
2007-02-04,0
2007-02-05,0
2007-02-06,0
2007-02-07,0.6841638225255973
2007-02-08,16.857508532423207
2007-02-09,39.992252559726964
2007-02-10,34.869795221843006
2007-02-11,24.57485779294653
2007-02-12,0.32352673492605233
2007-02-13,16.743026166097838
2007-02-14,0
2007-02-15,0
2007-02-16,0
2007-02-17,0
2007-02-18,0
2007-02-19,0
2007-02-20,0
2007-02-21,0.3360295790671217
2007-02-22,18.599738339021616
2007-02-23,8.107781569965871
2007-02-24,0.40684869169510807
2007-02-25,20.728009101251423
2007-02-26,7.869647326507395
2007-02-27,11.90146757679181
2007-02-28,14.05443686006826
2007-03-01,0.08902161547212742
2007-03-02,0.29772468714448236
2007-03-03,0
2007-03-04,0
2007-03-05,0
2007-03-06,0
2007-03-07,0.0011604095563139932
2007-03-08,0
2007-03-09,0
2007-03-10,0
2007-03-11,0
2007-03-12,0
2007-03-13,0
2007-03-14,0
2007-03-15,0
2007-03-16,0
2007-03-17,0
2007-03-18,0
2007-03-19,0
2007-03-20,0.42600682593856654
2007-03-21,0
2007-03-22,0
2007-03-23,0
2007-03-24,0
2007-03-25,0
2007-03-26,0
2007-03-27,5.315290102389079
2007-03-28,0
2007-03-29,0
2007-03-30,0
2007-03-31,0
2007-04-01,0
2007-04-02,0
2007-04-03,0
2007-04-04,0
2007-04-05,0
2007-04-06,0
2007-04-07,0.5069738339021616
2007-04-08,0
2007-04-09,0
2007-04-10,0
2007-04-11,1.6738225255972696
2007-04-12,3.835551763367463
2007-04-13,0
2007-04-14,0.341547212741752
2007-04-15,4.511547212741752
2007-04-16,0
2007-04-17,0
2007-04-18,0
2007-04-19,0
2007-04-20,11.217201365187714
2007-04-21,0.007189988623435723
2007-04-22,35.35103526734926
2007-04-23,0.42929465301478953
2007-04-24,0
2007-04-25,0
2007-04-26,0
2007-04-27,0
2007-04-28,0
2007-04-29,0
2007-04-30,0
2007-05-01,0
2007-05-02,4.093447098976109
2007-05-03,0.7703071672354949
2007-05-04,6.840204778156997
2007-05-05,0.285415244596132
2007-05-06,0
2007-05-07,0
2007-05-08,0
2007-05-09,0
2007-05-10,0
2007-05-11,0
2007-05-12,0
2007-05-13,0
2007-05-14,0
2007-05-15,0
2007-05-16,0
2007-05-17,0
2007-05-18,0
2007-05-19,0
2007-05-20,0
2007-05-21,0
2007-05-22,0
2007-05-23,0
2007-05-24,0
2007-05-25,0
2007-05-26,0
2007-05-27,0
2007-05-28,0
2007-05-29,0
2007-05-30,0
2007-05-31,0
2007-06-01,0
2007-06-02,0
2007-06-03,0
2007-06-04,0
2007-06-05,0
2007-06-06,0
2007-06-07,0
2007-06-08,0
2007-06-09,0
2007-06-10,0
2007-06-11,0
2007-06-12,0
2007-06-13,0
2007-06-14,0
2007-06-15,0
2007-06-16,0
2007-06-17,0
2007-06-18,0
2007-06-19,0
2007-06-20,0
2007-06-21,0
2007-06-22,0
2007-06-23,0
2007-06-24,0
2007-06-25,0
2007-06-26,0
2007-06-27,0
2007-06-28,0
2007-06-29,0
2007-06-30,0
2007-07-01,0
2007-07-02,0
2007-07-03,0
2007-07-04,0
2007-07-05,0
2007-07-06,0
2007-07-07,0
2007-07-08,0
2007-07-09,0
2007-07-10,0
2007-07-11,0.42565415244596133
2007-07-12,0
2007-07-13,0
2007-07-14,0
2007-07-15,0
2007-07-16,0
2007-07-17,0
2007-07-18,0.897872582480091
2007-07-19,1.1291126279863481
2007-07-20,0
2007-07-21,0
2007-07-22,0
2007-07-23,0
2007-07-24,0
2007-07-25,0
2007-07-26,0
2007-07-27,0
2007-07-28,0
2007-07-29,0
2007-07-30,0
2007-07-31,0
2007-08-01,0
2007-08-02,0
2007-08-03,0
2007-08-04,0
2007-08-05,0
2007-08-06,0
2007-08-07,0
2007-08-08,0
2007-08-09,0
2007-08-10,0
2007-08-11,0
2007-08-12,0
2007-08-13,0
2007-08-14,0
2007-08-15,0
2007-08-16,0
2007-08-17,0
2007-08-18,0
2007-08-19,0
2007-08-20,0
2007-08-21,0
2007-08-22,0
2007-08-23,0
2007-08-24,0
2007-08-25,0
2007-08-26,0
2007-08-27,0
2007-08-28,0
2007-08-29,0
2007-08-30,0
2007-08-31,0
2007-09-01,0
2007-09-02,0
2007-09-03,0
2007-09-04,0
2007-09-05,0
2007-09-06,0
2007-09-07,0
2007-09-08,0.18108077360637087
2007-09-09,0
2007-09-10,0
2007-09-11,0
2007-09-12,0
2007-09-13,0
2007-09-14,0
2007-09-15,0
2007-09-16,0
2007-09-17,0
2007-09-18,0
2007-09-19,0
2007-09-20,0.17491467576791808
2007-09-21,0
2007-09-22,0.11492605233219567
2007-09-23,2.260136518771331
2007-09-24,0
2007-09-25,0
2007-09-26,0
2007-09-27,0
2007-09-28,0
2007-09-29,0
2007-09-30,0
2007-10-01,0.05335608646188851
2007-10-02,0.05472127417519909
2007-10-03,0
2007-10-04,0
2007-10-05,0
2007-10-06,0.23756541524459612
2007-10-07,0
2007-10-08,0
2007-10-09,0.03037542662116041
2007-10-10,27.46163822525597
2007-10-11,0
2007-10-12,3.4988282138794085
2007-10-13,20.844448236632537
2007-10-14,0
2007-10-15,6.370875995449374e-4
2007-10-16,4.215529010238908
2007-10-17,11.444971558589305
2007-10-18,2.3053924914675767
2007-10-19,2.9146188850967008
2007-10-20,7.062457337883959
2007-10-21,0
2007-10-22,0
2007-10-23,0
2007-10-24,0
2007-10-25,0
2007-10-26,0
2007-10-27,0
2007-10-28,0
2007-10-29,0
2007-10-30,0
2007-10-31,0
2007-11-01,0
2007-11-02,0
2007-11-03,0
2007-11-04,0
2007-11-05,0
2007-11-06,0
2007-11-07,0
2007-11-08,0
2007-11-09,0
2007-11-10,0.36025028441410695
2007-11-11,17.247622298065984
2007-11-12,0.02409556313993174
2007-11-13,0.004630261660978385
2007-11-14,0
2007-11-15,0
2007-11-16,0
2007-11-17,0
2007-11-18,0
2007-11-19,0.3410921501706485
2007-11-20,0.7691126279863482
2007-11-21,0
2007-11-22,0
2007-11-23,0
2007-11-24,0
2007-11-25,0
2007-11-26,0
2007-11-27,0
2007-11-28,0
2007-11-29,0
2007-11-30,0
2007-12-01,0
2007-12-02,0.8492377701934016
2007-12-03,0.6632195676905575
2007-12-04,17.762844141069397
2007-12-05,2.0575995449374287
2007-12-06,0
2007-12-07,28.08820250284414
2007-12-08,0
2007-12-09,0
2007-12-10,0
2007-12-11,0
2007-12-12,0
2007-12-13,0
2007-12-14,0
2007-12-15,0
2007-12-16,0
2007-12-17,9.11382252559727
2007-12-18,16.423185437997724
2007-12-19,20.81703071672355
2007-12-20,28.91542662116041
2007-12-21,0
2007-12-22,0
2007-12-23,0.008145620022753128
2007-12-24,0
2007-12-25,0
2007-12-26,0
2007-12-27,0
2007-12-28,7.667827076222981
2007-12-29,4.116211604095563
2007-12-30,1.715358361774744
2007-12-31,0
2008-01-01,0
2008-01-02,0
2008-01-03,0.11924914675767918
2008-01-04,55.83433447098976
2008-01-05,58.74038680318544
2008-01-06,19.216723549488055
2008-01-07,7.124027303754266
2008-01-08,1.9128896473265073
2008-01-09,23.541877133105803
2008-01-10,3.546518771331058
2008-01-11,2.580762229806598
2008-01-12,0.01073947667804323
2008-01-13,0
2008-01-14,0
2008-01-15,0
2008-01-16,0
2008-01-17,0
2008-01-18,0
2008-01-19,0
2008-01-20,0
2008-01-21,0
2008-01-22,7.805028441410694
2008-01-23,3.197235494880546
2008-01-24,2.0183617747440272
2008-01-25,11.467110352673492
2008-01-26,88.1108077360637
2008-01-27,13.90419795221843
2008-01-28,8.909067121729239
2008-01-29,0.9693174061433447
2008-01-30,6.8483959044368605
2008-01-31,0.33957906712172925
2008-02-01,30.4732992036405
2008-02-02,0.8248464163822525
2008-02-03,33.251387940841866
2008-02-04,1.4393742889647327
2008-02-05,0
2008-02-06,0
2008-02-07,0
2008-02-08,0
2008-02-09,0
2008-02-10,0
2008-02-11,0
2008-02-12,0
2008-02-13,0
2008-02-14,0
2008-02-15,0
2008-02-16,0
2008-02-17,0
2008-02-18,0
2008-02-19,0.16607508532423207
2008-02-20,5.941797497155859
2008-02-21,0.5362457337883959
2008-02-22,10.031467576791808
2008-02-23,3.544562002275313
2008-02-24,23.42707622298066
2008-02-25,22.95354948805461
2008-02-26,0
2008-02-27,0
2008-02-28,0
2008-02-29,0
2008-03-01,0
2008-03-02,0
2008-03-03,0
2008-03-04,0
2008-03-05,0
2008-03-06,0
2008-03-07,0
2008-03-08,0
2008-03-09,0
2008-03-10,0
2008-03-11,0
2008-03-12,0
2008-03-13,0.860967007963595
2008-03-14,0.46573378839590446
2008-03-15,1.6972468714448237
2008-03-16,1.168976109215017
2008-03-17,0
2008-03-18,0
2008-03-19,0
2008-03-20,0
2008-03-21,0
2008-03-22,0
2008-03-23,0
2008-03-24,0
2008-03-25,0
2008-03-26,0
2008-03-27,0
2008-03-28,0
2008-03-29,3.02740614334471
2008-03-30,0
2008-03-31,0
2008-04-01,0
2008-04-02,0
2008-04-03,0
2008-04-04,0
2008-04-05,0
2008-04-06,0
2008-04-07,0
2008-04-08,0
2008-04-09,0
2008-04-10,0
2008-04-11,0
2008-04-12,0
2008-04-13,0
2008-04-14,0
2008-04-15,0
2008-04-16,0
2008-04-17,0
2008-04-18,0
2008-04-19,0
2008-04-20,0
2008-04-21,0
2008-04-22,0
2008-04-23,5.970853242320819
2008-04-24,0.70160409556314
2008-04-25,0
2008-04-26,0
2008-04-27,0
2008-04-28,0
2008-04-29,0
2008-04-30,0
2008-05-01,0
2008-05-02,0
2008-05-03,0
2008-05-04,0
2008-05-05,0
2008-05-06,0
2008-05-07,0
2008-05-08,0
2008-05-09,0
2008-05-10,0
2008-05-11,0
2008-05-12,0
2008-05-13,0
2008-05-14,0
2008-05-15,0
2008-05-16,0
2008-05-17,0
2008-05-18,0
2008-05-19,0
2008-05-20,0
2008-05-21,0
2008-05-22,0
2008-05-23,0
2008-05-24,0
2008-05-25,2.2348236632536973
2008-05-26,0
2008-05-27,0
2008-05-28,0
2008-05-29,0
2008-05-30,0
2008-05-31,0
2008-06-01,0
2008-06-02,0
2008-06-03,0
2008-06-04,0
2008-06-05,0
2008-06-06,0
2008-06-07,0
2008-06-08,0
2008-06-09,0
2008-06-10,0
2008-06-11,0
2008-06-12,0
2008-06-13,0
2008-06-14,0
2008-06-15,0
2008-06-16,0
2008-06-17,0
2008-06-18,0
2008-06-19,0
2008-06-20,0
2008-06-21,0
2008-06-22,0
2008-06-23,0
2008-06-24,0
2008-06-25,0
2008-06-26,0
2008-06-27,0
2008-06-28,0
2008-06-29,0
2008-06-30,0
2008-07-01,0
2008-07-02,0
2008-07-03,0
2008-07-04,0
2008-07-05,0
2008-07-06,0
2008-07-07,0
2008-07-08,0
2008-07-09,0
2008-07-10,0
2008-07-11,0
2008-07-12,0
2008-07-13,0
2008-07-14,0
2008-07-15,0
2008-07-16,0
2008-07-17,0
2008-07-18,0
2008-07-19,0
2008-07-20,0
2008-07-21,0
2008-07-22,0
2008-07-23,0
2008-07-24,0
2008-07-25,0
2008-07-26,0
2008-07-27,0
2008-07-28,0
2008-07-29,0
2008-07-30,0
2008-07-31,0
2008-08-01,0
2008-08-02,0
2008-08-03,0
2008-08-04,0
2008-08-05,0
2008-08-06,0
2008-08-07,0
2008-08-08,0
2008-08-09,0
2008-08-10,0
2008-08-11,0
2008-08-12,0
2008-08-13,0
2008-08-14,0
2008-08-15,0
2008-08-16,0
2008-08-17,0
2008-08-18,0
2008-08-19,0
2008-08-20,0
2008-08-21,0
2008-08-22,0
2008-08-23,0
2008-08-24,0
2008-08-25,0
2008-08-26,0
2008-08-27,0
2008-08-28,0
2008-08-29,0
2008-08-30,0
2008-08-31,0
2008-09-01,0
2008-09-02,0
2008-09-03,0
2008-09-04,0
2008-09-05,0
2008-09-06,0
2008-09-07,0
2008-09-08,0
2008-09-09,0
2008-09-10,0
2008-09-11,0
2008-09-12,0
2008-09-13,0
2008-09-14,0
2008-09-15,0
2008-09-16,0
2008-09-17,0
2008-09-18,0
2008-09-19,0
2008-09-20,0.3240273037542662
2008-09-21,0
2008-09-22,0
2008-09-23,0
2008-09-24,0
2008-09-25,0
2008-09-26,0
2008-09-27,0
2008-09-28,0
2008-09-29,0
2008-09-30,0
2008-10-01,0
2008-10-02,0
2008-10-03,0
2008-10-04,16.54556313993174
2008-10-05,1.2620136518771332
2008-10-06,0
2008-10-07,0
2008-10-08,0
2008-10-09,0
2008-10-10,0
2008-10-11,0
2008-10-12,0
2008-10-13,0
2008-10-14,0
2008-10-15,0
2008-10-16,0
2008-10-17,0
2008-10-18,0
2008-10-19,0
2008-10-20,0
2008-10-21,0
2008-10-22,0
2008-10-23,0
2008-10-24,0
2008-10-25,0
2008-10-26,0
2008-10-27,0
2008-10-28,0
2008-10-29,0
2008-10-30,0
2008-10-31,8.762207053469853
2008-11-01,18.63551763367463
2008-11-02,44.28926052332196
2008-11-03,1.757929465301479
2008-11-04,18.11902161547213
2008-11-05,0.09594994311717861
2008-11-06,0
2008-11-07,0
2008-11-08,0
2008-11-09,1.7883276450511945
2008-11-10,0
2008-11-11,0
2008-11-12,0
2008-11-13,0
2008-11-14,0
2008-11-15,0
2008-11-16,0
2008-11-17,0
2008-11-18,0
2008-11-19,0
2008-11-20,0.5134357224118317
2008-11-21,0.025756541524459612
2008-11-22,0
2008-11-23,0
2008-11-24,0
2008-11-25,8.873720136518771e-4
2008-11-26,0.19757679180887372
2008-11-27,1.2971672354948804
2008-11-28,0
2008-11-29,0
2008-11-30,0
2008-12-01,0
2008-12-02,0
2008-12-03,0
2008-12-04,0
2008-12-05,0
2008-12-06,0
2008-12-07,0
2008-12-08,0
2008-12-09,0
2008-12-10,0
2008-12-11,0
2008-12-12,0
2008-12-13,0
2008-12-14,0
2008-12-15,12.808145620022753
2008-12-16,4.7297383390216154
2008-12-17,0.17042093287827076
2008-12-18,0.02571103526734926
2008-12-19,11.580853242320819
2008-12-20,0.03523321956769056
2008-12-21,0.31985210466439135
2008-12-22,13.579522184300341
2008-12-23,1.0573947667804322
2008-12-24,10.065915813424345
2008-12-25,33.84937428896473
2008-12-26,0.1298293515358362
2008-12-27,0
2008-12-28,1.3549032992036405
2008-12-29,0.3638339021615472
2008-12-30,0.2573833902161547
2008-12-31,0
2009-01-01,0
2009-01-02,3.973811149032992
2009-01-03,2.8796587030716725
2009-01-04,0
2009-01-05,0.5118088737201365
2009-01-06,1.7093856655290103
2009-01-07,0
2009-01-08,0.0848122866894198
2009-01-09,0.010875995449374289
2009-01-10,0
2009-01-11,0
2009-01-12,0
2009-01-13,0
2009-01-14,0
2009-01-15,0
2009-01-16,0
2009-01-17,0
2009-01-18,0
2009-01-19,0
2009-01-20,0
2009-01-21,0
2009-01-22,2.9634698521046645
2009-01-23,1.3902047781569966
2009-01-24,4.058623435722412
2009-01-25,0
2009-01-26,3.0716723549488055e-4
2009-01-27,0
2009-01-28,0
2009-01-29,0
2009-01-30,0
2009-01-31,0
2009-02-01,0
2009-02-02,0
2009-02-03,0
2009-02-04,0
2009-02-05,2.478509670079636
2009-02-06,15.203902161547212
2009-02-07,11.827963594994312
2009-02-08,0.011649601820250285
2009-02-09,4.425688282138794
2009-02-10,9.328782707622299e-4
2009-02-11,13.327087599544937
2009-02-12,8.292718998862343
2009-02-13,12.964175199089874
2009-02-14,8.004311717861206
2009-02-15,21.5245164960182
2009-02-16,37.629215017064844
2009-02-17,25.390921501706483
2009-02-18,12.73976109215017
2009-02-19,0.09546075085324232
2009-02-20,0
2009-02-21,0
2009-02-22,27.997952218430033
2009-02-23,40.01651877133106
2009-02-24,15.00470989761092
2009-02-25,0.7093060295790671
2009-02-26,5.325722411831626
2009-02-27,0.11113765642775882
2009-02-28,0.0012400455062571104
2009-03-01,5.198100113765642
2009-03-02,27.638930602957906
2009-03-03,16.944448236632535
2009-03-04,12.634448236632537
2009-03-05,3.759579067121729
2009-03-06,0.04524459613196814
2009-03-07,0
2009-03-08,0
2009-03-09,0
2009-03-10,0
2009-03-11,0
2009-03-12,0
2009-03-13,0
2009-03-14,0
2009-03-15,1.1468031854379976
2009-03-16,3.389362912400455
2009-03-17,1.7204095563139932
2009-03-18,0
2009-03-19,0
2009-03-20,0
2009-03-21,0
2009-03-22,7.84839590443686
2009-03-23,0.00378839590443686
2009-03-24,0
2009-03-25,0
2009-03-26,0
2009-03-27,0
2009-03-28,0
2009-03-29,0
2009-03-30,0
2009-03-31,0
2009-04-01,0
2009-04-02,0
2009-04-03,0
2009-04-04,0
2009-04-05,0
2009-04-06,0
2009-04-07,0
2009-04-08,9.956894197952218
2009-04-09,0.5082821387940842
2009-04-10,4.285767918088737
2009-04-11,0.02248009101251422
2009-04-12,0
2009-04-13,0
2009-04-14,0
2009-04-15,0.0067349260523321955
2009-04-16,0
2009-04-17,0
2009-04-18,0
2009-04-19,0
2009-04-20,0
2009-04-21,0
2009-04-22,0
2009-04-23,0.0032764505119453925
2009-04-24,0
2009-04-25,0
2009-04-26,0
2009-04-27,0
2009-04-28,0
2009-04-29,0
2009-04-30,0
2009-05-01,0
2009-05-02,20.981478953356085
2009-05-03,21.585017064846415
2009-05-04,6.881899886234358
2009-05-05,28.309328782707624
2009-05-06,0.8568145620022753
2009-05-07,0.6569397042093288
2009-05-08,0
2009-05-09,0
2009-05-10,0
2009-05-11,0
2009-05-12,0
2009-05-13,0
2009-05-14,0
2009-05-15,0
2009-05-16,0
2009-05-17,0
2009-05-18,0
2009-05-19,0
2009-05-20,0
2009-05-21,0
2009-05-22,0
2009-05-23,0
2009-05-24,0
2009-05-25,0
2009-05-26,0
2009-05-27,0
2009-05-28,0
2009-05-29,0
2009-05-30,0
2009-05-31,0
2009-06-01,0
2009-06-02,0
2009-06-03,0.8334926052332196
2009-06-04,0.6413424345847554
2009-06-05,0
2009-06-06,0
2009-06-07,0
2009-06-08,0
2009-06-09,0
2009-06-10,0
2009-06-11,0
2009-06-12,0
2009-06-13,0
2009-06-14,0
2009-06-15,0
2009-06-16,0
2009-06-17,0
2009-06-18,0
2009-06-19,0
2009-06-20,0
2009-06-21,0
2009-06-22,0
2009-06-23,0
2009-06-24,0
2009-06-25,0
2009-06-26,0
2009-06-27,0
2009-06-28,0
2009-06-29,0
2009-06-30,0
2009-07-01,0
2009-07-02,0
2009-07-03,0
2009-07-04,0
2009-07-05,0
2009-07-06,0
2009-07-07,0
2009-07-08,0
2009-07-09,0
2009-07-10,0
2009-07-11,0
2009-07-12,0
2009-07-13,0
2009-07-14,0
2009-07-15,0
2009-07-16,0
2009-07-17,0
2009-07-18,0
2009-07-19,0
2009-07-20,0
2009-07-21,0
2009-07-22,0
2009-07-23,0
2009-07-24,0
2009-07-25,0
2009-07-26,0
2009-07-27,0
2009-07-28,0
2009-07-29,0
2009-07-30,0
2009-07-31,0
2009-08-01,0
2009-08-02,0
2009-08-03,0
2009-08-04,0
2009-08-05,0
2009-08-06,0
2009-08-07,0
2009-08-08,0
2009-08-09,0
2009-08-10,0
2009-08-11,0
2009-08-12,0
2009-08-13,0
2009-08-14,0
2009-08-15,0
2009-08-16,0
2009-08-17,0
2009-08-18,0
2009-08-19,0
2009-08-20,0
2009-08-21,0
2009-08-22,0
2009-08-23,0
2009-08-24,0
2009-08-25,0
2009-08-26,0
2009-08-27,0
2009-08-28,0
2009-08-29,0
2009-08-30,0
2009-08-31,0
2009-09-01,0
2009-09-02,0
2009-09-03,0
2009-09-04,0
2009-09-05,0
2009-09-06,0
2009-09-07,0
2009-09-08,0
2009-09-09,0
2009-09-10,0
2009-09-11,0
2009-09-12,0.6715244596131968
2009-09-13,0.08814562002275313
2009-09-14,3.6842775881683734
2009-09-15,0.1163367463026166
2009-09-16,0
2009-09-17,0
2009-09-18,0
2009-09-19,0
2009-09-20,0
2009-09-21,0
2009-09-22,0
2009-09-23,0
2009-09-24,0
2009-09-25,0
2009-09-26,0
2009-09-27,0
2009-09-28,0
2009-09-29,0
2009-09-30,0
2009-10-01,0
2009-10-02,0
2009-10-03,0
2009-10-04,0
2009-10-05,0
2009-10-06,0
2009-10-07,0
2009-10-08,0
2009-10-09,0
2009-10-10,0
2009-10-11,0
2009-10-12,0.25282138794084186
2009-10-13,24.459419795221844
2009-10-14,67.97758816837315
2009-10-15,2.9998179749715588
2009-10-16,2.5574175199089875
2009-10-17,0
2009-10-18,0
2009-10-19,1.4037770193401593
2009-10-20,9.836905574516496
2009-10-21,0.004584755403868032
2009-10-22,0
2009-10-23,0
2009-10-24,0
2009-10-25,0
2009-10-26,0.005494880546075085
2009-10-27,0
2009-10-28,0
2009-10-29,0
2009-10-30,0
2009-10-31,0
2009-11-01,0
2009-11-02,0
2009-11-03,0
2009-11-04,0
2009-11-05,0.08612059158134243
2009-11-06,5.683105802047781
2009-11-07,4.95967007963595
2009-11-08,0
2009-11-09,0
2009-11-10,0
2009-11-11,0
2009-11-12,0
2009-11-13,0
2009-11-14,0
2009-11-15,0
2009-11-16,0
2009-11-17,2.957906712172924e-4
2009-11-18,5.733071672354948
2009-11-19,0
2009-11-20,0.099055745164960185
2009-11-21,13.000580204778156
2009-11-22,1.4850967007963596
2009-11-23,1.4345392491467577
2009-11-24,0
2009-11-25,0
2009-11-26,0
2009-11-27,0.3051535836177474
2009-11-28,0.4889419795221843
2009-11-29,0
2009-11-30,0
2009-12-01,0
2009-12-02,0
2009-12-03,0.0034129692832764505
2009-12-04,0
2009-12-05,0
2009-12-06,0
2009-12-07,1.4551763367463026
2009-12-08,0.05582480091012514
2009-12-09,0
2009-12-10,0
2009-12-11,5.359726962457338
2009-12-12,13.625915813424346
2009-12-13,25.527610921501708
2009-12-14,1.4344596131968146
2009-12-15,0.0068486916951080775
2009-12-16,18.732810011376564
2009-12-17,1.3597952218430034
2009-12-18,0.3551990898748578
2009-12-19,0.06436860068259385
2009-12-20,0.014015927189988623
2009-12-21,4.851149032992036
2009-12-22,2.28353811149033
2009-12-23,0
2009-12-24,0
2009-12-25,0
2009-12-26,0
2009-12-27,9.99230944254835
2009-12-28,0.2770193401592719
2009-12-29,0.1418430034129693
2009-12-30,7.381126279863481
2009-12-31,0.16601820250284413
2010-01-01,0.6548009101251422
2010-01-02,10.252798634812287
2010-01-03,0.06800910125142207
2010-01-04,0
2010-01-05,0
2010-01-06,0
2010-01-07,0
2010-01-08,0
2010-01-09,0.30091012514220705
2010-01-10,0.04889647326507395
2010-01-11,0
2010-01-12,19.630295790671216
2010-01-13,12.792605233219568
2010-01-14,0.249613196814562
2010-01-15,0.022707622298065985
2010-01-16,0
2010-01-17,4.641240045506257
2010-01-18,24.539465301478952
2010-01-19,43.38207053469852
2010-01-20,43.661513083048916
2010-01-21,44.74337883959044
2010-01-22,17.56326507394767
2010-01-23,14.282195676905575
2010-01-24,3.5129124004550625
2010-01-25,28.11980659840728
2010-01-26,31.394448236632538
2010-01-27,0.7931399317406144
2010-01-28,0.05765642775881684
2010-01-29,0
2010-01-30,6.990193401592719
2010-01-31,0.017815699658703072
2010-02-01,0
2010-02-02,0.29045506257110354
2010-02-03,3.3621387940841867
2010-02-04,1.3238794084186576
2010-02-05,29.221660978384527
2010-02-06,17.450307167235493
2010-02-07,7.141194539249147
2010-02-08,0.005995449374288965
2010-02-09,7.073435722411832
2010-02-10,0.45792946530147893
2010-02-11,0
2010-02-12,5.335585893060296
2010-02-13,2.8680204778156995
2010-02-14,0.004709897610921502
2010-02-15,0.024584755403868033
2010-02-16,0
2010-02-17,0
2010-02-18,0
2010-02-19,0.018248009101251423
2010-02-20,0.0025142207053469854
2010-02-21,0.009419795221843004
2010-02-22,2.143458475540387
2010-02-23,0.08345847554038681
2010-02-24,48.22083048919227
2010-02-25,1.5744596131968145
2010-02-26,0.7593060295790671
2010-02-27,22.190523321956768
2010-02-28,2.572434584755404
2010-03-01,0
2010-03-02,8.657849829351536
2010-03-03,27.87974971558589
2010-03-04,10.541615472127418
2010-03-05,6.712172923777019e-4
2010-03-06,0
2010-03-07,0
2010-03-08,0
2010-03-09,0.8871331058020477
2010-03-10,6.419146757679181
2010-03-11,0
2010-03-12,0.7961092150170649
2010-03-13,21.406916951080774
2010-03-14,0
2010-03-15,0
2010-03-16,0
2010-03-17,0
2010-03-18,0
2010-03-19,0
2010-03-20,0
2010-03-21,0
2010-03-22,0
2010-03-23,0
2010-03-24,0
2010-03-25,5.967610921501707
2010-03-26,2.8031058020477815
2010-03-27,0
2010-03-28,0
2010-03-29,2.7830716723549487
2010-03-30,9.7593401592719
2010-03-31,7.7159613196814565
2010-04-01,13.10122866894198
2010-04-02,0.38763367463026166
2010-04-03,14.649453924914676
2010-04-04,0.27976109215017064
2010-04-05,27.1686803185438
2010-04-06,1.2038339021615472
2010-04-07,0
2010-04-08,0
2010-04-09,0
2010-04-10,0
2010-04-11,1.8253697383390217
2010-04-12,44.20543799772469
2010-04-13,10.476666666666667
2010-04-14,0
2010-04-15,0
2010-04-16,0
2010-04-17,0
2010-04-18,0
2010-04-19,0
2010-04-20,9.249124004550625
2010-04-21,3.827986348122867
2010-04-22,1.205358361774744
2010-04-23,0
2010-04-24,0
2010-04-25,0
2010-04-26,0
2010-04-27,9.948748577929464
2010-04-28,5.6978043230944255
2010-04-29,3.655051194539249
2010-04-30,0
2010-05-01,0
2010-05-02,0
2010-05-03,0
2010-05-04,0
2010-05-05,0
2010-05-06,0
2010-05-07,0
2010-05-08,0
2010-05-09,0.046621160409556314
2010-05-10,4.03292377701934
2010-05-11,5.752002275312855
2010-05-12,0
2010-05-13,0
2010-05-14,0
2010-05-15,0
2010-05-16,0
2010-05-17,0
2010-05-18,15.894209328782708
2010-05-19,0
2010-05-20,1.1656200227531286
2010-05-21,0
2010-05-22,0.03781569965870307
2010-05-23,0.1400796359499431
2010-05-24,0
2010-05-25,0.23607508532423208
2010-05-26,13.69476678043231
2010-05-27,10.358100113765643
2010-05-28,16.185233219567692
2010-05-29,0
2010-05-30,0
2010-05-31,0
2010-06-01,0
2010-06-02,0
2010-06-03,0
2010-06-04,0.8798407281001137
2010-06-05,0.6429692832764505
2010-06-06,0
2010-06-07,0
2010-06-08,0
2010-06-09,0.30306029579067123
2010-06-10,0.025540386803185437
2010-06-11,0
2010-06-12,0
2010-06-13,0
2010-06-14,0
2010-06-15,0
2010-06-16,0
2010-06-17,0
2010-06-18,0
2010-06-19,0
2010-06-20,0
2010-06-21,0
2010-06-22,0
2010-06-23,0
2010-06-24,0
2010-06-25,0
2010-06-26,0
2010-06-27,0
2010-06-28,0
2010-06-29,0
2010-06-30,0
2010-07-01,0
2010-07-02,0
2010-07-03,0
2010-07-04,0
2010-07-05,0
2010-07-06,0
2010-07-07,0
2010-07-08,0
2010-07-09,0
2010-07-10,0
2010-07-11,0
2010-07-12,0
2010-07-13,0
2010-07-14,0
2010-07-15,0
2010-07-16,0
2010-07-17,0
2010-07-18,0
2010-07-19,0
2010-07-20,0
2010-07-21,0
2010-07-22,0
2010-07-23,0
2010-07-24,0
2010-07-25,0
2010-07-26,0
2010-07-27,0
2010-07-28,0
2010-07-29,0
2010-07-30,0
2010-07-31,0
2010-08-01,0
2010-08-02,0
2010-08-03,0
2010-08-04,0
2010-08-05,0
2010-08-06,0
2010-08-07,0
2010-08-08,0
2010-08-09,0
2010-08-10,0
2010-08-11,0.0027303754266211604
2010-08-12,0
2010-08-13,0
2010-08-14,0
2010-08-15,0
2010-08-16,0
2010-08-17,0
2010-08-18,0
2010-08-19,0
2010-08-20,0
2010-08-21,0
2010-08-22,0
2010-08-23,0
2010-08-24,0
2010-08-25,0
2010-08-26,0
2010-08-27,0
2010-08-28,0
2010-08-29,0
2010-08-30,0
2010-08-31,0
2010-09-01,0
2010-09-02,0
2010-09-03,0
2010-09-04,0
2010-09-05,0
2010-09-06,0
2010-09-07,0
2010-09-08,0
2010-09-09,0
2010-09-10,0
2010-09-11,0
2010-09-12,0
2010-09-13,0
2010-09-14,0
2010-09-15,0
2010-09-16,0
2010-09-17,0
2010-09-18,0
2010-09-19,1.0288623435722413
2010-09-20,2.048452787258248
2010-09-21,0
2010-09-22,0
2010-09-23,0
2010-09-24,0
2010-09-25,0
2010-09-26,0
2010-09-27,0
2010-09-28,0
2010-09-29,0
2010-09-30,0
2010-10-01,0
2010-10-02,0
2010-10-03,0
2010-10-04,0
2010-10-05,0
2010-10-06,0
2010-10-07,0
2010-10-08,0
2010-10-09,0
2010-10-10,0
2010-10-11,0
2010-10-12,0
2010-10-13,0
2010-10-14,0
2010-10-15,0
2010-10-16,0
2010-10-17,0.26102389078498295
2010-10-18,4.875381114903299
2010-10-19,0
2010-10-20,0
2010-10-21,0
2010-10-22,2.8802616609783844
2010-10-23,4.541331058020478
2010-10-24,74.40990898748578
2010-10-25,46.54737201365188
2010-10-26,0.09300341296928327
2010-10-27,0
2010-10-28,0.10284414106939704
2010-10-29,11.531717861205916
2010-10-30,7.758452787258248
2010-10-31,1.4186803185437997
2010-11-01,0
2010-11-02,0
2010-11-03,0
2010-11-04,0
2010-11-05,0
2010-11-06,0
2010-11-07,21.245164960182024
2010-11-08,6.792787258248009
2010-11-09,0
2010-11-10,4.300921501706485
2010-11-11,0.001695108077360637
2010-11-12,0
2010-11-13,0
2010-11-14,0
2010-11-15,0
2010-11-16,0
2010-11-17,0
2010-11-18,0
2010-11-19,0
2010-11-20,8.087508532423207
2010-11-21,22.051729237770193
2010-11-22,2.169783845278726
2010-11-23,8.154118316268487
2010-11-24,0.2624914675767918
2010-11-25,0
2010-11-26,0
2010-11-27,10.974709897610921
2010-11-28,5.106507394766781
2010-11-29,0
2010-11-30,0
2010-12-01,0
2010-12-02,0
2010-12-03,4.889146757679181
2010-12-04,0.41193401592719
2010-12-05,2.34641638225256
2010-12-06,33.61642775881684
2010-12-07,0.4521501706484642
2010-12-08,9.714812286689419
2010-12-09,12.306257110352673
2010-12-10,2.717542662116041
2010-12-11,1.3004095563139932
2010-12-12,0.08965870307167235
2010-12-13,0.08154721274175199
2010-12-14,8.92589306029579
2010-12-15,2.4445506257110354
2010-12-16,0
2010-12-17,3.4611831626848693
2010-12-18,23.207189988623437
2010-12-19,23.28437997724687
2010-12-20,21.44580204778157
2010-12-21,9.387747440273037
2010-12-22,19.422241183162686
2010-12-23,0.694584755403868
2010-12-24,0
2010-12-25,0
2010-12-26,24.496712172923775
2010-12-27,10.784732650739477
2010-12-28,0.6063026166097838
2010-12-29,49.05325369738339
2010-12-30,3.0716723549488055e-4
2010-12-31,0
2011-01-01,10.612980659840728
2011-01-02,11.066348122866895
2011-01-03,1.1627417519908987
2011-01-04,0.008339021615472128
2011-01-05,0
2011-01-06,0
2011-01-07,0.013174061433447098
2011-01-08,0.025176336746302617
2011-01-09,0
2011-01-10,0
2011-01-11,0
2011-01-12,0.45193401592719
2011-01-13,1.183310580204778
2011-01-14,8.318839590443686
2011-01-15,0
2011-01-16,0
2011-01-17,0
2011-01-18,0.031592718998862346
2011-01-19,0
2011-01-20,0
2011-01-21,0
2011-01-22,0
2011-01-23,0
2011-01-24,0
2011-01-25,0
2011-01-26,0
2011-01-27,0
2011-01-28,0
2011-01-29,0
2011-01-30,17.759226393629124
2011-01-31,1.3759613196814562
2011-02-01,0.008020477815699659
2011-02-02,0
2011-02-03,0
2011-02-04,0
2011-02-05,0
2011-02-06,0
2011-02-07,0
2011-02-08,0
2011-02-09,0
2011-02-10,0
2011-02-11,0
2011-02-12,0
2011-02-13,0
2011-02-14,5.307030716723549
2011-02-15,17.353947667804324
2011-02-16,47.35044368600683
2011-02-17,14.844960182025028
2011-02-18,32.14220705346985
2011-02-19,14.681490329920363
2011-02-20,1.052127417519909
2011-02-21,0.13708759954493743
2011-02-22,0
2011-02-23,0
2011-02-24,0
2011-02-25,27.534493742889648
2011-02-26,2.2421387940841866
2011-02-27,0
2011-02-28,0.008987485779294653
2011-03-01,0.003310580204778157
2011-03-02,23.961899886234356
2011-03-03,5.082468714448237
2011-03-04,0
2011-03-05,0
2011-03-06,15.793811149032992
2011-03-07,7.947610921501706
2011-03-08,0.7449488054607508
2011-03-09,0
2011-03-10,0
2011-03-11,3.22967007963595
2011-03-12,0
2011-03-13,0
2011-03-14,20.697986348122868
2011-03-15,3.49452787258248
2011-03-16,38.13093287827076
2011-03-17,0.23040955631399318
2011-03-18,3.6855290102389078
2011-03-19,26.385779294653016
2011-03-20,52.7514220705347
2011-03-21,3.717588168373151
2011-03-22,0.9930375426621161
2011-03-23,20.595415244596133
2011-03-24,15.517337883959044
2011-03-25,34.5885779294653
2011-03-26,24.73159271899886
2011-03-27,4.361854379977247
2011-03-28,4.213014789533561
2011-03-29,0
2011-03-30,0
2011-03-31,0
2011-04-01,0
2011-04-02,0
2011-04-03,0
2011-04-04,0
2011-04-05,0
2011-04-06,0
2011-04-07,0
2011-04-08,0
2011-04-09,0.005062571103526735
2011-04-10,0
2011-04-11,0
2011-04-12,0
2011-04-13,0.35679180887372014
2011-04-14,1.6497155858930603
2011-04-15,0
2011-04-16,0
2011-04-17,0
2011-04-18,0
2011-04-19,0.5220591581342434
2011-04-20,0.12120591581342434
2011-04-21,9.728031854379978
2011-04-22,0
2011-04-23,0
2011-04-24,3.07967007963595
2011-04-25,2.5143344709897613
2011-04-26,0.6859726962457338
2011-04-27,0
2011-04-28,0
2011-04-29,0
2011-04-30,0
2011-05-01,0
2011-05-02,0
2011-05-03,0
2011-05-04,0
2011-05-05,0
2011-05-06,0
2011-05-07,0
2011-05-08,0
2011-05-09,0
2011-05-10,0
2011-05-11,0
2011-05-12,0
2011-05-13,0
2011-05-14,0
2011-05-15,6.566120591581343
2011-05-16,3.992070534698521
2011-05-17,17.769089874857794
2011-05-18,17.33212741751991
2011-05-19,0
2011-05-20,0
2011-05-21,0
2011-05-22,0
2011-05-23,0
2011-05-24,0
2011-05-25,1.920500568828214
2011-05-26,10.526496018202502
2011-05-27,0.25774744027303753
2011-05-28,0.5830034129692833
2011-05-29,3.2043117178612057
2011-05-30,0
2011-05-31,3.3151194539249147
2011-06-01,2.6691240045506257
2011-06-02,6.509397042093288
2011-06-03,0.5887713310580205
2011-06-04,8.294539249146757
2011-06-05,15.060364050056883
2011-06-06,3.6253583617747442
2011-06-07,0
2011-06-08,0
2011-06-09,0
2011-06-10,0
2011-06-11,0
2011-06-12,0
2011-06-13,0
2011-06-14,0
2011-06-15,0
2011-06-16,0
2011-06-17,0
2011-06-18,0
2011-06-19,0
2011-06-20,0
2011-06-21,0
2011-06-22,0
2011-06-23,0
2011-06-24,0
2011-06-25,0
2011-06-26,0
2011-06-27,0
2011-06-28,3.7513083048919227
2011-06-29,17.602525597269626
2011-06-30,0
2011-07-01,0
2011-07-02,0
2011-07-03,0
2011-07-04,0
2011-07-05,0
2011-07-06,0
2011-07-07,0
2011-07-08,0
2011-07-09,0
2011-07-10,0
2011-07-11,0
2011-07-12,0
2011-07-13,0
2011-07-14,0
2011-07-15,0
2011-07-16,0
2011-07-17,0
2011-07-18,0
2011-07-19,0
2011-07-20,0
2011-07-21,0
2011-07-22,0
2011-07-23,0
2011-07-24,0
2011-07-25,0
2011-07-26,0
2011-07-27,0
2011-07-28,0
2011-07-29,0
2011-07-30,0
2011-07-31,0.007053469852104664
2011-08-01,0.10078498293515359
2011-08-02,0.15097838452787257
2011-08-03,0
2011-08-04,0
2011-08-05,0
2011-08-06,0
2011-08-07,0
2011-08-08,0
2011-08-09,0
2011-08-10,0
2011-08-11,0
2011-08-12,0
2011-08-13,0
2011-08-14,0
2011-08-15,0
2011-08-16,0
2011-08-17,0
2011-08-18,0
2011-08-19,0.028794084186575655
2011-08-20,0.008282138794084187
2011-08-21,0
2011-08-22,0
2011-08-23,0
2011-08-24,0
2011-08-25,0
2011-08-26,0
2011-08-27,0
2011-08-28,0
2011-08-29,0
2011-08-30,0
2011-08-31,0
2011-09-01,0
2011-09-02,0
2011-09-03,0
2011-09-04,0
2011-09-05,0
2011-09-06,0
2011-09-07,0
2011-09-08,0
2011-09-09,0
2011-09-10,0
2011-09-11,0
2011-09-12,0.03253697383390216
2011-09-13,0
2011-09-14,0
2011-09-15,0
2011-09-16,0
2011-09-17,0
2011-09-18,0
2011-09-19,0
2011-09-20,0
2011-09-21,0
2011-09-22,0
2011-09-23,0
2011-09-24,0
2011-09-25,0.027406143344709897
2011-09-26,0.7072127417519909
2011-09-27,0
2011-09-28,0
2011-09-29,0
2011-09-30,0.06964732650739476
2011-10-01,0
2011-10-02,0
2011-10-03,0
2011-10-04,16.87858930602958
2011-10-05,26.565108077360637
2011-10-06,3.9202616609783845
2011-10-07,1.3257906712172924
2011-10-08,0
2011-10-09,0
2011-10-10,0.017792946530147895
2011-10-11,8.74967007963595
2011-10-12,0
2011-10-13,0
2011-10-14,0
2011-10-15,0
2011-10-16,0
2011-10-17,0
2011-10-18,0
2011-10-19,0
2011-10-20,0
2011-10-21,0
2011-10-22,0
2011-10-23,0
2011-10-24,0
2011-10-25,0
2011-10-26,0
2011-10-27,0
2011-10-28,0
2011-10-29,0
2011-10-30,0
2011-10-31,0
2011-11-01,0
2011-11-02,0
2011-11-03,0
2011-11-04,0.1108646188850967
2011-11-05,0
2011-11-06,16.410910125142205
2011-11-07,0.05079635949943117
2011-11-08,0
2011-11-09,0
2011-11-10,0
2011-11-11,0
2011-11-12,4.247019340159272
2011-11-13,0
2011-11-14,0
2011-11-15,0
2011-11-16,0
2011-11-17,0
2011-11-18,0.08364050056882821
2011-11-19,3.183503981797497
2011-11-20,13.127588168373151
2011-11-21,1.5269738339021615
2011-11-22,0
2011-11-23,0
2011-11-24,18.158088737201364
2011-11-25,2.0280204778156996
2011-11-26,0.25036405005688284
2011-11-27,0
2011-11-28,0
2011-11-29,0
2011-11-30,0.011467576791808874
2011-12-01,0
2011-12-02,0
2011-12-03,0
2011-12-04,0
2011-12-05,0
2011-12-06,0
2011-12-07,0
2011-12-08,0.018407281001137657
2011-12-09,0
2011-12-10,0
2011-12-11,0
2011-12-12,0.2685893060295791
2011-12-13,0
2011-12-14,0
2011-12-15,4.0370307167235495
2011-12-16,0.11803185437997725
2011-12-17,0
2011-12-18,0.029738339021615472
2011-12-19,0
2011-12-20,0
2011-12-21,0
2011-12-22,0
2011-12-23,0
2011-12-24,0
2011-12-25,0
2011-12-26,0
2011-12-27,0
2011-12-28,0
2011-12-29,0.0017747440273037543
2011-12-30,0.021444823663253697
2011-12-31,0.6041865756541525
2012-01-01,0
2012-01-02,0
2012-01-03,0.010079635949943117
2012-01-04,0
2012-01-05,0
2012-01-06,0
2012-01-07,0
2012-01-08,0
2012-01-09,0
2012-01-10,0
2012-01-11,0
2012-01-12,0
2012-01-13,0
2012-01-14,0
2012-01-15,0
2012-01-16,0
2012-01-17,0
2012-01-18,0
2012-01-19,0.1473947667804323
2012-01-20,24.380716723549487
2012-01-21,78.33630261660979
2012-01-22,2.1819567690557453
2012-01-23,71.26120591581342
2012-01-24,3.7362116040955633
2012-01-25,0
2012-01-26,0
2012-01-27,0.01453924914675768
2012-01-28,0
2012-01-29,0
2012-01-30,0
2012-01-31,0
2012-02-01,1.4764732650739476
2012-02-02,0.08313993174061433
2012-02-03,0
2012-02-04,0
2012-02-05,0
2012-02-06,0
2012-02-07,13.05146757679181
2012-02-08,6.531342434584755
2012-02-09,0
2012-02-10,0.5802161547212742
2012-02-11,3.0382935153583617
2012-02-12,0
2012-02-13,6.534186575654153
2012-02-14,0.40832764505119457
2012-02-15,0.14542662116040955
2012-02-16,0
2012-02-17,0
2012-02-18,0
2012-02-19,0
2012-02-20,0.25146757679180887
2012-02-21,0.11155858930602958
2012-02-22,0
2012-02-23,0
2012-02-24,0
2012-02-25,0
2012-02-26,0
2012-02-27,0
2012-02-28,0
2012-02-29,18.026757679180886
2012-03-01,3.3051535836177472
2012-03-02,4.916598407281001
2012-03-03,0
2012-03-04,0
2012-03-05,0
2012-03-06,0
2012-03-07,0
2012-03-08,0
2012-03-09,0
2012-03-10,0
2012-03-11,0.05469852104664391
2012-03-12,1.6970875995449375
2012-03-13,16.21938566552901
2012-03-14,68.39275312855517
2012-03-15,10.762741751990898
2012-03-16,12.247849829351535
2012-03-17,30.49806598407281
2012-03-18,0.1079863481228669
2012-03-19,0
2012-03-20,0
2012-03-21,0
2012-03-22,0.5713310580204778
2012-03-23,0.34637087599544936
2012-03-24,3.7657792946530146
2012-03-25,26.13287827076223
2012-03-26,0.20688282138794084
2012-03-27,7.201717861205916
2012-03-28,34.38524459613197
2012-03-29,0.0858589306029579
2012-03-30,0.7977360637087599
2012-03-31,2.786734926052332
2012-04-01,13.857565415244595
2012-04-02,0
2012-04-03,0
2012-04-04,0.6933105802047782
2012-04-05,0
2012-04-06,0
2012-04-07,0
2012-04-08,0
2012-04-09,0
2012-04-10,5.1558134243458476
2012-04-11,11.944368600682594
2012-04-12,17.112889647326508
2012-04-13,19.585437997724686
2012-04-14,2.1460295790671218
2012-04-15,0
2012-04-16,0
2012-04-17,0
2012-04-18,0
2012-04-19,0
2012-04-20,0
2012-04-21,0
2012-04-22,0
2012-04-23,0.10084186575654153
2012-04-24,1.4250170648464164
2012-04-25,0.12488054607508532
2012-04-26,1.5029237770193402
2012-04-27,0.43402730375426624
2012-04-28,0
2012-04-29,0
2012-04-30,0
2012-05-01,0
2012-05-02,0
2012-05-03,0.04817974971558589
2012-05-04,4.806029579067122
2012-05-05,0
2012-05-06,0
2012-05-07,0
2012-05-08,0
2012-05-09,0
2012-05-10,0
2012-05-11,0
2012-05-12,0
2012-05-13,0
2012-05-14,0
2012-05-15,0
2012-05-16,0
2012-05-17,0
2012-05-18,0
2012-05-19,0
2012-05-20,0
2012-05-21,0
2012-05-22,0
2012-05-23,0
2012-05-24,0
2012-05-25,0
2012-05-26,0.18997724687144482
2012-05-27,0
2012-05-28,0
2012-05-29,0
2012-05-30,0
2012-05-31,0
2012-06-01,0
2012-06-02,0
2012-06-03,0
2012-06-04,0.5450056882821388
2012-06-05,1.1249488054607508
2012-06-06,0
2012-06-07,0
2012-06-08,0
2012-06-09,0
2012-06-10,0
2012-06-11,0
2012-06-12,0
2012-06-13,0
2012-06-14,0
2012-06-15,0
2012-06-16,0
2012-06-17,0
2012-06-18,0
2012-06-19,0
2012-06-20,0
2012-06-21,0
2012-06-22,0
2012-06-23,0.042639362912400454
2012-06-24,0
2012-06-25,0
2012-06-26,0
2012-06-27,0
2012-06-28,0
2012-06-29,0
2012-06-30,0
2012-07-01,0
2012-07-02,0
2012-07-03,0
2012-07-04,0
2012-07-05,0
2012-07-06,0
2012-07-07,0
2012-07-08,0
2012-07-09,0
2012-07-10,0
2012-07-11,0
2012-07-12,0
2012-07-13,0
2012-07-14,0
2012-07-15,0
2012-07-16,0.12503981797497155
2012-07-17,0.007986348122866894
2012-07-18,0.009988623435722412
2012-07-19,0
2012-07-20,0
2012-07-21,0
2012-07-22,0
2012-07-23,0
2012-07-24,0
2012-07-25,0
2012-07-26,0
2012-07-27,0
2012-07-28,0
2012-07-29,0
2012-07-30,0
2012-07-31,0
2012-08-01,0
2012-08-02,0
2012-08-03,0
2012-08-04,0
2012-08-05,0
2012-08-06,0.027417519908987487
2012-08-07,0
2012-08-08,0
2012-08-09,0
2012-08-10,0
2012-08-11,0
2012-08-12,0
2012-08-13,0
2012-08-14,0
2012-08-15,0
2012-08-16,0
2012-08-17,0
2012-08-18,0
2012-08-19,0
2012-08-20,0
2012-08-21,0
2012-08-22,0
2012-08-23,0
2012-08-24,0
2012-08-25,0
2012-08-26,0
2012-08-27,0
2012-08-28,0
2012-08-29,0
2012-08-30,0
2012-08-31,0
2012-09-01,0
2012-09-02,0
2012-09-03,0
2012-09-04,0
2012-09-05,0
2012-09-06,0
2012-09-07,0
2012-09-08,0
2012-09-09,0
2012-09-10,0
2012-09-11,0
2012-09-12,0
2012-09-13,0
2012-09-14,0
2012-09-15,0
2012-09-16,0
2012-09-17,0
2012-09-18,0
2012-09-19,0
2012-09-20,0
2012-09-21,0
2012-09-22,0
2012-09-23,0
2012-09-24,0
2012-09-25,0
2012-09-26,0
2012-09-27,0
2012-09-28,0
2012-09-29,0
2012-09-30,0
2012-10-01,0
2012-10-02,0
2012-10-03,0
2012-10-04,0
2012-10-05,0
2012-10-06,0
2012-10-07,0
2012-10-08,0
2012-10-09,0
2012-10-10,0
2012-10-11,0
2012-10-12,0
2012-10-13,0
2012-10-14,0
2012-10-15,0
2012-10-16,0
2012-10-17,0
2012-10-18,0
2012-10-19,0
2012-10-20,0
2012-10-21,0
2012-10-22,26.453959044368602
2012-10-23,5.558498293515358
2012-10-24,3.8795449374288964
2012-10-25,1.8642093287827075
2012-10-26,0
2012-10-27,0
2012-10-28,0
2012-10-29,0.005210466439135381
2012-10-30,0.028612059158134244
2012-10-31,0.07303754266211604
2012-11-01,22.93508532423208
2012-11-02,0.009670079635949944
2012-11-03,0
2012-11-04,0
2012-11-05,0
2012-11-06,0
2012-11-07,0
2012-11-08,0
2012-11-09,1.472764505119454
2012-11-10,0.042662116040955635
2012-11-11,0
2012-11-12,0
2012-11-13,0
2012-11-14,0
2012-11-15,0
2012-11-16,0.02068259385665529
2012-11-17,38.42321956769056
2012-11-18,14.615210466439136
2012-11-19,0.2494084186575654
2012-11-20,8.724357224118316
2012-11-21,22.607906712172923
2012-11-22,0.5985665529010239
2012-11-23,0
2012-11-24,0
2012-11-25,0
2012-11-26,0
2012-11-27,0
2012-11-28,6.577349260523322
2012-11-29,30.838919226393628
2012-11-30,77.02156996587031
2012-12-01,33.459761092150174
2012-12-02,42.40382252559727
2012-12-03,11.582275312855518
2012-12-04,0.06972696245733788
2012-12-05,27.463697383390215
2012-12-06,1.49353811149033
2012-12-07,0
2012-12-08,0
2012-12-09,0
2012-12-10,0
2012-12-11,0
2012-12-12,2.789852104664391
2012-12-13,0.1799772468714448
2012-12-14,0.02757679180887372
2012-12-15,0.377485779294653
2012-12-16,4.340079635949943
2012-12-17,13.815108077360637
2012-12-18,0.780967007963595
2012-12-19,0
2012-12-20,0
2012-12-21,27.226587030716722
2012-12-22,45.366552901023894
2012-12-23,22.016393629124003
2012-12-24,31.85656427758817
2012-12-25,0.606575654152446
2012-12-26,30.391296928327645
2012-12-27,0.3657792946530148
2012-12-28,0
2012-12-29,2.6941865756541525
2012-12-30,0
2012-12-31,0
2013-01-01,0
2013-01-02,0
2013-01-03,0
2013-01-04,0
2013-01-05,0
2013-01-06,11.836166097838452
2013-01-07,0.019226393629124004
2013-01-08,0
2013-01-09,0
2013-01-10,0.7636291240045506
2013-01-11,0
2013-01-12,0
2013-01-13,0
2013-01-14,0
2013-01-15,0
2013-01-16,0
2013-01-17,0
2013-01-18,0
2013-01-19,0
2013-01-20,0
2013-01-21,0
2013-01-22,0
2013-01-23,0.01746302616609784
2013-01-24,12.376222980659842
2013-01-25,0.053128555176336745
2013-01-26,0
2013-01-27,0
2013-01-28,0
2013-01-29,0
2013-01-30,0
2013-01-31,0
2013-02-01,0
2013-02-02,0
2013-02-03,0.016621160409556315
2013-02-04,0
2013-02-05,0.05565415244596132
2013-02-06,0
2013-02-07,3.0698407281001137
2013-02-08,1.783094425483504
2013-02-09,0
2013-02-10,0
2013-02-11,0
2013-02-12,0
2013-02-13,0
2013-02-14,0
2013-02-15,0
2013-02-16,0
2013-02-17,0
2013-02-18,0
2013-02-19,2.054994311717861
2013-02-20,4.094971558589306
2013-02-21,0
2013-02-22,0
2013-02-23,0
2013-02-24,0
2013-02-25,0
2013-02-26,0
2013-02-27,0
2013-02-28,0
2013-03-01,0
2013-03-02,0
2013-03-03,0
2013-03-04,0
2013-03-05,0
2013-03-06,13.260602957906713
2013-03-07,1.188646188850967
2013-03-08,0.9056427758816837
2013-03-09,0
2013-03-10,0
2013-03-11,0
2013-03-12,0
2013-03-13,0
2013-03-14,0
2013-03-15,0
2013-03-16,0
2013-03-17,0
2013-03-18,0
2013-03-19,0
2013-03-20,9.145824800910125
2013-03-21,6.510159271899886
2013-03-22,0
2013-03-23,0
2013-03-24,0
2013-03-25,0
2013-03-26,0
2013-03-27,0.02205915813424346
2013-03-28,0.003447098976109215
2013-03-29,1.3603412969283277
2013-03-30,0
2013-03-31,4.584948805460751
2013-04-01,15.214323094425483
2013-04-02,1.3742320819112628
2013-04-03,0.003777019340159272
2013-04-04,16.737656427758818
2013-04-05,9.052161547212743
2013-04-06,0.5876905574516496
2013-04-07,0.6910011376564278
2013-04-08,2.1860068259385663
2013-04-09,0
2013-04-10,0
2013-04-11,0
2013-04-12,0
2013-04-13,0
2013-04-14,0
2013-04-15,0
2013-04-16,0
2013-04-17,0
2013-04-18,0
2013-04-19,0
2013-04-20,0
2013-04-21,0
2013-04-22,0
2013-04-23,0
2013-04-24,0
2013-04-25,0
2013-04-26,0
2013-04-27,0
2013-04-28,0
2013-04-29,0
2013-04-30,0
2013-05-01,0
2013-05-02,0
2013-05-03,0
2013-05-04,0
2013-05-05,0
2013-05-06,0
2013-05-07,0.47040955631399317
2013-05-08,0
2013-05-09,0
2013-05-10,0
2013-05-11,0
2013-05-12,0
2013-05-13,0
2013-05-14,0
2013-05-15,0
2013-05-16,0
2013-05-17,0
2013-05-18,0
2013-05-19,0
2013-05-20,0
2013-05-21,0
2013-05-22,0
2013-05-23,0
2013-05-24,0
2013-05-25,0
2013-05-26,0
2013-05-27,0
2013-05-28,7.148361774744028
2013-05-29,0
2013-05-30,0
2013-05-31,0
2013-06-01,0
2013-06-02,0
2013-06-03,0
2013-06-04,0
2013-06-05,0
2013-06-06,0
2013-06-07,0
2013-06-08,0
2013-06-09,0
2013-06-10,3.397770193401593
2013-06-11,0.7155972696245734
2013-06-12,0
2013-06-13,0
2013-06-14,0
2013-06-15,0
2013-06-16,0
2013-06-17,0
2013-06-18,0
2013-06-19,0
2013-06-20,0
2013-06-21,0
2013-06-22,0
2013-06-23,0
2013-06-24,0
2013-06-25,17.070728100113765
2013-06-26,19.36089874857793
2013-06-27,0.4267349260523322
2013-06-28,0
2013-06-29,0
2013-06-30,0
2013-07-01,0
2013-07-02,0
2013-07-03,0
2013-07-04,0
2013-07-05,0
2013-07-06,0
2013-07-07,0
2013-07-08,0
2013-07-09,0
2013-07-10,0
2013-07-11,0
2013-07-12,0
2013-07-13,0
2013-07-14,0
2013-07-15,0.002161547212741752
2013-07-16,0
2013-07-17,0
2013-07-18,0
2013-07-19,0
2013-07-20,0
2013-07-21,0
2013-07-22,0
2013-07-23,0
2013-07-24,0
2013-07-25,0
2013-07-26,0
2013-07-27,0.0013424345847554038
2013-07-28,0
2013-07-29,0
2013-07-30,0
2013-07-31,0
2013-08-01,0
2013-08-02,0
2013-08-03,0
2013-08-04,0
2013-08-05,0
2013-08-06,0
2013-08-07,0
2013-08-08,0.06029579067121729
2013-08-09,0.0036860068259385666
2013-08-10,0
2013-08-11,0
2013-08-12,0
2013-08-13,0
2013-08-14,0
2013-08-15,0
2013-08-16,0
2013-08-17,0
2013-08-18,0
2013-08-19,0
2013-08-20,0
2013-08-21,0
2013-08-22,0
2013-08-23,0
2013-08-24,0
2013-08-25,0
2013-08-26,0
2013-08-27,0
2013-08-28,0
2013-08-29,0
2013-08-30,0
2013-08-31,0
2013-09-01,0
2013-09-02,0
2013-09-03,0
2013-09-04,0
2013-09-05,0
2013-09-06,0
2013-09-07,0
2013-09-08,0
2013-09-09,0
2013-09-10,0
2013-09-11,0.07463026166097839
2013-09-12,0
2013-09-13,0.008464163822525596
2013-09-14,0
2013-09-15,0
2013-09-16,0
2013-09-17,0
2013-09-18,0
2013-09-19,0
2013-09-20,0
2013-09-21,7.457042093287827
2013-09-22,8.372104664391355
2013-09-23,0
2013-09-24,0
2013-09-25,0
2013-09-26,0
2013-09-27,0
2013-09-28,0
2013-09-29,0
2013-09-30,2.561251422070535
2013-10-01,0.9941524459613197
2013-10-02,0
2013-10-03,0
2013-10-04,0
2013-10-05,0
2013-10-06,0
2013-10-07,0
2013-10-08,0
2013-10-09,0
2013-10-10,0
2013-10-11,0
2013-10-12,0
2013-10-13,0
2013-10-14,0
2013-10-15,0
2013-10-16,0
2013-10-17,0
2013-10-18,0
2013-10-19,0
2013-10-20,0
2013-10-21,0
2013-10-22,0
2013-10-23,0
2013-10-24,0
2013-10-25,0
2013-10-26,0
2013-10-27,0
2013-10-28,0
2013-10-29,0
2013-10-30,0
2013-10-31,0
2013-11-01,0
2013-11-02,0
2013-11-03,0
2013-11-04,0
2013-11-05,0
2013-11-06,0
2013-11-07,0
2013-11-08,0
2013-11-09,0
2013-11-10,0
2013-11-11,0
2013-11-12,0
2013-11-13,0
2013-11-14,0
2013-11-15,0
2013-11-16,0
2013-11-17,0
2013-11-18,0
2013-11-19,2.7310011376564276
2013-11-20,26.115494880546073
2013-11-21,1.9086575654152447
2013-11-22,0
2013-11-23,0
2013-11-24,0
2013-11-25,0
2013-11-26,0
2013-11-27,0
2013-11-28,0
2013-11-29,0
2013-11-30,0
2013-12-01,0
2013-12-02,0
2013-12-03,0
2013-12-04,0
2013-12-05,0
2013-12-06,0
2013-12-07,13.103560864618885
2013-12-08,0
2013-12-09,0
2013-12-10,0
2013-12-11,0
2013-12-12,0
2013-12-13,0
2013-12-14,0
2013-12-15,0
2013-12-16,0
2013-12-17,0
2013-12-18,0
2013-12-19,0
2013-12-20,0
2013-12-21,0
2013-12-22,0
2013-12-23,0
2013-12-24,0
2013-12-25,0
2013-12-26,0
2013-12-27,0
2013-12-28,0
2013-12-29,0
2013-12-30,0
2013-12-31,0
2014-01-01,0
2014-01-02,0
2014-01-03,0
2014-01-04,0
2014-01-05,0
2014-01-06,0
2014-01-07,0
2014-01-08,3.526734926052332e-4
2014-01-09,0
2014-01-10,0
2014-01-11,0.07420932878270763
2014-01-12,2.5916496018202504
2014-01-13,0
2014-01-14,0
2014-01-15,0
2014-01-16,0
2014-01-17,0
2014-01-18,0
2014-01-19,0
2014-01-20,0
2014-01-21,0
2014-01-22,0
2014-01-23,0
2014-01-24,0
2014-01-25,0
2014-01-26,0
2014-01-27,0
2014-01-28,0
2014-01-29,0.003845278725824801
2014-01-30,1.0913424345847553
2014-01-31,0
2014-02-01,0.31285551763367464
2014-02-02,3.25938566552901
2014-02-03,13.850921501706484
2014-02-04,0
2014-02-05,0
2014-02-06,21.79344709897611
2014-02-07,6.0661547212741755
2014-02-08,69.86741751990898
2014-02-09,112.99093287827077
2014-02-10,29.381558589306028
2014-02-11,0.06905574516496019
2014-02-12,0.06051194539249147
2014-02-13,0
2014-02-14,0.3151194539249147
2014-02-15,0.14026166097838452
2014-02-16,3.9330716723549486
2014-02-17,0
2014-02-18,0
2014-02-19,0.009215017064846417
2014-02-20,3.640500568828214e-4
2014-02-21,0
2014-02-22,0
2014-02-23,0
2014-02-24,0
2014-02-25,0
2014-02-26,1.368953356086462
2014-02-27,44.452104664391356
2014-02-28,13.758236632536974
2014-03-01,15.350318543799773
2014-03-02,0.819943117178612
2014-03-03,1.9401478953356086
2014-03-04,14.400807736063708
2014-03-05,0.06228668941979522
2014-03-06,13.402059158134243
2014-03-07,0.3346075085324232
2014-03-08,0
2014-03-09,0
2014-03-10,1.243697383390216
2014-03-11,0.029408418657565414
2014-03-12,0
2014-03-13,0
2014-03-14,0
2014-03-15,0
2014-03-16,0
2014-03-17,0
2014-03-18,0
2014-03-19,0
2014-03-20,0
2014-03-21,0
2014-03-22,0
2014-03-23,0
2014-03-24,0
2014-03-25,0.08335608646188851
2014-03-26,15.134789533560864
2014-03-27,7.879499431171786
2014-03-28,1.7778043230944256
2014-03-29,16.063936291240047
2014-03-30,9.21542662116041
2014-03-31,0.14543799772468716
2014-04-01,31.188339021615473
2014-04-02,18.84424345847554
2014-04-03,0
2014-04-04,6.201308304891922
2014-04-05,4.617872582480091
2014-04-06,0
2014-04-07,0
2014-04-08,0
2014-04-09,0
2014-04-10,0
2014-04-11,0
2014-04-12,0
2014-04-13,0
2014-04-14,0
2014-04-15,0
2014-04-16,0
2014-04-17,0
2014-04-18,0
2014-04-19,0
2014-04-20,0
2014-04-21,0
2014-04-22,0.12312855517633675
2014-04-23,0
2014-04-24,0
2014-04-25,1.291877133105802
2014-04-26,5.061387940841866
2014-04-27,1.8090671217292378
2014-04-28,0.282514220705347
2014-04-29,0
2014-04-30,0
2014-05-01,0
2014-05-02,0
2014-05-03,0
2014-05-04,0
2014-05-05,0
2014-05-06,0
2014-05-07,0
2014-05-08,0
2014-05-09,1.4936063708759955
2014-05-10,0
2014-05-11,0
2014-05-12,0
2014-05-13,0
2014-05-14,0
2014-05-15,0
2014-05-16,0
2014-05-17,0
2014-05-18,0
2014-05-19,0
2014-05-20,0
2014-05-21,0
2014-05-22,0
2014-05-23,0
2014-05-24,0
2014-05-25,0
2014-05-26,0
2014-05-27,0
2014-05-28,0
2014-05-29,0
2014-05-30,0
2014-05-31,0
2014-06-01,0
2014-06-02,0
2014-06-03,0
2014-06-04,0
2014-06-05,0
2014-06-06,0
2014-06-07,0
2014-06-08,0
2014-06-09,0
2014-06-10,0
2014-06-11,0
2014-06-12,0
2014-06-13,0
2014-06-14,0
2014-06-15,0
2014-06-16,0
2014-06-17,0
2014-06-18,0
2014-06-19,0
2014-06-20,0
2014-06-21,0
2014-06-22,0
2014-06-23,0
2014-06-24,0
2014-06-25,0
2014-06-26,0
2014-06-27,0
2014-06-28,0
2014-06-29,0
2014-06-30,0
2014-07-01,0
2014-07-02,0
2014-07-03,0
2014-07-04,0
2014-07-05,0
2014-07-06,0
2014-07-07,0
2014-07-08,0
2014-07-09,0
2014-07-10,0
2014-07-11,0
2014-07-12,0
2014-07-13,0
2014-07-14,0
2014-07-15,0
2014-07-16,0
2014-07-17,0
2014-07-18,0.024323094425483503
2014-07-19,0
2014-07-20,0
2014-07-21,0.07232081911262798
2014-07-22,0.10756541524459613
2014-07-23,0.00813424345847554
2014-07-24,0
2014-07-25,0
2014-07-26,0
2014-07-27,0
2014-07-28,0
2014-07-29,0
2014-07-30,0
2014-07-31,0
2014-08-01,0
2014-08-02,0
2014-08-03,0
2014-08-04,0
2014-08-05,0.15996587030716725
2014-08-06,0.03500568828213879
2014-08-07,0
2014-08-08,0
2014-08-09,0
2014-08-10,0
2014-08-11,0
2014-08-12,0
2014-08-13,0
2014-08-14,0
2014-08-15,0
2014-08-16,0
2014-08-17,0
2014-08-18,0.07585893060295791
2014-08-19,0.045119453924914676
2014-08-20,0.39159271899886233
2014-08-21,0.20051194539249148
2014-08-22,0
2014-08-23,0
2014-08-24,0
2014-08-25,0
2014-08-26,0
2014-08-27,0
2014-08-28,0
2014-08-29,0
2014-08-30,0
2014-08-31,0
2014-09-01,0
2014-09-02,0
2014-09-03,0.015665529010238908
2014-09-04,0
2014-09-05,0
2014-09-06,0
2014-09-07,0
2014-09-08,0
2014-09-09,0
2014-09-10,0
2014-09-11,0
2014-09-12,0
2014-09-13,0
2014-09-14,0
2014-09-15,0
2014-09-16,0
2014-09-17,0.16828213879408419
2014-09-18,3.778976109215017
2014-09-19,2.377428896473265
2014-09-20,0.01757679180887372
2014-09-21,0
2014-09-22,0
2014-09-23,0
2014-09-24,0.026655290102389078
2014-09-25,6.551524459613197
2014-09-26,0.15868031854379977
2014-09-27,5.0152332195676905
2014-09-28,0
2014-09-29,0
2014-09-30,0
2014-10-01,0
2014-10-02,0
2014-10-03,0
2014-10-04,0
2014-10-05,0
2014-10-06,0
2014-10-07,0
2014-10-08,0
2014-10-09,0
2014-10-10,0
2014-10-11,0
2014-10-12,0
2014-10-13,0
2014-10-14,0
2014-10-15,5.954755403868032
2014-10-16,1.631410693970421
2014-10-17,0
2014-10-18,0.09204778156996588
2014-10-19,0
2014-10-20,0.1466439135381115
2014-10-21,1.2031740614334472
2014-10-22,0
2014-10-23,0
2014-10-24,0
2014-10-25,7.147235494880546
2014-10-26,3.6741638225255975
2014-10-27,0
2014-10-28,0
2014-10-29,0
2014-10-30,0
2014-10-31,1.3395449374288966
2014-11-01,6.755358361774744
2014-11-02,0
2014-11-03,0
2014-11-04,0
2014-11-05,0
2014-11-06,0
2014-11-07,0
2014-11-08,0
2014-11-09,0
2014-11-10,0
2014-11-11,0.01373151308304892
2014-11-12,0
2014-11-13,5.911001137656427
2014-11-14,0.8015585893060296
2014-11-15,0
2014-11-16,0
2014-11-17,0
2014-11-18,0
2014-11-19,3.821023890784983
2014-11-20,10.748270762229806
2014-11-21,14.791126279863482
2014-11-22,13.267189988623436
2014-11-23,2.7956769055745165
2014-11-24,0
2014-11-25,0
2014-11-26,0
2014-11-27,0
2014-11-28,0
2014-11-29,19.91853242320819
2014-11-30,18.033981797497155
2014-12-01,6.14485779294653
2014-12-02,13.523981797497155
2014-12-03,47.64013651877133
2014-12-04,16.607383390216153
2014-12-05,2.9876564277588167
2014-12-06,18.46362912400455
2014-12-07,0.20812286689419796
2014-12-08,0.04678043230944255
2014-12-09,4.878907849829352
2014-12-10,0.9872468714448237
2014-12-11,78.75002275312856
2014-12-12,70.28118316268487
2014-12-13,7.273117178612059
2014-12-14,0
2014-12-15,16.68160409556314
2014-12-16,23.765085324232082
2014-12-17,24.823412969283275
2014-12-18,7.953981797497156
2014-12-19,14.057815699658702
2014-12-20,11.459158134243458
2014-12-21,7.4405688282138795
2014-12-22,0.5199658703071672
2014-12-23,0
2014-12-24,0.11352673492605234
2014-12-25,1.0287030716723549
2014-12-26,0
2014-12-27,0
2014-12-28,0
2014-12-29,0
2014-12-30,0
2014-12-31,0
2015-01-01,0
2015-01-02,0
2015-01-03,0
2015-01-04,0
2015-01-05,0
2015-01-06,0
2015-01-07,0
2015-01-08,0
2015-01-09,0
2015-01-10,0
2015-01-11,2.957906712172924e-4
2015-01-12,0
2015-01-13,0
2015-01-14,0
2015-01-15,0
2015-01-16,0.553344709897611
2015-01-17,2.485005688282139
2015-01-18,0.12741751990898748
2015-01-19,0
2015-01-20,0
2015-01-21,0
2015-01-22,0
2015-01-23,0
2015-01-24,0
2015-01-25,0
2015-01-26,0
2015-01-27,0
2015-01-28,0
2015-01-29,0
2015-01-30,0
2015-01-31,0
2015-02-01,0
2015-02-02,0
2015-02-03,0
2015-02-04,0
2015-02-05,0
2015-02-06,1.770910125142207
2015-02-07,60.33536973833902
2015-02-08,4.608134243458475
2015-02-09,36.174141069397045
2015-02-10,0.6954379977246872
2015-02-11,0
2015-02-12,0
2015-02-13,0
2015-02-14,0
2015-02-15,0
2015-02-16,0
2015-02-17,0.0072013651877133105
2015-02-18,0.030955631399317406
2015-02-19,0.020648464163822527
2015-02-20,0.08400455062571104
2015-02-21,0
2015-02-22,0
2015-02-23,0
2015-02-24,0
2015-02-25,0
2015-02-26,0
2015-02-27,0
2015-02-28,0
2015-03-01,0.5794539249146757
2015-03-02,0
2015-03-03,0
2015-03-04,0
2015-03-05,0
2015-03-06,0
2015-03-07,0
2015-03-08,0
2015-03-09,0
2015-03-10,0
2015-03-11,0.7415699658703072
2015-03-12,0.03848691695108077
2015-03-13,0
2015-03-14,0
2015-03-15,0
2015-03-16,0
2015-03-17,0
2015-03-18,0
2015-03-19,0
2015-03-20,0
2015-03-21,0
2015-03-22,0.5325142207053469
2015-03-23,3.689089874857793
2015-03-24,0
2015-03-25,0.003947667804323094
2015-03-26,0.019908987485779295
2015-03-27,0
2015-03-28,0
2015-03-29,0
2015-03-30,0
2015-03-31,0
2015-04-01,0
2015-04-02,0
2015-04-03,0
2015-04-04,0
2015-04-05,0
2015-04-06,4.896439135381115
2015-04-07,19.676200227531286
2015-04-08,4.647155858930603
2015-04-09,0
2015-04-10,0
2015-04-11,0
2015-04-12,0
2015-04-13,0
2015-04-14,0
2015-04-15,0
2015-04-16,0
2015-04-17,0
2015-04-18,0
2015-04-19,0
2015-04-20,0
2015-04-21,0
2015-04-22,0
2015-04-23,0
2015-04-24,0
2015-04-25,14.789135381114903
2015-04-26,0
2015-04-27,0
2015-04-28,0
2015-04-29,0
2015-04-30,0
2015-05-01,0
2015-05-02,0
2015-05-03,0.03879408418657566
2015-05-04,8.418657565415244e-4
2015-05-05,0
2015-05-06,0
2015-05-07,0
2015-05-08,0
2015-05-09,0
2015-05-10,0
2015-05-11,0
2015-05-12,0
2015-05-13,0
2015-05-14,0
2015-05-15,1.7987372013651877
2015-05-16,0
2015-05-17,0.002912400455062571
2015-05-18,0
2015-05-19,0
2015-05-20,0
2015-05-21,0.0020705346985210467
2015-05-22,0.0013083048919226394
2015-05-23,0
2015-05-24,0
2015-05-25,0.03687144482366325
2015-05-26,0.03889647326507395
2015-05-27,0.10655290102389078
2015-05-28,0
2015-05-29,0
2015-05-30,0
2015-05-31,0
2015-06-01,0.29997724687144484
2015-06-02,0.38410693970420934
2015-06-03,0
2015-06-04,0.007781569965870307
2015-06-05,0
2015-06-06,0
2015-06-07,0
2015-06-08,0
2015-06-09,0
2015-06-10,1.867098976109215
2015-06-11,1.343094425483504
2015-06-12,0
2015-06-13,0
2015-06-14,0
2015-06-15,0
2015-06-16,0
2015-06-17,0
2015-06-18,0
2015-06-19,0
2015-06-20,0
2015-06-21,0
2015-06-22,0
2015-06-23,0
2015-06-24,0
2015-06-25,0
2015-06-26,0
2015-06-27,0
2015-06-28,0.06733788395904437
2015-06-29,0
2015-06-30,0
2015-07-01,0
2015-07-02,0.013117178612059159
2015-07-03,0.15638225255972696
2015-07-04,0
2015-07-05,0.11052332195676906
2015-07-06,0.04175199089874858
2015-07-07,0
2015-07-08,0
2015-07-09,0
2015-07-10,2.8405119453924916
2015-07-11,0
2015-07-12,0
2015-07-13,0
2015-07-14,0
2015-07-15,0
2015-07-16,0
2015-07-17,0
2015-07-18,0
2015-07-19,0
2015-07-20,0
2015-07-21,0.08229806598407281
2015-07-22,0
2015-07-23,0
2015-07-24,0
2015-07-25,0
2015-07-26,0
2015-07-27,0
2015-07-28,0
2015-07-29,0
2015-07-30,0
2015-07-31,0
2015-08-01,0
2015-08-02,0
2015-08-03,0
2015-08-04,0
2015-08-05,0
2015-08-06,0
2015-08-07,0
2015-08-08,0
2015-08-09,0
2015-08-10,0
2015-08-11,0
2015-08-12,0
2015-08-13,0
2015-08-14,0
2015-08-15,0
2015-08-16,0
2015-08-17,0
2015-08-18,0
2015-08-19,0
2015-08-20,0
2015-08-21,0.03823663253697383
2015-08-22,0
2015-08-23,0
2015-08-24,0
2015-08-25,0
2015-08-26,0
2015-08-27,0
2015-08-28,0
2015-08-29,0.8964846416382253
2015-08-30,0.24069397042093288
2015-08-31,0
2015-09-01,0
2015-09-02,0
2015-09-03,0
2015-09-04,0
2015-09-05,0
2015-09-06,0
2015-09-07,0
2015-09-08,0
2015-09-09,0
2015-09-10,0
2015-09-11,0
2015-09-12,0
2015-09-13,0
2015-09-14,0.004448236632536974
2015-09-15,0.03025028441410694
2015-09-16,0.1253128555176337
2015-09-17,15.096370875995449
2015-09-18,0
2015-09-19,0
2015-09-20,0
2015-09-21,0
2015-09-22,0
2015-09-23,0
2015-09-24,0
2015-09-25,0
2015-09-26,0
2015-09-27,0
2015-09-28,0
2015-09-29,0
2015-09-30,0
2015-10-01,0
2015-10-02,0
2015-10-03,0
2015-10-04,0.2956313993174061
2015-10-05,0
2015-10-06,0
2015-10-07,0
2015-10-08,0
2015-10-09,0
2015-10-10,0
2015-10-11,0
2015-10-12,0
2015-10-13,0
2015-10-14,0
2015-10-15,0
2015-10-16,0
2015-10-17,0
2015-10-18,0.0032764505119453925
2015-10-19,0
2015-10-20,0
2015-10-21,0
2015-10-22,0
2015-10-23,0
2015-10-24,0
2015-10-25,0
2015-10-26,0
2015-10-27,0
2015-10-28,0.4169169510807736
2015-10-29,1.2658361774744027
2015-10-30,0
2015-10-31,0
2015-11-01,0.004641638225255973
2015-11-02,13.960113765642776
2015-11-03,1.8582480091012514
2015-11-04,0
2015-11-05,0
2015-11-06,0
2015-11-07,0
2015-11-08,0.39428896473265074
2015-11-09,3.5826507394766782
2015-11-10,4.59136518771331
2015-11-11,0
2015-11-12,0
2015-11-13,0
2015-11-14,0
2015-11-15,9.43560864618885
2015-11-16,0.809749715585893
2015-11-17,0
2015-11-18,0
2015-11-19,0
2015-11-20,0
2015-11-21,0
2015-11-22,0
2015-11-23,0
2015-11-24,0.1357792946530148
2015-11-25,2.953845278725825
2015-11-26,0
2015-11-27,0
2015-11-28,0
2015-11-29,0
2015-11-30,0
2015-12-01,0.16467576791808874
2015-12-02,0
2015-12-03,0.02938566552901024
2015-12-04,19.316905574516497
2015-12-05,2.298293515358362
2015-12-06,9.067792946530147
2015-12-07,6.266245733788396
2015-12-08,0
2015-12-09,0.8351535836177475
2015-12-10,23.028566552901022
2015-12-11,10.80872582480091
2015-12-12,0.099226393629124
2015-12-13,13.795995449374288
2015-12-14,10.880921501706485
2015-12-15,0.0055517633674630265
2015-12-16,0
2015-12-17,0
2015-12-18,0.8755745164960183
2015-12-19,17.514800910125143
2015-12-20,0.4668373151308305
2015-12-21,28.492582480091013
2015-12-22,34.98038680318544
2015-12-23,0.4560978384527873
2015-12-24,2.9674175199089876
2015-12-25,2.7109215017064847
2015-12-26,0
2015-12-27,0
2015-12-28,0.8499658703071672
2015-12-29,0
2015-12-30,0.007440273037542662
2015-12-31,0.8127531285551763
2016-01-01,0
2016-01-02,0
2016-01-03,0.2249829351535836
2016-01-04,9.520375426621161
2016-01-05,24.18260523321957
2016-01-06,22.61061433447099
2016-01-07,28.824323094425484
2016-01-08,0.060648464163822524
2016-01-09,4.156496018202503
2016-01-10,4.209488054607508
2016-01-11,0.35419795221843003
2016-01-12,0.2224914675767918
2016-01-13,19.453435722411832
2016-01-14,2.940022753128555
2016-01-15,17.073503981797497
2016-01-16,14.866097838452788
2016-01-17,7.437519908987486
2016-01-18,34.50410693970421
2016-01-19,16.62009101251422
2016-01-20,15.89481228668942
2016-01-21,0
2016-01-22,7.900455062571104
2016-01-23,13.72419795221843
2016-01-24,3.0141865756541524
2016-01-25,1.2964277588168374
2016-01-26,0.39870307167235497
2016-01-27,0
2016-01-28,0
2016-01-29,5.5812286689419794
2016-01-30,8.410819112627987
2016-01-31,0.0016040955631399319
2016-02-01,0
2016-02-02,1.2194653014789534
2016-02-03,0.6138452787258248
2016-02-04,0.9627758816837315
2016-02-05,0
2016-02-06,0
2016-02-07,0
2016-02-08,0
2016-02-09,0
2016-02-10,0
2016-02-11,0
2016-02-12,0
2016-02-13,0
2016-02-14,0
2016-02-15,0
2016-02-16,0
2016-02-17,0
2016-02-18,20.033981797497155
2016-02-19,4.693765642775881
2016-02-20,5.812741751990899
2016-02-21,0
2016-02-22,0
2016-02-23,0
2016-02-24,0
2016-02-25,0
2016-02-26,0
2016-02-27,0.7539249146757679
2016-02-28,0
2016-02-29,0
2016-03-01,0
2016-03-02,0
2016-03-03,3.388043230944255
2016-03-04,2.964448236632537
2016-03-05,16.280773606370875
2016-03-06,50.945767918088734
2016-03-07,22.34046643913538
2016-03-08,2.7703185437997724
2016-03-09,4.063970420932878
2016-03-10,15.544698521046644
2016-03-11,57.28127417519909
2016-03-12,18.082673492605235
2016-03-13,23.290671217292378
2016-03-14,18.742559726962458
2016-03-15,0.006052332195676906
2016-03-16,0
2016-03-17,0
2016-03-18,0.002571103526734926
2016-03-19,0
2016-03-20,0
2016-03-21,14.31004550625711
2016-03-22,13.658122866894198
2016-03-23,3.0716723549488055e-4
2016-03-24,0
2016-03-25,0
2016-03-26,0
2016-03-27,0
2016-03-28,0
2016-03-29,0.7291581342434584
2016-03-30,0
2016-03-31,0
2016-04-01,0
2016-04-02,0
2016-04-03,0
2016-04-04,0
2016-04-05,0
2016-04-06,0
2016-04-07,0
2016-04-08,0
2016-04-09,3.0340728100113767
2016-04-10,11.748976109215016
2016-04-11,0.3825711035267349
2016-04-12,0
2016-04-13,0
2016-04-14,5.588452787258248
2016-04-15,0.46726962457337884
2016-04-16,0
2016-04-17,0
2016-04-18,0
2016-04-19,0
2016-04-20,0
2016-04-21,0.06463026166097839
2016-04-22,8.41019340159272
2016-04-23,9.690398179749716
2016-04-24,0.12764505119453926
2016-04-25,0
2016-04-26,0
2016-04-27,0.006837315130830489
2016-04-28,0.7246302616609784
2016-04-29,0
2016-04-30,0
2016-05-01,0
2016-05-02,0
2016-05-03,0
2016-05-04,0.10185437997724688
2016-05-05,0
2016-05-06,0.6591695108077361
2016-05-07,1.5445733788395903
2016-05-08,7.138156996587031
2016-05-09,0.007212741751990898
2016-05-10,0
2016-05-11,0
2016-05-12,0
2016-05-13,0
2016-05-14,0
2016-05-15,0
2016-05-16,0
2016-05-17,0
2016-05-18,0
2016-05-19,0
2016-05-20,0
2016-05-21,0
2016-05-22,1.3806370875995448
2016-05-23,0
2016-05-24,0
2016-05-25,0
2016-05-26,0
2016-05-27,0
2016-05-28,0
2016-05-29,0
2016-05-30,0
2016-05-31,0
2016-06-01,0
2016-06-02,0
2016-06-03,0
2016-06-04,0
2016-06-05,0
2016-06-06,0
2016-06-07,0
2016-06-08,0.002559726962457338
2016-06-09,0.010113765642775881
2016-06-10,0
2016-06-11,0
2016-06-12,0
2016-06-13,0
2016-06-14,0
2016-06-15,0
2016-06-16,0.28342434584755405
2016-06-17,0.34976109215017065
2016-06-18,1.8219453924914675
2016-06-19,0
2016-06-20,0
2016-06-21,0
2016-06-22,0
2016-06-23,0
2016-06-24,0
2016-06-25,0
2016-06-26,0
2016-06-27,0
2016-06-28,0
2016-06-29,0
2016-06-30,0
2016-07-01,0
2016-07-02,0
2016-07-03,0
2016-07-04,0
2016-07-05,0
2016-07-06,0
2016-07-07,0
2016-07-08,0
2016-07-09,0
2016-07-10,0
2016-07-11,0
2016-07-12,0
2016-07-13,0
2016-07-14,0
2016-07-15,0
2016-07-16,0
2016-07-17,0
2016-07-18,0
2016-07-19,0
2016-07-20,0
2016-07-21,0
2016-07-22,0
2016-07-23,0
2016-07-24,0
2016-07-25,0
2016-07-26,0
2016-07-27,0
2016-07-28,0
2016-07-29,0
2016-07-30,0
2016-07-31,0
2016-08-01,0
2016-08-02,0
2016-08-03,0
2016-08-04,0
2016-08-05,0.25170648464163825
2016-08-06,0
2016-08-07,0
2016-08-08,0
2016-08-09,0
2016-08-10,0
2016-08-11,0
2016-08-12,0
2016-08-13,0
2016-08-14,0
2016-08-15,0
2016-08-16,0
2016-08-17,0
2016-08-18,0
2016-08-19,0
2016-08-20,0
2016-08-21,0
2016-08-22,0
2016-08-23,0.02465301478953356
2016-08-24,0.054732650739476675
2016-08-25,0.013708759954493744
2016-08-26,0
2016-08-27,0
2016-08-28,0
2016-08-29,0
2016-08-30,0
2016-08-31,0
2016-09-01,0
2016-09-02,0
2016-09-03,0
2016-09-04,0
2016-09-05,0
2016-09-06,0
2016-09-07,0
2016-09-08,0
2016-09-09,0
2016-09-10,0
2016-09-11,0
2016-09-12,0.03455062571103527
2016-09-13,0
2016-09-14,0
2016-09-15,0
2016-09-16,0
2016-09-17,0
2016-09-18,0
2016-09-19,0
2016-09-20,0
2016-09-21,0
2016-09-22,0
2016-09-23,0
2016-09-24,0
2016-09-25,0
2016-09-26,0
2016-09-27,0
2016-09-28,0
2016-09-29,0
2016-09-30,0
2016-10-01,0
2016-10-02,0.06147895335608646
2016-10-03,1.8203640500568827
2016-10-04,3.0161319681456202
2016-10-05,0
2016-10-06,0
2016-10-07,0
2016-10-08,0
2016-10-09,0
2016-10-10,0
2016-10-11,0
2016-10-12,0
2016-10-13,0
2016-10-14,11.053458475540387
2016-10-15,10.900489192263937
2016-10-16,16.691535836177476
2016-10-17,7.7234129692832765
2016-10-18,0.15831626848691696
2016-10-19,0
2016-10-20,0
2016-10-21,0
2016-10-22,0
2016-10-23,0
2016-10-24,0
2016-10-25,51.84269624573379
2016-10-26,14.239874857792946
2016-10-27,0.2036518771331058
2016-10-28,26.25419795221843
2016-10-29,11.14236632536974
2016-10-30,6.339419795221843
2016-10-31,13.684357224118317
2016-11-01,9.32980659840728
2016-11-02,0
2016-11-03,0
2016-11-04,0
2016-11-05,0
2016-11-06,1.531740614334471
2016-11-07,0.03795221843003413
2016-11-08,0
2016-11-09,0
2016-11-10,0
2016-11-11,0
2016-11-12,0.052639362912400456
2016-11-13,0.0012514220705346986
2016-11-14,0
2016-11-15,0.05025028441410694
2016-11-16,0.9178839590443686
2016-11-17,0
2016-11-18,0
2016-11-19,25.71009101251422
2016-11-20,36.23151308304892
2016-11-21,1.4797155858930604
2016-11-22,0
2016-11-23,8.958987485779295
2016-11-24,0.6803526734926052
2016-11-25,0.01632536973833902
2016-11-26,8.773503981797496
2016-11-27,8.06094425483504
2016-11-28,2.208862343572241
2016-11-29,0.039283276450511946
2016-11-30,0.23494880546075086
2016-12-01,0.0023321956769055746
2016-12-02,0
2016-12-03,0
2016-12-04,0
2016-12-05,0
2016-12-06,0
2016-12-07,0
2016-12-08,20.645119453924913
2016-12-09,10.659920364050057
2016-12-10,22.317155858930604
2016-12-11,5.390716723549488
2016-12-12,0
2016-12-13,0
2016-12-14,5.003981797497156
2016-12-15,23.387474402730376
2016-12-16,65.2948691695108
2016-12-17,0
2016-12-18,0
2016-12-19,0
2016-12-20,0
2016-12-21,0
2016-12-22,0
2016-12-23,14.782161547212741
2016-12-24,5.943230944254835
2016-12-25,0
2016-12-26,0
2016-12-27,0
2016-12-28,0
2016-12-29,0
2016-12-30,0
2016-12-31,0
2017-01-01,0.07672354948805461
2017-01-02,1.176518771331058
2017-01-03,10.45754266211604
2017-01-04,58.64874857792947
2017-01-05,2.336382252559727
2017-01-06,0
2017-01-07,10.753515358361774
2017-01-08,65.69006825938567
2017-01-09,37.595949943117176
2017-01-10,31.68697383390216
2017-01-11,57.981092150170646
2017-01-12,11.56551763367463
2017-01-13,1.4237428896473265
2017-01-14,0.0015699658703071673
2017-01-15,0
2017-01-16,0
2017-01-17,0
2017-01-18,2.7387940841865754
2017-01-19,56.32803185437998
2017-01-20,33.82494880546075
2017-01-21,12.474800910125142
2017-01-22,40.61286689419795
2017-01-23,11.874323094425483
2017-01-24,2.6808987485779294
2017-01-25,0.052445961319681454
2017-01-26,9.442548350398181e-4
2017-01-27,0
2017-01-28,0
2017-01-29,0
2017-01-30,0
2017-01-31,0
2017-02-01,0
2017-02-02,19.303128555176336
2017-02-03,25.374266211604095
2017-02-04,12.802218430034129
2017-02-05,2.6379863481228667
2017-02-06,17.940602957906712
2017-02-07,65.14930602957907
2017-02-08,22.558100113765644
2017-02-09,19.75155858930603
2017-02-10,37.96655290102389
2017-02-11,0.4643458475540387
2017-02-12,0
2017-02-13,0
2017-02-14,0
2017-02-15,0
2017-02-16,20.3961433447099
2017-02-17,6.072969283276451
2017-02-18,33.260455062571104
2017-02-19,4.014630261660979
2017-02-20,33.71136518771331
2017-02-21,27.97882821387941
2017-02-22,3.219510807736064
2017-02-23,1.499032992036405
2017-02-24,0
2017-02-25,0
2017-02-26,0.009488054607508532
2017-02-27,0.17218430034129692
2017-02-28,0.005563139931740614
2017-03-01,0
2017-03-02,0
2017-03-03,0
2017-03-04,0.23656427758816836
2017-03-05,13.055779294653014
2017-03-06,6.824379977246871
2017-03-07,2.246359499431172
2017-03-08,0.042229806598407284
2017-03-09,0
2017-03-10,0
2017-03-11,0
2017-03-12,0
2017-03-13,0
2017-03-14,0
2017-03-15,0
2017-03-16,0.005153583617747441
2017-03-17,0
2017-03-18,0
2017-03-19,0
2017-03-20,0
2017-03-21,20.372195676905573
2017-03-22,9.522195676905575
2017-03-23,1.6253356086461888
2017-03-24,7.430489192263936
2017-03-25,22.26499431171786
2017-03-26,0.14456200227531285
2017-03-27,8.13613196814562
2017-03-28,0.014425483503981798
2017-03-29,0
2017-03-30,0
2017-03-31,0
2017-04-01,0
2017-04-02,0
2017-04-03,0
2017-04-04,0
2017-04-05,0
2017-04-06,0.9389761092150171
2017-04-07,43.29896473265074
2017-04-08,15.558498293515358
2017-04-09,4.2981683731513085
2017-04-10,0.053572241183162686
2017-04-11,2.918031854379977
2017-04-12,3.9386348122866894
2017-04-13,15.263139931740614
2017-04-14,1.2497610921501707
2017-04-15,0
2017-04-16,0
2017-04-17,9.471569965870307
2017-04-18,6.837497155858931
2017-04-19,0.5918202502844141
2017-04-20,7.1633105802047785
2017-04-21,0
2017-04-22,0
2017-04-23,0
2017-04-24,0
2017-04-25,0.37538111490329923
2017-04-26,0.4042434584755404
2017-04-27,0.47142207053469853
2017-04-28,0
2017-04-29,0
2017-04-30,0
2017-05-01,0
2017-05-02,0
2017-05-03,0
2017-05-04,0
2017-05-05,0
2017-05-06,0
2017-05-07,0
2017-05-08,0
2017-05-09,0
2017-05-10,0
2017-05-11,0.023947667804323093
2017-05-12,0
2017-05-13,0
2017-05-14,0
2017-05-15,0
2017-05-16,0
2017-05-17,0
2017-05-18,0
2017-05-19,0
2017-05-20,0
2017-05-21,0
2017-05-22,0
2017-05-23,0
2017-05-24,0
2017-05-25,0.5585437997724687
2017-05-26,0.01571103526734926
2017-05-27,0
2017-05-28,0
2017-05-29,0
2017-05-30,0
2017-05-31,0
2017-06-01,0
2017-06-02,0
2017-06-03,0
2017-06-04,0
2017-06-05,0
2017-06-06,0
2017-06-07,0
2017-06-08,4.594004550625711
2017-06-09,3.6176678043230943
2017-06-10,0.0056313993174061435
2017-06-11,0
2017-06-12,1.691296928327645
2017-06-13,0
2017-06-14,0
2017-06-15,0
2017-06-16,0
2017-06-17,0
2017-06-18,0
2017-06-19,0
2017-06-20,0
2017-06-21,0
2017-06-22,0
2017-06-23,0
2017-06-24,0
2017-06-25,0
2017-06-26,0.006973833902161547
2017-06-27,0
2017-06-28,0
2017-06-29,0
2017-06-30,0
2017-07-01,0
2017-07-02,0
2017-07-03,0
2017-07-04,0
2017-07-05,0
2017-07-06,0
2017-07-07,0
2017-07-08,0
2017-07-09,0
2017-07-10,0
2017-07-11,0
2017-07-12,0
2017-07-13,0
2017-07-14,0
2017-07-15,0
2017-07-16,0
2017-07-17,0
2017-07-18,0
2017-07-19,0
2017-07-20,0
2017-07-21,0
2017-07-22,0
2017-07-23,0
2017-07-24,0
2017-07-25,0
2017-07-26,0
2017-07-27,0
2017-07-28,0
2017-07-29,0
2017-07-30,0
2017-07-31,0
2017-08-01,0
2017-08-02,0
2017-08-03,0
2017-08-04,0
2017-08-05,0
2017-08-06,0
2017-08-07,0
2017-08-08,0
2017-08-09,0
2017-08-10,0
2017-08-11,0
2017-08-12,0
2017-08-13,0
2017-08-14,0
2017-08-15,0
2017-08-16,0
2017-08-17,0
2017-08-18,0
2017-08-19,0
2017-08-20,0
2017-08-21,0
2017-08-22,0
2017-08-23,0
2017-08-24,0
2017-08-25,0
2017-08-26,0
2017-08-27,0
2017-08-28,0
2017-08-29,0
2017-08-30,0
2017-08-31,0
2017-09-01,0
2017-09-02,0
2017-09-03,0
2017-09-04,0
2017-09-05,0
2017-09-06,0
2017-09-07,0.1648122866894198
2017-09-08,0.2724118316268487
2017-09-09,0
2017-09-10,0
2017-09-11,0
2017-09-12,0.120773606370876
2017-09-13,1.6920591581342435
2017-09-14,1.6216496018202502
2017-09-15,0
2017-09-16,0
2017-09-17,0
2017-09-18,0
2017-09-19,0
2017-09-20,0
2017-09-21,0
2017-09-22,0
2017-09-23,0
2017-09-24,0
2017-09-25,0
2017-09-26,0
2017-09-27,0
2017-09-28,0
2017-09-29,0
2017-09-30,0
2017-10-01,0
2017-10-02,0
2017-10-03,0
2017-10-04,0
2017-10-05,0
2017-10-06,0
2017-10-07,0
2017-10-08,0
2017-10-09,0
2017-10-10,0
2017-10-11,0
2017-10-12,0
2017-10-13,0
2017-10-14,0
2017-10-15,0
2017-10-16,0
2017-10-17,0
2017-10-18,0
2017-10-19,0.13937428896473264
2017-10-20,9.039738339021616
2017-10-21,0.023879408418657565
2017-10-22,0
2017-10-23,0
2017-10-24,0
2017-10-25,0
2017-10-26,0
2017-10-27,0
2017-10-28,0
2017-10-29,0.005756541524459613
2017-10-30,0.009169510807736064
2017-10-31,0
2017-11-01,0.008532423208191127
2017-11-02,0
2017-11-03,0.7541183162684869
2017-11-04,7.318202502844141
2017-11-05,0.013583617747440274
2017-11-06,0
2017-11-07,0
2017-11-08,0
2017-11-09,30.68088737201365
2017-11-10,6.399328782707622
2017-11-11,6.484835039817975
2017-11-12,0
2017-11-13,2.8472810011376564
2017-11-14,6.544584755403868
2017-11-15,8.07061433447099
2017-11-16,37.752525597269624
2017-11-17,3.1200113765642774
2017-11-18,0
2017-11-19,0
2017-11-20,1.857178612059158
2017-11-21,2.2108077360637086
2017-11-22,0.011046643913538112
2017-11-23,0
2017-11-24,0.04248009101251422
2017-11-25,0
2017-11-26,2.888566552901024
2017-11-27,26.01536973833902
2017-11-28,0.15672354948805461
2017-11-29,0
2017-11-30,0
2017-12-01,0
2017-12-02,0.022935153583617748
2017-12-03,1.5581342434584755
2017-12-04,0
2017-12-05,0
2017-12-06,0
2017-12-07,0
2017-12-08,0
2017-12-09,0
2017-12-10,0
2017-12-11,0
2017-12-12,0
2017-12-13,0
2017-12-14,0
2017-12-15,0
2017-12-16,0
2017-12-17,0
2017-12-18,0
2017-12-19,0
2017-12-20,1.4455290102389078
2017-12-21,0
2017-12-22,0
2017-12-23,0
2017-12-24,0
2017-12-25,0
2017-12-26,0
2017-12-27,0
2017-12-28,0
2017-12-29,0
2017-12-30,0
2017-12-31,0
2018-01-01,0
2018-01-02,0
2018-01-03,0.06293515358361775
2018-01-04,2.4589647326507396
2018-01-05,7.052400455062571
2018-01-06,9.628464163822526
2018-01-07,0.012218430034129693
2018-01-08,10.238031854379978
2018-01-09,72.61621160409557
2018-01-10,1.2724004550625712
2018-01-11,0.6848009101251422
2018-01-12,0.18805460750853242
2018-01-13,0
2018-01-14,0
2018-01-15,0
2018-01-16,2.8068145620022755
2018-01-17,1.6855290102389078
2018-01-18,1.4791240045506258
2018-01-19,8.9006598407281
2018-01-20,0.4022298065984073
2018-01-21,0.005369738339021615
2018-01-22,23.538703071672355
2018-01-23,0.7430602957906712
2018-01-24,0
2018-01-25,17.930614334470988
2018-01-26,2.8218316268486916
2018-01-27,0.011877133105802047
2018-01-28,0
2018-01-29,0
2018-01-30,0
2018-01-31,0
2018-02-01,0
2018-02-02,0
2018-02-03,0
2018-02-04,0
2018-02-05,0
2018-02-06,0
2018-02-07,0
2018-02-08,0
2018-02-09,0
2018-02-10,0
2018-02-11,0
2018-02-12,0
2018-02-13,0
2018-02-14,0
2018-02-15,0
2018-02-16,0
2018-02-17,0
2018-02-18,0
2018-02-19,0
2018-02-20,0
2018-02-21,0
2018-02-22,0
2018-02-23,0.07824800910125142
2018-02-24,0
2018-02-25,0
2018-02-26,3.8897724687144484
2018-02-27,2.0280204778156996
2018-02-28,0
2018-03-01,31.00899886234357
2018-03-02,16.281581342434585
2018-03-03,10.637508532423208
2018-03-04,5.378782707622298
2018-03-05,0
2018-03-06,0
2018-03-07,0.13945392491467576
2018-03-08,5.807576791808874
2018-03-09,0.08566552901023891
2018-03-10,0
2018-03-11,0
2018-03-12,0.17422070534698522
2018-03-13,15.376530147895336
2018-03-14,13.071706484641638
2018-03-15,3.98646188850967
2018-03-16,21.899863481228667
2018-03-17,2.9360978384527874
2018-03-18,0.18138794084186577
2018-03-19,0
2018-03-20,0.8780318543799772
2018-03-21,23.729510807736062
2018-03-22,38.78866894197952
2018-03-23,3.6235267349260525
2018-03-24,2.4678612059158134
2018-03-25,2.8779067121729236
2018-03-26,0.1795221843003413
2018-03-27,0
2018-03-28,0
2018-03-29,0
2018-03-30,0
2018-03-31,0
2018-04-01,0
2018-04-02,0
2018-04-03,0
2018-04-04,0
2018-04-05,0
2018-04-06,22.39967007963595
2018-04-07,68.98660978384528
2018-04-08,0.10560864618885096
2018-04-09,0
2018-04-10,0
2018-04-11,0
2018-04-12,4.557554038680318
2018-04-13,1.0459840728100114
2018-04-14,0
2018-04-15,0
2018-04-16,7.271626848691695
2018-04-17,4.419988623435723
2018-04-18,0
2018-04-19,0
2018-04-20,0
2018-04-21,0
2018-04-22,0
2018-04-23,0
2018-04-24,0
2018-04-25,0
2018-04-26,0
2018-04-27,0
2018-04-28,0.39386803185437996
2018-04-29,0.0067349260523321955
2018-04-30,0
2018-05-01,9.670079635949944e-4
2018-05-02,0
2018-05-03,0
2018-05-04,0
2018-05-05,0
2018-05-06,0
2018-05-07,0
2018-05-08,0
2018-05-09,0
2018-05-10,0
2018-05-11,0
2018-05-12,0
2018-05-13,0
2018-05-14,0
2018-05-15,0
2018-05-16,0
2018-05-17,0
2018-05-18,0
2018-05-19,0
2018-05-20,0
2018-05-21,0
2018-05-22,0
2018-05-23,0.06887372013651877
2018-05-24,0.007485779294653014
2018-05-25,0.9232992036405006
2018-05-26,1.9501820250284414
2018-05-27,0
2018-05-28,0
2018-05-29,0
2018-05-30,0
2018-05-31,0
2018-06-01,0
2018-06-02,0
2018-06-03,0
2018-06-04,0
2018-06-05,0
2018-06-06,0
2018-06-07,0
2018-06-08,0
2018-06-09,0
2018-06-10,0
2018-06-11,0
2018-06-12,0
2018-06-13,0
2018-06-14,0
2018-06-15,0
2018-06-16,0
2018-06-17,0
2018-06-18,0
2018-06-19,0
2018-06-20,0
2018-06-21,0
2018-06-22,0
2018-06-23,0
2018-06-24,0
2018-06-25,0.028043230944254836
2018-06-26,0
2018-06-27,0
2018-06-28,0
2018-06-29,0
2018-06-30,0
2018-07-01,0
2018-07-02,0
2018-07-03,0
2018-07-04,0
2018-07-05,0
2018-07-06,0
2018-07-07,0
2018-07-08,0
2018-07-09,0
2018-07-10,0
2018-07-11,0
2018-07-12,0
2018-07-13,0
2018-07-14,0
2018-07-15,0
2018-07-16,0
2018-07-17,0
2018-07-18,0
2018-07-19,0
2018-07-20,0
2018-07-21,0
2018-07-22,0
2018-07-23,0
2018-07-24,0
2018-07-25,0
2018-07-26,0
2018-07-27,0
2018-07-28,0
2018-07-29,0
2018-07-30,0
2018-07-31,0
2018-08-01,0
2018-08-02,0
2018-08-03,0
2018-08-04,0
2018-08-05,0
2018-08-06,0
2018-08-07,0
2018-08-08,0
2018-08-09,0
2018-08-10,0
2018-08-11,0
2018-08-12,0
2018-08-13,0
2018-08-14,0
2018-08-15,0
2018-08-16,0
2018-08-17,0
2018-08-18,0
2018-08-19,0
2018-08-20,0
2018-08-21,0.012400455062571104
2018-08-22,0
2018-08-23,0
2018-08-24,0
2018-08-25,2.957906712172924e-4
2018-08-26,2.957906712172924e-4
2018-08-27,2.957906712172924e-4
2018-08-28,0.003902161547212742
2018-08-29,0
2018-08-30,0
2018-08-31,0
2018-09-01,0
2018-09-02,0
2018-09-03,0
2018-09-04,0.02696245733788396
2018-09-05,0.003890784982935154
2018-09-06,0
2018-09-07,0.0025938566552901024
2018-09-08,0
2018-09-09,0
2018-09-10,0
2018-09-11,0
2018-09-12,0
2018-09-13,0
2018-09-14,0
2018-09-15,0
2018-09-16,0
2018-09-17,0
2018-09-18,0
2018-09-19,0
2018-09-20,0
2018-09-21,0
2018-09-22,0
2018-09-23,0
2018-09-24,0
2018-09-25,0
2018-09-26,0
2018-09-27,0
2018-09-28,0
2018-09-29,0.25659840728100114
2018-09-30,2.3832992036405005
2018-10-01,0.14810011376564278
2018-10-02,20.758646188850967
2018-10-03,11.985688282138794
2018-10-04,0.9800227531285551
2018-10-05,0.1945392491467577
2018-10-06,0
2018-10-07,0
2018-10-08,0
2018-10-09,0
2018-10-10,0
2018-10-11,0
2018-10-12,0
2018-10-13,0
2018-10-14,0
2018-10-15,0
2018-10-16,0
2018-10-17,0
2018-10-18,0
2018-10-19,0
2018-10-20,0
2018-10-21,0
2018-10-22,0.0017747440273037543
2018-10-23,0
2018-10-24,0
2018-10-25,0
2018-10-26,0
2018-10-27,0
2018-10-28,0
2018-10-29,0
2018-10-30,0
2018-10-31,0
2018-11-01,0
2018-11-02,0
2018-11-03,0
2018-11-04,0
2018-11-05,0
2018-11-06,0
2018-11-07,0
2018-11-08,0
2018-11-09,0
2018-11-10,0
2018-11-11,0
2018-11-12,0
2018-11-13,0
2018-11-14,0
2018-11-15,0
2018-11-16,0
2018-11-17,0
2018-11-18,0
2018-11-19,0
2018-11-20,0
2018-11-21,2.4297383390216156
2018-11-22,22.96526734926052
2018-11-23,29.19028441410694
2018-11-24,24.02428896473265
2018-11-25,0.10087599544937428
2018-11-26,0
2018-11-27,0.6438225255972696
2018-11-28,14.320807736063708
2018-11-29,29.673401592719
2018-11-30,15.410022753128555
2018-12-01,18.6013196814562
2018-12-02,1.6678043230944255
2018-12-03,0
2018-12-04,0
2018-12-05,5.612912400455063
2018-12-06,1.555085324232082
2018-12-07,0
2018-12-08,0
2018-12-09,0
2018-12-10,0.4111945392491468
2018-12-11,0.07149032992036405
2018-12-12,2.957906712172924e-4
2018-12-13,0
2018-12-14,0.20810011376564277
2018-12-15,9.731763367463026
2018-12-16,5.520443686006826
2018-12-17,23.395813424345846
2018-12-18,1.1915813424345847
2018-12-19,4.222582480091012
2018-12-20,0.12921501706484642
2018-12-21,6.42325369738339
2018-12-22,1.1667918088737201
2018-12-23,0.005153583617747441
2018-12-24,2.1915130830489193
2018-12-25,13.872889647326508
2018-12-26,2.957906712172924e-4
2018-12-27,0
2018-12-28,0
2018-12-29,0
2018-12-30,0
2018-12-31,0
2019-01-01,0
2019-01-02,0
2019-01-03,0
2019-01-04,0
2019-01-05,0.5032423208191126
2019-01-06,14.193947667804323
2019-01-07,60.92641638225256
2019-01-08,0.31381114903299206
2019-01-09,15.211524459613196
2019-01-10,8.846291240045506
2019-01-11,0
2019-01-12,5.569306029579067
2019-01-13,0
2019-01-14,0
2019-01-15,3.2605346985210466
2019-01-16,17.608839590443687
2019-01-17,54.22026166097839
2019-01-18,5.713412969283277
2019-01-19,1.3341865756541524
2019-01-20,8.411740614334471
2019-01-21,7.216234357224118
2019-01-22,0.010204778156996587
2019-01-23,0
2019-01-24,0
2019-01-25,0
2019-01-26,0
2019-01-27,0
2019-01-28,0
2019-01-29,0
2019-01-30,0
2019-01-31,4.200034129692833
2019-02-01,0.4822980659840728
2019-02-02,28.053549488054607
2019-02-03,11.656825938566552
2019-02-04,24.598976109215016
2019-02-05,7.079533560864619
2019-02-06,0.11237770193401593
2019-02-07,0
2019-02-08,0
2019-02-09,6.460193401592719
2019-02-10,11.32920364050057
2019-02-11,0.07366325369738339
2019-02-12,1.2284186575654152
2019-02-13,45.711171786120595
2019-02-14,60.696803185438
2019-02-15,17.081626848691695
2019-02-16,12.018077360637088
2019-02-17,4.00641638225256
2019-02-18,0.04482366325369738
2019-02-19,0
2019-02-20,0
2019-02-21,0
2019-02-22,0
2019-02-23,0
2019-02-24,0
2019-02-25,0.918703071672355
2019-02-26,93.98283276450512
2019-02-27,99.61671217292378
2019-02-28,2.6433560864618886
2019-03-01,0
2019-03-02,17.490784982935153
2019-03-03,5.733230944254835
2019-03-04,1.7807394766780433
2019-03-05,0.7712400455062571
2019-03-06,30.41300341296928
2019-03-07,6.659567690557451
2019-03-08,0.1303640500568828
2019-03-09,2.9759840728100113
2019-03-10,17.30656427758817
2019-03-11,1.2979749715585893
2019-03-12,0
2019-03-13,0
2019-03-14,0
2019-03-15,0
2019-03-16,0
2019-03-17,0
2019-03-18,0
2019-03-19,0
2019-03-20,6.42556313993174
2019-03-21,10.831706484641638
2019-03-22,1.4116951080773605
2019-03-23,29.886200227531287
2019-03-24,0.2195108077360637
2019-03-25,0.09221843003412969
2019-03-26,13.390784982935154
2019-03-27,10.069783845278726
2019-03-28,11.196143344709897
2019-03-29,23.40745164960182
2019-03-30,0.1617519908987486
2019-03-31,0
2019-04-01,0.0119226393629124
2019-04-02,0.804971558589306
2019-04-03,0.9685437997724687
2019-04-04,2.9622866894197952
2019-04-05,3.446996587030717
2019-04-06,15.036882821387941
2019-04-07,3.753265073947668
2019-04-08,0.387929465301479
2019-04-09,2.2973151308304893
2019-04-10,0
2019-04-11,0
2019-04-12,0
2019-04-13,0
2019-04-14,0
2019-04-15,0.10928327645051195
2019-04-16,4.323026166097838
2019-04-17,0
2019-04-18,0
2019-04-19,0
2019-04-20,0
2019-04-21,0
2019-04-22,0
2019-04-23,0
2019-04-24,0
2019-04-25,0
2019-04-26,0
2019-04-27,0
2019-04-28,0
2019-04-29,0
2019-04-30,0
2019-05-01,0
2019-05-02,0
2019-05-03,0
2019-05-04,0
2019-05-05,0
2019-05-06,0
2019-05-07,0
2019-05-08,0
2019-05-09,0.026860068259385667
2019-05-10,0.02160409556313993
2019-05-11,0
2019-05-12,0
2019-05-13,0
2019-05-14,0
2019-05-15,4.543936291240046
2019-05-16,42.774129692832766
2019-05-17,8.56655290102389
2019-05-18,1.3464732650739477
2019-05-19,23.601205915813424
2019-05-20,5.6755745164960185
2019-05-21,2.2996587030716724
2019-05-22,0.5523663253697383
2019-05-23,0
2019-05-24,0.020455062571103525
2019-05-25,0
2019-05-26,0
2019-05-27,3.6935267349260523
2019-05-28,0
2019-05-29,0
2019-05-30,0
2019-05-31,0
2019-06-01,0
2019-06-02,0.028156996587030716
2019-06-03,0
2019-06-04,0
2019-06-05,0
2019-06-06,0
2019-06-07,0
2019-06-08,0
2019-06-09,0
2019-06-10,0
2019-06-11,0
2019-06-12,0
2019-06-13,0
2019-06-14,0
2019-06-15,0
2019-06-16,0
2019-06-17,0
2019-06-18,0
2019-06-19,0
2019-06-20,0.0034015927189988623
2019-06-21,0
2019-06-22,0
2019-06-23,0
2019-06-24,0
2019-06-25,0
2019-06-26,0
2019-06-27,0
2019-06-28,0
2019-06-29,0
2019-06-30,0
2019-07-01,0
2019-07-02,0
2019-07-03,0
2019-07-04,0
2019-07-05,0
2019-07-06,0
2019-07-07,0
2019-07-08,0
2019-07-09,0
2019-07-10,0
2019-07-11,0
2019-07-12,0
2019-07-13,0
2019-07-14,0
2019-07-15,0
2019-07-16,0
2019-07-17,0
2019-07-18,0
2019-07-19,0
2019-07-20,0.033185437997724686
2019-07-21,0
2019-07-22,0
2019-07-23,0
2019-07-24,0
2019-07-25,0
2019-07-26,0
2019-07-27,0
2019-07-28,0
2019-07-29,0
2019-07-30,0
2019-07-31,0
2019-08-01,0
2019-08-02,0
2019-08-03,0
2019-08-04,0
2019-08-05,0
2019-08-06,0
2019-08-07,0
2019-08-08,0
2019-08-09,0
2019-08-10,0
2019-08-11,0
2019-08-12,0
2019-08-13,0
2019-08-14,0
2019-08-15,0
2019-08-16,0
2019-08-17,0
2019-08-18,0
2019-08-19,0
2019-08-20,0
2019-08-21,0
2019-08-22,0
2019-08-23,0
2019-08-24,0
2019-08-25,0
2019-08-26,0
2019-08-27,0
2019-08-28,0
2019-08-29,0
2019-08-30,0
2019-08-31,0
2019-09-01,0
2019-09-02,0
2019-09-03,0
2019-09-04,0
2019-09-05,0
2019-09-06,0
2019-09-07,0
2019-09-08,0
2019-09-09,0
2019-09-10,0
2019-09-11,0
2019-09-12,0
2019-09-13,0
2019-09-14,0
2019-09-15,0
2019-09-16,1.417098976109215
2019-09-17,0.6115244596131968
2019-09-18,0.892980659840728
2019-09-19,0.30986348122866897
2019-09-20,0
2019-09-21,0
2019-09-22,0
2019-09-23,0
2019-09-24,0
2019-09-25,0
2019-09-26,0
2019-09-27,0
2019-09-28,0
2019-09-29,0
2019-09-30,0
2019-10-01,0
2019-10-02,0
2019-10-03,0
2019-10-04,0
2019-10-05,0
2019-10-06,0
2019-10-07,0
2019-10-08,0
2019-10-09,0
2019-10-10,0
2019-10-11,0
2019-10-12,0
2019-10-13,0
2019-10-14,0
2019-10-15,0
2019-10-16,0
2019-10-17,0
2019-10-18,0
2019-10-19,0
2019-10-20,0.5030034129692833
2019-10-21,0
2019-10-22,0
2019-10-23,0
2019-10-24,0
2019-10-25,0
2019-10-26,0
2019-10-27,0
2019-10-28,0
2019-10-29,0
2019-10-30,0
2019-10-31,0
2019-11-01,0
2019-11-02,0
2019-11-03,0
2019-11-04,0
2019-11-05,0
2019-11-06,0
2019-11-07,0
2019-11-08,0
2019-11-09,0
2019-11-10,3.0716723549488055e-4
2019-11-11,0
2019-11-12,0
2019-11-13,0
2019-11-14,0
2019-11-15,0
2019-11-16,0
2019-11-17,0
2019-11-18,0
2019-11-19,0
2019-11-20,0
2019-11-21,0
2019-11-22,0
2019-11-23,0
2019-11-24,0
2019-11-25,0
2019-11-26,0.15262798634812286
2019-11-27,23.976814562002275
2019-11-28,0.5143003412969284
2019-11-29,0
2019-11-30,1.614721274175199
2019-12-01,35.20692832764505
2019-12-02,45.66655290102389
2019-12-03,5.940318543799773
2019-12-04,1.798953356086462
2019-12-05,7.77641638225256
2019-12-06,1.7323094425483503
2019-12-07,29.170034129692834
2019-12-08,27.60434584755404
2019-12-09,0.2211490329920364
2019-12-10,0.32015927189988624
2019-12-11,9.596382252559726
2019-12-12,10.521956769055745
2019-12-13,0.9357679180887372
2019-12-14,3.0564505119453926
2019-12-15,0.1554835039817975
2019-12-16,0
2019-12-17,0
2019-12-18,8.795881683731514
2019-12-19,12.079943117178612
2019-12-20,1.4957792946530148
2019-12-21,0.005483503981797497
2019-12-22,7.3809783845278725
2019-12-23,5.170011376564277
2019-12-24,0.001877133105802048
2019-12-25,10.611911262798635
2019-12-26,1.0206143344709897
2019-12-27,0
2019-12-28,0
2019-12-29,1.3233219567690557
2019-12-30,23.337098976109214
2019-12-31,0
2020-01-01,0
2020-01-02,0
2020-01-03,0
2020-01-04,2.5082707622298064
2020-01-05,0.6052332195676906
2020-01-06,0
2020-01-07,0.009715585893060296
2020-01-08,2.401183162684869
2020-01-09,3.5864505119453924
2020-01-10,1.3904891922639362
2020-01-11,1.3524914675767918
2020-01-12,0
2020-01-13,0.6079635949943117
2020-01-14,3.1462912400455063
2020-01-15,0.19891922639362913
2020-01-16,5.922343572241183
2020-01-17,21.161672354948806
2020-01-18,0.006951080773606371
2020-01-19,0
2020-01-20,0
2020-01-21,3.905529010238908
2020-01-22,12.956871444823664
2020-01-23,0.022150170648464165
2020-01-24,0.019340159271899887
2020-01-25,0.7121501706484642
2020-01-26,11.784869169510808
2020-01-27,0.3494653014789534
2020-01-28,0.730967007963595
2020-01-29,1.729635949943117
2020-01-30,0.005870307167235495
2020-01-31,0
2020-02-01,0
2020-02-02,0
2020-02-03,0.0031399317406143345
2020-02-04,0
2020-02-05,0
2020-02-06,0
2020-02-07,0
2020-02-08,0
2020-02-09,0
2020-02-10,0
2020-02-11,0
2020-02-12,0
2020-02-13,0
2020-02-14,0
2020-02-15,0
2020-02-16,0
2020-02-17,0
2020-02-18,0
2020-02-19,0
2020-02-20,0
2020-02-21,0
2020-02-22,0
2020-02-23,0
2020-02-24,0
2020-02-25,0
2020-02-26,0
2020-02-27,0
2020-02-28,0
2020-02-29,0
2020-03-01,0
2020-03-02,0
2020-03-03,0
2020-03-04,0
2020-03-05,0
2020-03-06,0.2569169510807736
2020-03-07,1.2856200227531285
2020-03-08,1.2998407281001139
2020-03-09,0
2020-03-10,0
2020-03-11,0
2020-03-12,0
2020-03-13,0
2020-03-14,2.8521729237770193
2020-03-15,7.208805460750853
2020-03-16,3.578179749715586
2020-03-17,0.06938566552901024
2020-03-18,3.183321956769056
2020-03-19,2.683458475540387
2020-03-20,0
2020-03-21,0
2020-03-22,0
2020-03-23,2.687679180887372
2020-03-24,3.6321956769055745
2020-03-25,5.7820022753128555
2020-03-26,2.4876678043230944
2020-03-27,0.030091012514220705
2020-03-28,0.5675312855517634
2020-03-29,3.165961319681456
2020-03-30,2.274391353811149
2020-03-31,0.17789533560864618
2020-04-01,0
2020-04-02,0
2020-04-03,0
2020-04-04,0.5230944254835039
2020-04-05,18.384357224118315
2020-04-06,8.634163822525597
2020-04-07,2.7407053469852105
2020-04-08,0.021149032992036406
2020-04-09,0.25005688282138794
2020-04-10,0
2020-04-11,0
2020-04-12,0
2020-04-13,2.7340159271899886
2020-04-14,0
2020-04-15,0
2020-04-16,0
2020-04-17,0
2020-04-18,0
2020-04-19,0
2020-04-20,0
2020-04-21,0
2020-04-22,0
2020-04-23,0
2020-04-24,0
2020-04-25,0
2020-04-26,0
2020-04-27,0
2020-04-28,0
2020-04-29,0
2020-04-30,0
2020-05-01,0
2020-05-02,0
2020-05-03,0.01695108077360637
2020-05-04,0
2020-05-05,0
2020-05-06,0
2020-05-07,0
2020-05-08,0
2020-05-09,0
2020-05-10,0
2020-05-11,0.20726962457337883
2020-05-12,14.759328782707623
2020-05-13,2.3711717861205917
2020-05-14,4.443174061433447
2020-05-15,0.7408873720136518
2020-05-16,0.2139590443686007
2020-05-17,7.5274061433447095
2020-05-18,11.426484641638226
2020-05-19,1.1806484641638224
2020-05-20,0
2020-05-21,0
2020-05-22,0
2020-05-23,0
2020-05-24,0
2020-05-25,0
2020-05-26,0
2020-05-27,0
2020-05-28,0
2020-05-29,0.002480091012514221
2020-05-30,0.7157110352673492
2020-05-31,0.01877133105802048
2020-06-01,0
2020-06-02,0
2020-06-03,0
2020-06-04,0
2020-06-05,0
2020-06-06,0.012627986348122866
2020-06-07,0
2020-06-08,0
2020-06-09,0
2020-06-10,0
2020-06-11,0
2020-06-12,0
2020-06-13,0
2020-06-14,0
2020-06-15,0
2020-06-16,0
2020-06-17,0
2020-06-18,0
2020-06-19,0
2020-06-20,0
2020-06-21,0
2020-06-22,0
2020-06-23,0
2020-06-24,0
2020-06-25,0
2020-06-26,0
2020-06-27,0
2020-06-28,0
2020-06-29,0
2020-06-30,0
2020-07-01,0
2020-07-02,0
2020-07-03,0
2020-07-04,0
2020-07-05,0
2020-07-06,0
2020-07-07,0
2020-07-08,0
2020-07-09,0
2020-07-10,0
2020-07-11,0
2020-07-12,0
2020-07-13,0
2020-07-14,0
2020-07-15,0
2020-07-16,0
2020-07-17,0
2020-07-18,0
2020-07-19,0.07387940841865756
2020-07-20,0
2020-07-21,0
2020-07-22,0.0035949943117178614
2020-07-23,0.001012514220705347
2020-07-24,0
2020-07-25,0
2020-07-26,0
2020-07-27,0
2020-07-28,0
2020-07-29,0
2020-07-30,0
2020-07-31,0
2020-08-01,0
2020-08-02,0
2020-08-03,0
2020-08-04,0
2020-08-05,0
2020-08-06,0
2020-08-07,0
2020-08-08,0
2020-08-09,0
2020-08-10,0
2020-08-11,0.001217292377701934
2020-08-12,0
2020-08-13,0
2020-08-14,0
2020-08-15,0
2020-08-16,1.5688168373151308
2020-08-17,0.610716723549488
2020-08-18,1.7022298065984072
2020-08-19,0
2020-08-20,0
2020-08-21,0
2020-08-22,0
2020-08-23,0
2020-08-24,0.009431171786120593
2020-08-25,0
2020-08-26,0
2020-08-27,0
2020-08-28,0
2020-08-29,0
2020-08-30,0
2020-08-31,0
2020-09-01,0
2020-09-02,0.03331058020477816
2020-09-03,0
2020-09-04,0
2020-09-05,0
2020-09-06,0
2020-09-07,0
2020-09-08,0
2020-09-09,0
2020-09-10,0
2020-09-11,0
2020-09-12,0
2020-09-13,0
2020-09-14,0
2020-09-15,0
2020-09-16,0.0048464163822525596
2020-09-17,0
2020-09-18,0
2020-09-19,0
2020-09-20,0
2020-09-21,0
2020-09-22,0
2020-09-23,0
2020-09-24,0
2020-09-25,0
2020-09-26,0
2020-09-27,0
2020-09-28,0
2020-09-29,0
2020-09-30,0
2020-10-01,0
2020-10-02,0
2020-10-03,0
2020-10-04,0
2020-10-05,0
2020-10-06,0
2020-10-07,0
2020-10-08,0
2020-10-09,0
2020-10-10,0
2020-10-11,0.14166097838452787
2020-10-12,0
2020-10-13,0
2020-10-14,0
2020-10-15,0
2020-10-16,0
2020-10-17,0
2020-10-18,0
2020-10-19,0
2020-10-20,0
2020-10-21,0
2020-10-22,0
2020-10-23,0
2020-10-24,0
2020-10-25,0.024573378839590446
2020-10-26,0
2020-10-27,0
2020-10-28,0
2020-10-29,0
2020-10-30,0
2020-10-31,0
2020-11-01,0
2020-11-02,0
2020-11-03,0
2020-11-04,0
2020-11-05,0
2020-11-06,0
2020-11-07,0.002969283276450512
2020-11-08,0
2020-11-09,0
2020-11-10,0
2020-11-11,0
2020-11-12,0
2020-11-13,0.2833105802047782
2020-11-14,10.93721274175199
2020-11-15,0
2020-11-16,0
2020-11-17,0.2166325369738339
2020-11-18,28.752150170648463
2020-11-19,1.2640386803185437
2020-11-20,0
2020-11-21,0
2020-11-22,0
2020-11-23,0
2020-11-24,0
2020-11-25,0
2020-11-26,0
2020-11-27,0
2020-11-28,0
2020-11-29,0
2020-11-30,0
2020-12-01,0
2020-12-02,0
2020-12-03,0
2020-12-04,0
2020-12-05,0
2020-12-06,0
2020-12-07,0
2020-12-08,0
2020-12-09,0
2020-12-10,0
2020-12-11,0
2020-12-12,11.392935153583618
2020-12-13,5.351797497155859
2020-12-14,9.73428896473265
2020-12-15,0
2020-12-16,1.3390102389078498
2020-12-17,16.2652787258248
2020-12-18,0.11515358361774744
2020-12-19,0
2020-12-20,0
2020-12-21,0
2020-12-22,0
2020-12-23,0
2020-12-24,0
2020-12-25,0
2020-12-26,19.45952218430034
2020-12-27,0.2606257110352673
2020-12-28,0
2020-12-29,0
2020-12-30,0
2020-12-31,4.834129692832764
2021-01-01,0.018395904436860067
2021-01-02,3.3575199089874856
2021-01-03,2.0222980659840726
2021-01-04,4.905858930602958
2021-01-05,15.861979522184301
2021-01-06,0.05650739476678043
2021-01-07,6.5915017064846415
2021-01-08,5.486871444823663
2021-01-09,1.3743117178612059
2021-01-10,0.008737201365187713
2021-01-11,0.5506484641638225
2021-01-12,0
2021-01-13,0.017565415244596132
2021-01-14,0.05792946530147895
2021-01-15,0
2021-01-16,0
2021-01-17,0.38368600682593856
2021-01-18,0
2021-01-19,0
2021-01-20,0
2021-01-21,0
2021-01-22,2.0103412969283276
2021-01-23,3.945745164960182
2021-01-24,0.39791808873720136
2021-01-25,3.8888737201365187
2021-01-26,1.971490329920364
2021-01-27,38.92038680318544
2021-01-28,14.660830489192264
2021-01-29,4.738316268486917
2021-01-30,0.05791808873720137
2021-01-31,1.2042889647326507
2021-02-01,0.1755858930602958
2021-02-02,20.399260523321956
2021-02-03,0.24905574516496018
2021-02-04,1.2636632536973833
2021-02-05,0
2021-02-06,0
2021-02-07,0
2021-02-08,0
2021-02-09,0.015119453924914676
2021-02-10,0
2021-02-11,0.22408418657565415
2021-02-12,17.300068259385665
2021-02-13,2.4342434584755406
2021-02-14,0.869613196814562
2021-02-15,4.351535836177474
2021-02-16,0.6843458475540387
2021-02-17,0
2021-02-18,0.008498293515358362
2021-02-19,4.048475540386804
2021-02-20,2.5831399317406145
2021-02-21,0.03449374288964733
2021-02-22,0
2021-02-23,0
2021-02-24,0
2021-02-25,0
2021-02-26,0
2021-02-27,0
2021-02-28,0
2021-03-01,0
2021-03-02,0
2021-03-03,0
2021-03-04,0
2021-03-05,0.04566552901023891
2021-03-06,8.514664391353811
2021-03-07,0
2021-03-08,0
2021-03-09,3.2556769055745165
2021-03-10,18.768941979522186
2021-03-11,4.2459499431171785
2021-03-12,0
2021-03-13,0
2021-03-14,0.18111490329920363
2021-03-15,11.07136518771331
2021-03-16,0
2021-03-17,0
2021-03-18,3.8239931740614335
2021-03-19,21.31027303754266
2021-03-20,0.23345847554038682
2021-03-21,0
2021-03-22,0
2021-03-23,0
2021-03-24,0
2021-03-25,0
2021-03-26,0
2021-03-27,0
2021-03-28,0
2021-03-29,0
2021-03-30,0
2021-03-31,0
2021-04-01,0
2021-04-02,0
2021-04-03,0
2021-04-04,0
2021-04-05,0
2021-04-06,0
2021-04-07,0.01839590443686007
2021-04-08,0
2021-04-09,0
2021-04-10,0
2021-04-11,0
2021-04-12,0
2021-04-13,0
2021-04-14,0
2021-04-15,0
2021-04-16,0
2021-04-17,0
2021-04-18,0
2021-04-19,0
2021-04-20,0
2021-04-21,0
2021-04-22,0
2021-04-23,0
2021-04-24,0.008498293515358362
2021-04-25,0.05116040955631399
2021-04-26,2.935494880546075
2021-04-27,0.08860068259385666
2021-04-28,0
2021-04-29,0
2021-04-30,0
2021-05-01,0
2021-05-02,0
2021-05-03,0
2021-05-04,0
2021-05-05,0
2021-05-06,0
2021-05-07,0
2021-05-08,0
2021-05-09,0
2021-05-10,0
2021-05-11,0
2021-05-12,0
2021-05-13,0
2021-05-14,0
2021-05-15,0
2021-05-16,0
2021-05-17,0
2021-05-18,0
2021-05-19,0
2021-05-20,0
2021-05-21,0.024232081911262797
2021-05-22,0
2021-05-23,0
2021-05-24,0
2021-05-25,0
2021-05-26,0
2021-05-27,0
2021-05-28,0
2021-05-29,0
2021-05-30,0
2021-05-31,0
2021-06-01,0
2021-06-02,0
2021-06-03,0
2021-06-04,0
2021-06-05,0
2021-06-06,0
2021-06-07,0
2021-06-08,0
2021-06-09,0
2021-06-10,0
2021-06-11,0
2021-06-12,0
2021-06-13,0
2021-06-14,0.0014675767918088738
2021-06-15,0
2021-06-16,0
2021-06-17,0
2021-06-18,0
2021-06-19,0
2021-06-20,0
2021-06-21,0
2021-06-22,0
2021-06-23,0
2021-06-24,0
2021-06-25,0
2021-06-26,0
2021-06-27,0
2021-06-28,0
2021-06-29,0
2021-06-30,0
2021-07-01,0
2021-07-02,0
2021-07-03,0
2021-07-04,0.010784982935153583
2021-07-05,0
2021-07-06,0
2021-07-07,0
2021-07-08,0
2021-07-09,0
2021-07-10,0
2021-07-11,0
2021-07-12,0
2021-07-13,0
2021-07-14,0
2021-07-15,0
2021-07-16,0
2021-07-17,0
2021-07-18,0
2021-07-19,0
2021-07-20,0
2021-07-21,0
2021-07-22,0
2021-07-23,0
2021-07-24,0
2021-07-25,0
2021-07-26,0
2021-07-27,0
2021-07-28,0
2021-07-29,0
2021-07-30,0
2021-07-31,0
2021-08-01,0
2021-08-02,0
2021-08-03,0
2021-08-04,0
2021-08-05,0
2021-08-06,0
2021-08-07,0
2021-08-08,0
2021-08-09,0
2021-08-10,0
2021-08-11,0
2021-08-12,0
2021-08-13,0
2021-08-14,0
2021-08-15,0
2021-08-16,0
2021-08-17,0
2021-08-18,0
2021-08-19,0
2021-08-20,0
2021-08-21,0.0804778156996587
2021-08-22,0
2021-08-23,9.328782707622297e-4
2021-08-24,0.0032309442548350397
2021-08-25,0
2021-08-26,0
2021-08-27,0
2021-08-28,0
2021-08-29,0
2021-08-30,0
2021-08-31,0
2021-09-01,0
2021-09-02,0
2021-09-03,0
2021-09-04,0
2021-09-05,0
2021-09-06,0
2021-09-07,0
2021-09-08,0
2021-09-09,0
2021-09-10,2.1451877133105803
2021-09-11,0
2021-09-12,0
2021-09-13,0
2021-09-14,0
2021-09-15,0
2021-09-16,0.002536973833902162
2021-09-17,0
2021-09-18,0.12534698521046644
2021-09-19,3.99613196814562
2021-09-20,0
2021-09-21,0
2021-09-22,0
2021-09-23,0
2021-09-24,0
2021-09-25,0
2021-09-26,0
2021-09-27,0
2021-09-28,0.9358703071672355
2021-09-29,0
2021-09-30,0
2021-10-01,0
2021-10-02,0
2021-10-03,0
2021-10-04,0
2021-10-05,0
2021-10-06,0
2021-10-07,0
2021-10-08,0
2021-10-09,0
2021-10-10,0
2021-10-11,0
2021-10-12,0
2021-10-13,0
2021-10-14,0
2021-10-15,0
2021-10-16,0
2021-10-17,0.05526734926052332
2021-10-18,3.981456200227531
2021-10-19,0.4560523321956769
2021-10-20,18.237724687144482
2021-10-21,12.058475540386803
2021-10-22,38.25386803185438
2021-10-23,5.6621387940841865
2021-10-24,95.25624573378839
2021-10-25,146.1434470989761
2021-10-26,1.8255745164960182
2021-10-27,4.989897610921502
2021-10-28,0.004425483503981797
2021-10-29,0
2021-10-30,0.04718998862343572
2021-10-31,3.8734357224118314
2021-11-01,2.8882707622298067
2021-11-02,14.319374288964733
2021-11-03,0.05002275312855518
2021-11-04,8.291615472127418
2021-11-05,0.01348122866894198
2021-11-06,0
2021-11-07,0.46408418657565415
2021-11-08,0.8071331058020478
2021-11-09,37.95327645051194
2021-11-10,4.513731513083049
2021-11-11,0.04533560864618885
2021-11-12,0
2021-11-13,0.014744027303754266
2021-11-14,0
2021-11-15,0
2021-11-16,0.040580204778157
2021-11-17,0
2021-11-18,0
2021-11-19,1.161023890784983
2021-11-20,1.7852787258248008
2021-11-21,0
2021-11-22,0
2021-11-23,0
2021-11-24,0
2021-11-25,0
2021-11-26,0
2021-11-27,0
2021-11-28,0
2021-11-29,0
2021-11-30,0
2021-12-01,0.004129692832764505
2021-12-02,0
2021-12-03,0.15304891922639363
2021-12-04,0.06043230944254835
2021-12-05,0
2021-12-06,0.0059840728100113766
2021-12-07,0.9797497155858931
2021-12-08,0.41716723549488055
2021-12-09,0.5261547212741752
2021-12-10,0
2021-12-11,0
2021-12-12,14.945779294653015
2021-12-13,36.264368600682594
2021-12-14,29.610022753128554
2021-12-15,0.41055745164960183
2021-12-16,31.333094425483505
2021-12-17,0.18440273037542662
2021-12-18,0
2021-12-19,0
2021-12-20,0
2021-12-21,0
2021-12-22,16.875779294653015
2021-12-23,32.89207053469852
2021-12-24,15.18622298065984
2021-12-25,9.321820250284414
2021-12-26,12.57118316268487
2021-12-27,11.986837315130831
2021-12-28,1.9400910125142208
2021-12-29,7.729408418657566
2021-12-30,1.2718657565415246
2021-12-31,0
2022-01-01,0
2022-01-02,0
2022-01-03,0.42541524459613195
2022-01-04,13.91967007963595
2022-01-05,1.1132081911262799
2022-01-06,0.07969283276450512
2022-01-07,2.2436291240045505
2022-01-08,3.141103526734926
2022-01-09,0
2022-01-10,0.00434584755403868
2022-01-11,0
2022-01-12,0
2022-01-13,0
2022-01-14,0
2022-01-15,0
2022-01-16,0
2022-01-17,0
2022-01-18,0
2022-01-19,0.03887372013651877
2022-01-20,0
2022-01-21,0
2022-01-22,0
2022-01-23,0
2022-01-24,0
2022-01-25,0
2022-01-26,0
2022-01-27,0
2022-01-28,0
2022-01-29,0
2022-01-30,0
2022-01-31,0
2022-02-01,0
2022-02-02,0
2022-02-03,0
2022-02-04,0
2022-02-05,0
2022-02-06,0
2022-02-07,0.005847554038680318
2022-02-08,0
2022-02-09,0
2022-02-10,0
2022-02-11,0
2022-02-12,0
2022-02-13,0
2022-02-14,0
2022-02-15,0
2022-02-16,0
2022-02-17,0
2022-02-18,0
2022-02-19,0
2022-02-20,0
2022-02-21,0
2022-02-22,0.002832764505119454
2022-02-23,0.5747440273037543
2022-02-24,0
2022-02-25,0
2022-02-26,0
2022-02-27,0
2022-02-28,0
2022-03-01,0
2022-03-02,0
2022-03-03,0.8587030716723549
2022-03-04,3.366632536973834
2022-03-05,0.001626848691695108
2022-03-06,0
2022-03-07,0
2022-03-08,0
2022-03-09,0
2022-03-10,0
2022-03-11,0
2022-03-12,0.0034698521046643916
2022-03-13,0.9162002275312856
2022-03-14,0.017303754266211606
2022-03-15,8.374106939704209
2022-03-16,0.1988282138794084
2022-03-17,0
2022-03-18,0
2022-03-19,6.484641638225256e-4
2022-03-20,0.19408418657565416
2022-03-21,0
2022-03-22,0
2022-03-23,0
2022-03-24,0
2022-03-25,0.0015358361774744029
2022-03-26,0
2022-03-27,0.37005688282138793
2022-03-28,20.315506257110354
2022-03-29,5.988805460750854
2022-03-30,0
2022-03-31,0
2022-04-01,0
2022-04-02,0
2022-04-03,0
2022-04-04,0
2022-04-05,0
2022-04-06,0
2022-04-07,0
2022-04-08,0
2022-04-09,0
2022-04-10,0
2022-04-11,0.6940955631399317
2022-04-12,0.644641638225256
2022-04-13,0.10822525597269625
2022-04-14,4.493754266211604
2022-04-15,14.074721274175198
2022-04-16,20.31428896473265
2022-04-17,4.272866894197953
2022-04-18,0.1336518771331058
2022-04-19,4.734118316268487
2022-04-20,0.2582480091012514
2022-04-21,12.387303754266211
2022-04-22,5.726587030716724
2022-04-23,0.23898748577929466
2022-04-24,0
2022-04-25,0
2022-04-26,0
2022-04-27,0
2022-04-28,0
2022-04-29,0
2022-04-30,0
2022-05-01,0
2022-05-02,0
2022-05-03,0
2022-05-04,0
2022-05-05,0
2022-05-06,0.043253697383390216
2022-05-07,0.24091012514220705
2022-05-08,0
2022-05-09,0.8392605233219568
2022-05-10,1.1024914675767918
2022-05-11,3.33872582480091
2022-05-12,0.20993174061433448
2022-05-13,0
2022-05-14,0
2022-05-15,0
2022-05-16,0
2022-05-17,0
2022-05-18,0
2022-05-19,0
2022-05-20,0
2022-05-21,0
2022-05-22,0
2022-05-23,0
2022-05-24,0
2022-05-25,0
2022-05-26,0
2022-05-27,0
2022-05-28,0
2022-05-29,0
2022-05-30,0
2022-05-31,0
2022-06-01,0
2022-06-02,0
2022-06-03,0
2022-06-04,0.07805460750853242
2022-06-05,15.202138794084187
2022-06-06,4.261547212741752
2022-06-07,0.0021274175199089878
2022-06-08,0
2022-06-09,0
2022-06-10,0
2022-06-11,0
2022-06-12,0
2022-06-13,0
2022-06-14,0
2022-06-15,0
2022-06-16,0
2022-06-17,0
2022-06-18,0.08043230944254835
2022-06-19,0
2022-06-20,0
2022-06-21,0
2022-06-22,0
2022-06-23,0
2022-06-24,0
2022-06-25,0
2022-06-26,0
2022-06-27,0
2022-06-28,0
2022-06-29,0
2022-06-30,0
2022-07-01,0
2022-07-02,0
2022-07-03,0
2022-07-04,0
2022-07-05,8.873720136518771e-4
2022-07-06,0.011956769055745164
2022-07-07,0
2022-07-08,0
2022-07-09,0
2022-07-10,0
2022-07-11,0
2022-07-12,0
2022-07-13,0
2022-07-14,0
2022-07-15,0
2022-07-16,0
2022-07-17,0
2022-07-18,0
2022-07-19,0
2022-07-20,0
2022-07-21,0
2022-07-22,0
2022-07-23,0
2022-07-24,0
2022-07-25,0
2022-07-26,0
2022-07-27,0.04523321956769056
2022-07-28,0
2022-07-29,0
2022-07-30,0
2022-07-31,0
2022-08-01,0
2022-08-02,0.38771331058020475
2022-08-03,0
2022-08-04,0
2022-08-05,0.001558589306029579
2022-08-06,0
2022-08-07,0
2022-08-08,0
2022-08-09,0
2022-08-10,0
2022-08-11,0
2022-08-12,0
2022-08-13,0
2022-08-14,0
2022-08-15,0
2022-08-16,0
2022-08-17,0
2022-08-18,0
2022-08-19,0
2022-08-20,0
2022-08-21,0
2022-08-22,0
2022-08-23,0
2022-08-24,0
2022-08-25,0
2022-08-26,0
2022-08-27,0
2022-08-28,0
2022-08-29,0
2022-08-30,0
2022-08-31,0
2022-09-01,0
2022-09-02,0
2022-09-03,0
2022-09-04,0
2022-09-05,0
2022-09-06,0
2022-09-07,0
2022-09-08,0
2022-09-09,0
2022-09-10,0
2022-09-11,0
2022-09-12,0
2022-09-13,0
2022-09-14,0
2022-09-15,0
2022-09-16,0
2022-09-17,0
2022-09-18,6.134778156996587
2022-09-19,20.670648464163822
2022-09-20,0.010182025028441411
2022-09-21,1.0192150170648464
2022-09-22,0
2022-09-23,0
2022-09-24,0
2022-09-25,0
2022-09-26,0
2022-09-27,0
2022-09-28,0
2022-09-29,0
2022-09-30,0
2022-10-01,0
2022-10-02,0
2022-10-03,0
2022-10-04,0
2022-10-05,0
2022-10-06,0
2022-10-07,0
2022-10-08,0
2022-10-09,0
2022-10-10,0
2022-10-11,0
2022-10-12,0
2022-10-13,0
2022-10-14,0
2022-10-15,0.04911262798634812
2022-10-16,0
2022-10-17,0
2022-10-18,0
2022-10-19,0
2022-10-20,0
2022-10-21,0
2022-10-22,0
2022-10-23,0
2022-10-24,0
2022-10-25,0
2022-10-26,0
2022-10-27,0
2022-10-28,0
2022-10-29,0
2022-10-30,0
2022-10-31,0
2022-11-01,1.0628100113765644
2022-11-02,4.039772468714448
2022-11-03,0.6766439135381115
2022-11-04,0
2022-11-05,0.28055745164960183
2022-11-06,2.3260637087599543
2022-11-07,7.874027303754266
2022-11-08,23.02645051194539
2022-11-09,8.57037542662116
2022-11-10,0
2022-11-11,0
2022-11-12,0.10889647326507394
2022-11-13,0
2022-11-14,0
2022-11-15,0
2022-11-16,0
2022-11-17,0
2022-11-18,0
2022-11-19,0
2022-11-20,0
2022-11-21,0
2022-11-22,0
2022-11-23,0
2022-11-24,0
2022-11-25,0
2022-11-26,0
2022-11-27,0
2022-11-28,0
2022-11-29,0
2022-11-30,0
2022-12-01,16.171968145620024
2022-12-02,9.195153583617747
2022-12-03,0.2621160409556314
2022-12-04,8.614596131968145
2022-12-05,17.123947667804323
2022-12-06,15.317940841865756
2022-12-07,1.0779180887372013
2022-12-08,0.03118316268486917
2022-12-09,7.893924914675768
2022-12-10,9.227554038680319
2022-12-11,29.525676905574517
2022-12-12,12.531808873720136
2022-12-13,0
2022-12-14,0
2022-12-15,0
2022-12-16,0
2022-12-17,0
2022-12-18,0
2022-12-19,0.0036860068259385666
2022-12-20,0
2022-12-21,0.008225255972696245
2022-12-22,0.016746302616609785
2022-12-23,0.18465301478953355
2022-12-24,0
2022-12-25,0
2022-12-26,0.2849260523321957
2022-12-27,71.18508532423208
2022-12-28,5.16613196814562
2022-12-29,8.149374288964733
2022-12-30,19.24513083048919
2022-12-31,35.335199089874855
2023-01-01,14.560136518771332
2023-01-02,0.1468145620022753
2023-01-03,11.341945392491468
2023-01-04,10.36623435722412
2023-01-05,49.118316268486915
2023-01-06,20.18651877133106
2023-01-07,5.965927189988624
2023-01-08,39.918759954493744
2023-01-09,55.79959044368601
2023-01-10,18.440841865756543
2023-01-11,15.791808873720136
2023-01-12,26.26509670079636
2023-01-13,4.61032992036405
2023-01-14,45.29657565415245
2023-01-15,24.30052332195677
2023-01-16,13.224698521046644
2023-01-17,0.010671217292377702
2023-01-18,0.04036405005688282
2023-01-19,7.465824800910125
2023-01-20,0
2023-01-21,0
2023-01-22,0
2023-01-23,0
2023-01-24,0
2023-01-25,0
2023-01-26,0
2023-01-27,0
2023-01-28,0
2023-01-29,0
2023-01-30,0.0013424345847554038
2023-01-31,0
2023-02-01,0
2023-02-02,0
2023-02-03,16.309510807736064
2023-02-04,1.8533105802047782
2023-02-05,14.244653014789533
2023-02-06,4.520250284414107
2023-02-07,0
2023-02-08,0
2023-02-09,0
2023-02-10,0.013048919226393629
2023-02-11,1.775665529010239
2023-02-12,0
2023-02-13,0
2023-02-14,0
2023-02-15,0
2023-02-16,0
2023-02-17,0
2023-02-18,0
2023-02-19,0
2023-02-20,0
2023-02-21,0
2023-02-22,0.008441410693970421
2023-02-23,0.19339021615472127
2023-02-24,31.65985210466439
2023-02-25,7.037349260523322
2023-02-26,2.1941865756541525
2023-02-27,9.213299203640501
2023-02-28,19.734038680318545
2023-03-01,13.322844141069398
2023-03-02,0
2023-03-03,0
2023-03-04,0.03312855517633675
2023-03-05,18.980477815699658
2023-03-06,7.734038680318544
2023-03-07,4.2719908987485775
2023-03-08,10.449590443686008
2023-03-09,0.7925483503981797
2023-03-10,90.04194539249147
2023-03-11,0.7428555176336746
2023-03-12,16.797633674630262
2023-03-13,17.469795221843004
2023-03-14,20.18873720136519
2023-03-15,27.417610921501705
2023-03-16,0
2023-03-17,0
2023-03-18,0
2023-03-19,14.666689419795222
2023-03-20,7.806655290102389
2023-03-21,1.2436405005688282
2023-03-22,46.19419795221843
2023-03-23,1.6620136518771331
2023-03-24,0.028862343572241184
2023-03-25,0
2023-03-26,0
2023-03-27,0.04786120591581342
2023-03-28,8.858031854379977
2023-03-29,35.47220705346985
2023-03-30,6.646496018202503
2023-03-31,3.7542662116040956e-4
2023-04-01,0
2023-04-02,0.21034129692832765
2023-04-03,0
2023-04-04,0
2023-04-05,0
2023-04-06,0
2023-04-07,9.429453924914675
2023-04-08,5.864971558589306
2023-04-09,0
2023-04-10,0
2023-04-11,0
2023-04-12,0
2023-04-13,0
2023-04-14,0
2023-04-15,0
2023-04-16,0
2023-04-17,0.011444823663253698
2023-04-18,2.4655176336746303
2023-04-19,0
2023-04-20,0
2023-04-21,0
2023-04-22,0
2023-04-23,0
2023-04-24,0
2023-04-25,0
2023-04-26,0
2023-04-27,0
2023-04-28,0
2023-04-29,0
2023-04-30,0
2023-05-01,0
2023-05-02,4.713242320819113
2023-05-03,7.113128555176337
2023-05-04,2.4056996587030715
2023-05-05,0.5999203640500569
2023-05-06,8.347337883959044
2023-05-07,3.4194880546075086
2023-05-08,2.85547212741752
2023-05-09,0.7764050056882822
2023-05-10,0
2023-05-11,0
2023-05-12,0
2023-05-13,0
2023-05-14,0
2023-05-15,0
2023-05-16,0
2023-05-17,0
2023-05-18,0
2023-05-19,0
2023-05-20,0
2023-05-21,0
2023-05-22,0
2023-05-23,0
2023-05-24,0
2023-05-25,0
2023-05-26,0.009715585893060296
2023-05-27,0.15263936291240046
2023-05-28,0
2023-05-29,0.10392491467576792
2023-05-30,0
2023-05-31,0
2023-06-01,0
2023-06-02,0
2023-06-03,0
2023-06-04,0
2023-06-05,0
2023-06-06,0.0372127417519909
2023-06-07,0.4684982935153584
2023-06-08,0
2023-06-09,0
2023-06-10,0
2023-06-11,0
2023-06-12,0.035210466439135384
2023-06-13,0
2023-06-14,0
2023-06-15,0
2023-06-16,0
2023-06-17,0
2023-06-18,0
2023-06-19,0
2023-06-20,0
2023-06-21,0
2023-06-22,0
2023-06-23,0
2023-06-24,0
2023-06-25,0
2023-06-26,0
2023-06-27,0
2023-06-28,0
2023-06-29,0
2023-06-30,0
2023-07-01,0
2023-07-02,0
2023-07-03,0
2023-07-04,0
2023-07-05,0
2023-07-06,0
2023-07-07,0
2023-07-08,0
2023-07-09,0
2023-07-10,0
2023-07-11,0
2023-07-12,0
2023-07-13,0
2023-07-14,0
2023-07-15,0
2023-07-16,0
2023-07-17,0
2023-07-18,0
2023-07-19,0
2023-07-20,0
2023-07-21,0
2023-07-22,0
2023-07-23,0
2023-07-24,0
2023-07-25,0
2023-07-26,0
2023-07-27,0
2023-07-28,0
2023-07-29,0
2023-07-30,0
2023-07-31,0
2023-08-01,0
2023-08-02,0
2023-08-03,0
2023-08-04,0
2023-08-05,0
2023-08-06,0
2023-08-07,0
2023-08-08,0
2023-08-09,0
2023-08-10,0
2023-08-11,0
2023-08-12,0
2023-08-13,0
2023-08-14,0
2023-08-15,0
2023-08-16,0
2023-08-17,0
2023-08-18,0.11550625711035267
2023-08-19,0.004869169510807736
2023-08-20,0
2023-08-21,0
2023-08-22,0.055688282138794086
2023-08-23,0
2023-08-24,0
2023-08-25,0
2023-08-26,0
2023-08-27,0
2023-08-28,0
2023-08-29,0
2023-08-30,0
2023-08-31,0
2023-09-01,0
2023-09-02,0.05572241183162685
2023-09-03,0.28496018202502843
2023-09-04,0
2023-09-05,0
2023-09-06,0
2023-09-07,0
2023-09-08,0
2023-09-09,0
2023-09-10,0
2023-09-11,0
2023-09-12,0
2023-09-13,0
2023-09-14,0
2023-09-15,0.013879408418657566
2023-09-16,0
2023-09-17,0
2023-09-18,0
2023-09-19,0
2023-09-20,0
2023-09-21,0
2023-09-22,0
2023-09-23,0
2023-09-24,0
2023-09-25,0.023572241183162684
2023-09-26,5.010580204778157
2023-09-27,0.06808873720136518
2023-09-28,0
2023-09-29,0
2023-09-30,0
2023-10-01,2.9802502844141068
2023-10-02,0
2023-10-03,0
2023-10-04,0
2023-10-05,0
2023-10-06,0
2023-10-07,0
2023-10-08,0
2023-10-09,0.022514220705346984
2023-10-10,1.7060978384527872
2023-10-11,1.963811149032992
2023-10-12,0
2023-10-13,0
2023-10-14,0.05283276450511946
2023-10-15,0.20929465301478953
2023-10-16,0
2023-10-17,0
2023-10-18,0
2023-10-19,0
2023-10-20,0
2023-10-21,0
2023-10-22,2.513481228668942
2023-10-23,11.380921501706485
2023-10-24,0
2023-10-25,0
2023-10-26,0.0020136518771331057
2023-10-27,0
2023-10-28,0
2023-10-29,0
2023-10-30,0
2023-10-31,0
2023-11-01,0
2023-11-02,0
2023-11-03,0
2023-11-04,0
2023-11-05,1.1479522184300341
2023-11-06,11.084232081911264
2023-11-07,1.045051194539249
2023-11-08,0
2023-11-09,0
2023-11-10,0
2023-11-11,0
2023-11-12,0
2023-11-13,0
2023-11-14,3.022491467576792
2023-11-15,2.0170193401592718
2023-11-16,0.20448236632536973
2023-11-17,0.8895221843003412
2023-11-18,39.155767918088735
2023-11-19,11.115506257110352
2023-11-20,0.014869169510807736
2023-11-21,0
2023-11-22,0
2023-11-23,0
2023-11-24,0
2023-11-25,0
2023-11-26,0
2023-11-27,0
2023-11-28,0
2023-11-29,4.345858930602958
2023-11-30,0.031092150170648463
2023-12-01,0.011205915813424346
2023-12-02,3.535551763367463
2023-12-03,2.176291240045506
2023-12-04,1.5908077360637087
2023-12-05,0.00565415244596132
2023-12-06,0
2023-12-07,9.75782707622298
2023-12-08,4.11037542662116
2023-12-09,0
2023-12-10,0
2023-12-11,0
2023-12-12,0.016507394766780432
2023-12-13,0.0017178612059158135
2023-12-14,0
2023-12-15,0
2023-12-16,0
2023-12-17,0
2023-12-18,20.40254835039818
2023-12-19,34.870932878270764
2023-12-20,27.486257110352675
2023-12-21,8.959874857792947
2023-12-22,0
2023-12-23,0
2023-12-24,0
2023-12-25,0
2023-12-26,0
2023-12-27,0
2023-12-28,22.65650739476678
2023-12-29,3.4152673492605232
2023-12-30,34.84364050056883
2023-12-31,1.4457565415244595
2024-01-01,0
2024-01-02,0
2024-01-03,24.726871444823665
2024-01-04,0.09861205915813424
2024-01-05,0
2024-01-06,0
2024-01-07,6.322662116040956
2024-01-08,0
2024-01-09,1.4089078498293515
2024-01-10,3.651820250284414
2024-01-11,1.0583845278725825
2024-01-12,0
2024-01-13,1.7309215017064847
2024-01-14,28.286382252559726
2024-01-15,0
2024-01-16,0
2024-01-17,10.455881683731514
2024-01-18,0.012241183162684868
2024-01-19,0
2024-01-20,18.28656427758817
2024-01-21,17.04310580204778
2024-01-22,48.208612059158135
2024-01-23,3.105255972696246
2024-01-24,6.978930602957907
2024-01-25,7.188828213879408
2024-01-26,0
2024-01-27,0
2024-01-28,0
2024-01-29,0
2024-01-30,0
2024-01-31,0.3113765642775882
2024-02-01,56.11485779294653
2024-02-02,9.962912400455062
2024-02-03,2.6954607508532424
2024-02-04,19.964607508532424
2024-02-05,44.27494880546075
2024-02-06,4.831979522184301
2024-02-07,0.1640386803185438
2024-02-08,7.12070534698521
2024-02-09,0
2024-02-10,0
2024-02-11,0
2024-02-12,0
2024-02-13,0
2024-02-14,0.31569965870307165
2024-02-15,16.7971558589306
2024-02-16,0.1174061433447099
2024-02-17,0.8090216154721274
2024-02-18,35.73349260523322
2024-02-19,40.13707622298066
2024-02-20,30.569180887372013
2024-02-21,12.631433447098976
2024-02-22,3.5949032992036405
2024-02-23,0
2024-02-24,0
2024-02-25,0
2024-02-26,0.04914675767918089
2024-02-27,0.11688282138794084
2024-02-28,0
2024-02-29,1.1993287827076222
2024-03-01,15.808623435722412
2024-03-02,19.707201365187714
2024-03-03,11.796245733788396
2024-03-04,2.523560864618885
2024-03-05,7.028464163822526
2024-03-06,3.981080773606371
2024-03-07,0.8961092150170649
2024-03-08,0.013071672354948806
2024-03-09,0
2024-03-10,0.7367349260523322
2024-03-11,9.713083048919227
2024-03-12,5.798680318543799
2024-03-13,0.8494425483503982
2024-03-14,0
2024-03-15,0
2024-03-16,0
2024-03-17,0
2024-03-18,0
2024-03-19,0
2024-03-20,0
2024-03-21,0
2024-03-22,0
2024-03-23,21.633083048919225
2024-03-24,7.216769055745165
2024-03-25,0
2024-03-26,0
2024-03-27,0
2024-03-28,18.263401592719
2024-03-29,1.5613879408418658
2024-03-30,24.60117178612059
2024-03-31,0.5972810011376565
2024-04-01,0.08848691695108077
2024-04-02,0
2024-04-03,0
2024-04-04,2.89839590443686
2024-04-05,5.644141069397042
2024-04-06,0.033196814562002276
2024-04-07,0
2024-04-08,0
2024-04-09,0
2024-04-10,0
2024-04-11,0
2024-04-12,0
2024-04-13,15.312525597269625
2024-04-14,3.7549601820250285
2024-04-15,0.11548350398179749
2024-04-16,0
2024-04-17,0
2024-04-18,0
2024-04-19,0
2024-04-20,0
2024-04-21,0
2024-04-22,0
2024-04-23,0
2024-04-24,0
2024-04-25,0
2024-04-26,0.0078839590443686
2024-04-27,0
2024-04-28,0
2024-04-29,0
2024-04-30,0
2024-05-01,0
2024-05-02,0
2024-05-03,0
2024-05-04,9.969021615472128
2024-05-05,18.415449374288965
2024-05-06,0
2024-05-07,0
2024-05-08,0
2024-05-09,0
2024-05-10,0
2024-05-11,0
2024-05-12,0
2024-05-13,0
2024-05-14,0
2024-05-15,0
2024-05-16,0
2024-05-17,0.014550625711035268
2024-05-18,0
2024-05-19,0
2024-05-20,0
2024-05-21,0
2024-05-22,0
2024-05-23,0
2024-05-24,0
2024-05-25,0
2024-05-26,0
2024-05-27,0
2024-05-28,0
2024-05-29,0
2024-05-30,0
2024-05-31,0
2024-06-01,0
2024-06-02,0
2024-06-03,0
2024-06-04,0
2024-06-05,0
2024-06-06,0
2024-06-07,0
2024-06-08,0
2024-06-09,0
2024-06-10,0
2024-06-11,0
2024-06-12,0
2024-06-13,0
2024-06-14,0
2024-06-15,0
2024-06-16,0
2024-06-17,0
2024-06-18,0
2024-06-19,0
2024-06-20,0
2024-06-21,0
2024-06-22,0
2024-06-23,0
2024-06-24,0
2024-06-25,0
2024-06-26,0
2024-06-27,0
2024-06-28,0
2024-06-29,0
2024-06-30,0
2024-07-01,0
2024-07-02,0
2024-07-03,0
2024-07-04,0
2024-07-05,0
2024-07-06,0
2024-07-07,0
2024-07-08,0
2024-07-09,0
2024-07-10,0
2024-07-11,0
2024-07-12,0
2024-07-13,0
2024-07-14,0
2024-07-15,0
2024-07-16,0
2024-07-17,0
2024-07-18,0
2024-07-19,0
2024-07-20,0
2024-07-21,0
2024-07-22,0
2024-07-23,0
2024-07-24,0
2024-07-25,0
2024-07-26,0
2024-07-27,0
2024-07-28,0
2024-07-29,0
2024-07-30,0
2024-07-31,0
2024-08-01,0
2024-08-02,0
2024-08-03,0
2024-08-04,0
2024-08-05,0
2024-08-06,0
2024-08-07,0
2024-08-08,0
2024-08-09,0
2024-08-10,0
2024-08-11,0
2024-08-12,0
2024-08-13,0
2024-08-14,0
2024-08-15,0
2024-08-16,0
2024-08-17,0
2024-08-18,0.007963594994311717
2024-08-19,0
2024-08-20,0
2024-08-21,0
2024-08-22,0
2024-08-23,0
2024-08-24,0.6867235494880546
2024-08-25,0.08766780432309443
2024-08-26,0
2024-08-27,0
2024-08-28,0
2024-08-29,0
2024-08-30,0
2024-08-31,0
2024-09-01,0
2024-09-02,0
2024-09-03,0
2024-09-04,0
2024-09-05,0
2024-09-06,0
2024-09-07,0
2024-09-08,0
2024-09-09,0
2024-09-10,0
2024-09-11,0
2024-09-12,0
2024-09-13,0
2024-09-14,0
2024-09-15,0
2024-09-16,0
2024-09-17,0
2024-09-18,0
2024-09-19,0
2024-09-20,0
2024-09-21,0
2024-09-22,0
2024-09-23,0
2024-09-24,0
2024-09-25,0
2024-09-26,0
2024-09-27,0
2024-09-28,0
2024-09-29,0
2024-09-30,0
2024-10-01,0
2024-10-02,0
2024-10-03,0
2024-10-04,0
2024-10-05,0
2024-10-06,0
2024-10-07,0
2024-10-08,0
2024-10-09,0
2024-10-10,0
2024-10-11,0
2024-10-12,0.07417519908987485
2024-10-13,4.3837997724687146
2024-10-14,0
2024-10-15,0
2024-10-16,0
2024-10-17,0
2024-10-18,0
2024-10-19,0
2024-10-20,0
2024-10-21,0
2024-10-22,0
2024-10-23,0
2024-10-24,0
2024-10-25,0
2024-10-26,0
2024-10-27,0.030204778156996587
2024-10-28,0.8449943117178612
2024-10-29,0.5699317406143345
2024-10-30,0
2024-10-31,6.009738339021616
2024-11-01,0
2024-11-02,12.796530147895336
2024-11-03,0
2024-11-04,0
2024-11-05,0
2024-11-06,0
2024-11-07,0
2024-11-08,0
2024-11-09,0
2024-11-10,0
2024-11-11,4.795062571103527
2024-11-12,12.93179749715586
2024-11-13,0
2024-11-14,9.795574516496018
2024-11-15,3.728589306029579
2024-11-16,0
2024-11-17,0
2024-11-18,0.9468600682593856
2024-11-19,0
2024-11-20,10.421877133105802
2024-11-21,159.98374288964732
2024-11-22,110.10788395904437
2024-11-23,62.21557451649602
2024-11-24,3.9387940841865756
2024-11-25,2.139840728100114
2024-11-26,9.978668941979523
2024-11-27,0.013447098976109215
2024-11-28,0.0017519908987485779
2024-11-29,0
2024-11-30,6.484641638225256e-4
2024-12-01,0.001217292377701934
2024-12-02,0.11073947667804324
2024-12-03,0
2024-12-04,0
2024-12-05,0
2024-12-06,0
2024-12-07,0
2024-12-08,0
2024-12-09,0
2024-12-10,0
2024-12-11,0
2024-12-12,25.758043230944256
2024-12-13,7.319795221843004
2024-12-14,64.39814562002276
2024-12-15,9.366291240045506
2024-12-16,12.160864618885096
2024-12-17,17.352286689419795
2024-12-18,9.101251422070536e-4
2024-12-19,0.003651877133105802
2024-12-20,0.04904436860068259
2024-12-21,3.4502957906712175
2024-12-22,9.906393629124004
2024-12-23,12.914971558589306
2024-12-24,17.0320819112628
2024-12-25,5.229476678043231
2024-12-26,6.831433447098976
2024-12-27,31.053754266211605
2024-12-28,4.394982935153584
2024-12-29,16.655153583617746
2024-12-30,7.841251422070535
2024-12-31,0.01391353811149033
